Timestamp,Direction,Course Name,Date,Origin Departure,Segment,Node Origin,Node Target,Departure Time,Price (PLN),Free Seats,Onboard Passengers,Vehicle Capacity,Node Exchange Delta,Est Revenue (PLN)
2026-09-01 09:57:34,Sanok ➔ Wrocław,Poranny II (06:35),01.09.2026,06:35,Sanok ➔ Niebylec,Sanok,Niebylec,06:35,0.00,B/D,B/D,65,Start trasy,0.00
2026-09-01 09:57:34,Sanok ➔ Wrocław,Poranny II (06:35),01.09.2026,06:35,Niebylec ➔ Rzeszów,Niebylec,Rzeszów,07:40,0.00,B/D,B/D,65,Start trasy,0.00
2026-09-01 09:57:34,Sanok ➔ Wrocław,Poranny II (06:35),01.09.2026,06:35,Rzeszów ➔ Kraków MDA,Rzeszów,Kraków MDA,08:40,0.00,B/D,B/D,65,Start trasy,0.00
2026-09-01 09:57:34,Sanok ➔ Wrocław,Poranny II (06:35),01.09.2026,06:35,Kraków MDA ➔ Balice,Kraków MDA,Balice,10:55,0.00,B/D,B/D,65,Start trasy,0.00
2026-09-01 09:57:34,Sanok ➔ Wrocław,Poranny II (06:35),01.09.2026,06:35,Balice ➔ Katowice,Balice,Katowice,11:30,0.00,B/D,B/D,65,Start trasy,0.00
2026-09-01 09:57:34,Sanok ➔ Wrocław,Poranny II (06:35),01.09.2026,06:35,Katowice ➔ Gliwice,Katowice,Gliwice,12:30,18.90,59,6,65,Start trasy,113.40
2026-09-01 09:57:34,Sanok ➔ Wrocław,Poranny II (06:35),01.09.2026,06:35,Gliwice ➔ Wrocław,Gliwice,Wrocław,13:00,34.45,64,1,65,📉 -5,34.45
2026-09-01 09:57:34,Wrocław ➔ Sanok,Poranny (07:45),01.09.2026,07:45,Wrocław ➔ Gliwice,Wrocław,Gliwice,07:45,0.00,B/D,B/D,65,Start trasy,0.00
2026-09-01 09:57:34,Wrocław ➔ Sanok,Poranny (07:45),01.09.2026,07:45,Gliwice ➔ Katowice,Gliwice,Katowice,09:45,0.00,B/D,B/D,65,Start trasy,0.00
2026-09-01 09:57:34,Wrocław ➔ Sanok,Poranny (07:45),01.09.2026,07:45,Katowice ➔ Balice,Katowice,Balice,10:15,0.00,B/D,B/D,65,Start trasy,0.00
2026-09-01 09:57:34,Wrocław ➔ Sanok,Poranny (07:45),01.09.2026,07:45,Balice ➔ Kraków MDA,Balice,Kraków MDA,11:05,0.00,B/D,B/D,65,Start trasy,0.00
2026-09-01 09:57:34,Wrocław ➔ Sanok,Poranny (07:45),01.09.2026,07:45,Kraków MDA ➔ Rzeszów,Kraków MDA,Rzeszów,11:45,0.00,B/D,B/D,65,Start trasy,0.00
2026-09-01 09:57:34,Wrocław ➔ Sanok,Poranny (07:45),01.09.2026,07:45,Rzeszów ➔ Niebylec,Rzeszów,Niebylec,13:50,13.30,50,15,65,Start trasy,199.50
2026-09-01 09:57:34,Wrocław ➔ Sanok,Poranny (07:45),01.09.2026,07:45,Niebylec ➔ Sanok,Niebylec,Sanok,14:35,25.00,51,14,65,📉 -1,350.00
2026-09-01 09:57:34,Sanok ➔ Wrocław,Południowy (10:10),01.09.2026,10:10,Sanok ➔ Niebylec,Sanok,Niebylec,10:10,0.00,B/D,B/D,65,Start trasy,0.00
2026-09-01 09:57:34,Sanok ➔ Wrocław,Południowy (10:10),01.09.2026,10:10,Niebylec ➔ Rzeszów,Niebylec,Rzeszów,11:25,0.00,B/D,B/D,65,Start trasy,0.00
2026-09-01 09:57:34,Sanok ➔ Wrocław,Południowy (10:10),01.09.2026,10:10,Rzeszów ➔ Kraków MDA,Rzeszów,Kraków MDA,12:20,42.40,30,35,65,Start trasy,1484.00
2026-09-01 09:57:34,Sanok ➔ Wrocław,Południowy (10:10),01.09.2026,10:10,Kraków MDA ➔ Balice,Kraków MDA,Balice,14:40,27.00,45,20,65,📉 -15,540.00
2026-09-01 09:57:34,Sanok ➔ Wrocław,Południowy (10:10),01.09.2026,10:10,Balice ➔ Katowice,Balice,Katowice,15:15,48.00,77,13,90,📉 -7,624.00
2026-09-01 09:57:34,Sanok ➔ Wrocław,Południowy (10:10),01.09.2026,10:10,Katowice ➔ Gliwice,Katowice,Gliwice,16:25,18.90,81,9,90,📉 -4,170.10
2026-09-01 09:57:34,Sanok ➔ Wrocław,Południowy (10:10),01.09.2026,10:10,Gliwice ➔ Wrocław,Gliwice,Wrocław,16:55,34.45,82,8,90,📉 -1,275.60
2026-09-01 09:57:34,Wrocław ➔ Sanok,Południowy (12:00),01.09.2026,12:00,Wrocław ➔ Gliwice,Wrocław,Gliwice,12:00,34.45,56,9,65,Start trasy,310.05
2026-09-01 09:57:34,Wrocław ➔ Sanok,Południowy (12:00),01.09.2026,12:00,Gliwice ➔ Katowice,Gliwice,Katowice,14:00,19.95,55,10,65,📈 +1,199.50
2026-09-01 09:57:34,Wrocław ➔ Sanok,Południowy (12:00),01.09.2026,12:00,Katowice ➔ Balice,Katowice,Balice,14:30,45.60,53,12,65,📈 +2,547.20
2026-09-01 09:57:34,Wrocław ➔ Sanok,Południowy (12:00),01.09.2026,12:00,Balice ➔ Kraków MDA,Balice,Kraków MDA,15:20,27.00,48,17,65,📈 +5,459.00
2026-09-01 09:57:34,Wrocław ➔ Sanok,Południowy (12:00),01.09.2026,12:00,Kraków MDA ➔ Rzeszów,Kraków MDA,Rzeszów,16:15,42.40,36,29,65,📈 +12,1229.60
2026-09-01 09:57:34,Wrocław ➔ Sanok,Południowy (12:00),01.09.2026,12:00,Rzeszów ➔ Niebylec,Rzeszów,Niebylec,18:40,13.30,78,12,90,📉 -17,159.60
2026-09-01 09:57:34,Wrocław ➔ Sanok,Południowy (12:00),01.09.2026,12:00,Niebylec ➔ Sanok,Niebylec,Sanok,19:20,25.00,80,10,90,📉 -2,250.00
2026-09-01 09:57:34,Wrocław ➔ Sanok,Popołudniowy (15:35),01.09.2026,15:35,Wrocław ➔ Gliwice,Wrocław,Gliwice,15:35,34.45,67,23,90,Start trasy,792.35
2026-09-01 09:57:34,Wrocław ➔ Sanok,Popołudniowy (15:35),01.09.2026,15:35,Gliwice ➔ Katowice,Gliwice,Katowice,17:40,19.95,66,24,90,📈 +1,478.80
2026-09-01 09:57:34,Wrocław ➔ Sanok,Popołudniowy (15:35),01.09.2026,15:35,Katowice ➔ Balice,Katowice,Balice,18:15,45.60,64,1,65,📉 -23,45.60
2026-09-01 09:57:34,Wrocław ➔ Sanok,Popołudniowy (15:35),01.09.2026,15:35,Balice ➔ Kraków MDA,Balice,Kraków MDA,19:05,27.00,62,3,65,📈 +2,81.00
2026-09-01 09:57:34,Wrocław ➔ Sanok,Popołudniowy (15:35),01.09.2026,15:35,Kraków MDA ➔ Rzeszów,Kraków MDA,Rzeszów,19:45,42.40,56,9,65,📈 +6,381.60
2026-09-01 09:57:34,Wrocław ➔ Sanok,Popołudniowy (15:35),01.09.2026,15:35,Rzeszów ➔ Niebylec,Rzeszów,Niebylec,21:55,13.30,55,10,65,📈 +1,133.00
2026-09-01 09:57:34,Wrocław ➔ Sanok,Popołudniowy (15:35),01.09.2026,15:35,Niebylec ➔ Sanok,Niebylec,Sanok,22:30,25.00,55,10,65,➡️ 0,250.00
2026-09-01 09:57:34,Wrocław ➔ Sanok,Nocny (22:25),01.09.2026,22:25,Wrocław ➔ Gliwice,Wrocław,Gliwice,22:25,34.45,86,4,90,Start trasy,137.80
2026-09-01 09:57:34,Wrocław ➔ Sanok,Nocny (22:25),01.09.2026,22:25,Gliwice ➔ Katowice,Gliwice,Katowice,00:20,0.00,B/D,B/D,65,Start trasy,0.00
2026-09-01 09:57:34,Wrocław ➔ Sanok,Nocny (22:25),01.09.2026,22:25,Katowice ➔ Balice,Katowice,Balice,00:50,0.00,B/D,B/D,65,Start trasy,0.00
2026-09-01 09:57:34,Wrocław ➔ Sanok,Nocny (22:25),01.09.2026,22:25,Balice ➔ Kraków MDA,Balice,Kraków MDA,01:50,0.00,B/D,B/D,65,Start trasy,0.00
2026-09-01 09:57:34,Wrocław ➔ Sanok,Nocny (22:25),01.09.2026,22:25,Kraków MDA ➔ Rzeszów,Kraków MDA,Rzeszów,02:20,0.00,B/D,B/D,65,Start trasy,0.00
2026-09-01 09:57:34,Wrocław ➔ Sanok,Nocny (22:25),01.09.2026,22:25,Rzeszów ➔ Niebylec,Rzeszów,Niebylec,04:30,0.00,B/D,B/D,65,Start trasy,0.00
2026-09-01 09:57:34,Wrocław ➔ Sanok,Nocny (22:25),01.09.2026,22:25,Niebylec ➔ Sanok,Niebylec,Sanok,05:00,0.00,B/D,B/D,65,Start trasy,0.00
2026-09-01 09:57:34,Sanok ➔ Wrocław,Nocny (23:50),01.09.2026,23:50,Sanok ➔ Niebylec,Sanok,Niebylec,23:50,23.75,44,21,65,Start trasy,498.75
2026-09-01 09:57:34,Sanok ➔ Wrocław,Nocny (23:50),01.09.2026,23:50,Niebylec ➔ Rzeszów,Niebylec,Rzeszów,00:50,0.00,B/D,B/D,65,Start trasy,0.00
2026-09-01 09:57:34,Sanok ➔ Wrocław,Nocny (23:50),01.09.2026,23:50,Rzeszów ➔ Kraków MDA,Rzeszów,Kraków MDA,01:30,0.00,B/D,B/D,65,Start trasy,0.00
2026-09-01 09:57:34,Sanok ➔ Wrocław,Nocny (23:50),01.09.2026,23:50,Kraków MDA ➔ Balice,Kraków MDA,Balice,03:35,0.00,B/D,B/D,65,Start trasy,0.00
2026-09-01 09:57:34,Sanok ➔ Wrocław,Nocny (23:50),01.09.2026,23:50,Balice ➔ Katowice,Balice,Katowice,04:00,0.00,B/D,B/D,65,Start trasy,0.00
2026-09-01 09:57:34,Sanok ➔ Wrocław,Nocny (23:50),01.09.2026,23:50,Katowice ➔ Gliwice,Katowice,Gliwice,04:55,0.00,B/D,B/D,65,Start trasy,0.00
2026-09-01 09:57:34,Sanok ➔ Wrocław,Nocny (23:50),01.09.2026,23:50,Gliwice ➔ Wrocław,Gliwice,Wrocław,05:22,0.00,B/D,B/D,65,Start trasy,0.00
2026-09-01 09:57:34,Sanok ➔ Wrocław,Poranny I (03:00),02.09.2026,03:00,Sanok ➔ Niebylec,Sanok,Niebylec,03:00,23.75,55,10,65,Start trasy,237.50
2026-09-01 09:57:34,Sanok ➔ Wrocław,Poranny I (03:00),02.09.2026,03:00,Niebylec ➔ Rzeszów,Niebylec,Rzeszów,04:00,14.00,55,10,65,➡️ 0,140.00
2026-09-01 09:57:34,Sanok ➔ Wrocław,Poranny I (03:00),02.09.2026,03:00,Rzeszów ➔ Kraków MDA,Rzeszów,Kraków MDA,04:40,42.40,44,21,65,📈 +11,890.40
2026-09-01 09:57:34,Sanok ➔ Wrocław,Poranny I (03:00),02.09.2026,03:00,Kraków MDA ➔ Balice,Kraków MDA,Balice,06:55,27.00,44,21,65,➡️ 0,567.00
2026-09-01 09:57:34,Sanok ➔ Wrocław,Poranny I (03:00),02.09.2026,03:00,Balice ➔ Katowice,Balice,Katowice,07:20,48.00,63,2,65,📉 -19,96.00
2026-09-01 09:57:34,Sanok ➔ Wrocław,Poranny I (03:00),02.09.2026,03:00,Katowice ➔ Gliwice,Katowice,Gliwice,08:30,18.90,1,64,65,📈 +62,1209.60
2026-09-01 09:57:34,Sanok ➔ Wrocław,Poranny I (03:00),02.09.2026,03:00,Gliwice ➔ Wrocław,Gliwice,Wrocław,09:00,34.45,1,64,65,➡️ 0,2204.80
2026-09-01 09:57:34,Sanok ➔ Wrocław,Poranny II (06:35),02.09.2026,06:35,Sanok ➔ Niebylec,Sanok,Niebylec,06:35,23.75,48,17,65,Start trasy,403.75
2026-09-01 09:57:34,Sanok ➔ Wrocław,Poranny II (06:35),02.09.2026,06:35,Niebylec ➔ Rzeszów,Niebylec,Rzeszów,07:40,14.00,47,18,65,📈 +1,252.00
2026-09-01 09:57:34,Sanok ➔ Wrocław,Poranny II (06:35),02.09.2026,06:35,Rzeszów ➔ Kraków MDA,Rzeszów,Kraków MDA,08:40,42.40,40,25,65,📈 +7,1060.00
2026-09-01 09:57:34,Sanok ➔ Wrocław,Poranny II (06:35),02.09.2026,06:35,Kraków MDA ➔ Balice,Kraków MDA,Balice,10:55,27.00,48,17,65,📉 -8,459.00
2026-09-01 09:57:34,Sanok ➔ Wrocław,Poranny II (06:35),02.09.2026,06:35,Balice ➔ Katowice,Balice,Katowice,11:30,48.00,58,7,65,📉 -10,336.00
2026-09-01 09:57:34,Sanok ➔ Wrocław,Poranny II (06:35),02.09.2026,06:35,Katowice ➔ Gliwice,Katowice,Gliwice,12:30,18.90,58,7,65,➡️ 0,132.30
2026-09-01 09:57:34,Sanok ➔ Wrocław,Poranny II (06:35),02.09.2026,06:35,Gliwice ➔ Wrocław,Gliwice,Wrocław,13:00,34.45,58,7,65,➡️ 0,241.15
2026-09-01 09:57:34,Wrocław ➔ Sanok,Poranny (07:45),02.09.2026,07:45,Wrocław ➔ Gliwice,Wrocław,Gliwice,07:45,34.45,90,0,90,Start trasy,0.00
2026-09-01 09:57:34,Wrocław ➔ Sanok,Poranny (07:45),02.09.2026,07:45,Gliwice ➔ Katowice,Gliwice,Katowice,09:45,19.95,87,3,90,📈 +3,59.85
2026-09-01 09:57:34,Wrocław ➔ Sanok,Poranny (07:45),02.09.2026,07:45,Katowice ➔ Balice,Katowice,Balice,10:15,45.60,75,15,90,📈 +12,684.00
2026-09-01 09:57:34,Wrocław ➔ Sanok,Poranny (07:45),02.09.2026,07:45,Balice ➔ Kraków MDA,Balice,Kraków MDA,11:05,27.00,72,18,90,📈 +3,486.00
2026-09-01 09:57:34,Wrocław ➔ Sanok,Poranny (07:45),02.09.2026,07:45,Kraków MDA ➔ Rzeszów,Kraków MDA,Rzeszów,11:45,42.40,72,18,90,➡️ 0,763.20
2026-09-01 09:57:34,Wrocław ➔ Sanok,Poranny (07:45),02.09.2026,07:45,Rzeszów ➔ Niebylec,Rzeszów,Niebylec,13:50,13.30,56,9,65,📉 -9,119.70
2026-09-01 09:57:34,Wrocław ➔ Sanok,Poranny (07:45),02.09.2026,07:45,Niebylec ➔ Sanok,Niebylec,Sanok,14:35,25.00,56,9,65,➡️ 0,225.00
2026-09-01 09:57:34,Sanok ➔ Wrocław,Południowy (10:10),02.09.2026,10:10,Sanok ➔ Niebylec,Sanok,Niebylec,10:10,23.75,53,12,65,Start trasy,285.00
2026-09-01 09:57:34,Sanok ➔ Wrocław,Południowy (10:10),02.09.2026,10:10,Niebylec ➔ Rzeszów,Niebylec,Rzeszów,11:25,14.00,53,12,65,➡️ 0,168.00
2026-09-01 09:57:34,Sanok ➔ Wrocław,Południowy (10:10),02.09.2026,10:10,Rzeszów ➔ Kraków MDA,Rzeszów,Kraków MDA,12:20,42.40,61,4,65,📉 -8,169.60
2026-09-01 09:57:34,Sanok ➔ Wrocław,Południowy (10:10),02.09.2026,10:10,Kraków MDA ➔ Balice,Kraków MDA,Balice,14:40,27.00,76,14,90,📈 +10,378.00
2026-09-01 09:57:34,Sanok ➔ Wrocław,Południowy (10:10),02.09.2026,10:10,Balice ➔ Katowice,Balice,Katowice,15:15,48.00,86,4,90,📉 -10,192.00
2026-09-01 09:57:34,Sanok ➔ Wrocław,Południowy (10:10),02.09.2026,10:10,Katowice ➔ Gliwice,Katowice,Gliwice,16:25,18.90,88,2,90,📉 -2,37.80
2026-09-01 09:57:34,Sanok ➔ Wrocław,Południowy (10:10),02.09.2026,10:10,Gliwice ➔ Wrocław,Gliwice,Wrocław,16:55,34.45,90,0,90,📉 -2,0.00
2026-09-01 09:57:34,Wrocław ➔ Sanok,Południowy (12:00),02.09.2026,12:00,Wrocław ➔ Gliwice,Wrocław,Gliwice,12:00,34.45,66,24,90,Start trasy,826.80
2026-09-01 09:57:34,Wrocław ➔ Sanok,Południowy (12:00),02.09.2026,12:00,Gliwice ➔ Katowice,Gliwice,Katowice,14:00,19.95,1,64,65,📈 +40,1276.80
2026-09-01 09:57:34,Wrocław ➔ Sanok,Południowy (12:00),02.09.2026,12:00,Katowice ➔ Balice,Katowice,Balice,14:30,45.60,60,5,65,📉 -59,228.00
2026-09-01 09:57:34,Wrocław ➔ Sanok,Południowy (12:00),02.09.2026,12:00,Balice ➔ Kraków MDA,Balice,Kraków MDA,15:20,27.00,54,11,65,📈 +6,297.00
2026-09-01 09:57:34,Wrocław ➔ Sanok,Południowy (12:00),02.09.2026,12:00,Kraków MDA ➔ Rzeszów,Kraków MDA,Rzeszów,16:15,42.40,49,16,65,📈 +5,678.40
2026-09-01 09:57:34,Wrocław ➔ Sanok,Południowy (12:00),02.09.2026,12:00,Rzeszów ➔ Niebylec,Rzeszów,Niebylec,18:40,13.30,49,16,65,➡️ 0,212.80
2026-09-01 09:57:34,Wrocław ➔ Sanok,Południowy (12:00),02.09.2026,12:00,Niebylec ➔ Sanok,Niebylec,Sanok,19:20,25.00,50,15,65,📉 -1,375.00
2026-09-01 09:57:34,Wrocław ➔ Sanok,Popołudniowy (15:35),02.09.2026,15:35,Wrocław ➔ Gliwice,Wrocław,Gliwice,15:35,34.45,55,10,65,Start trasy,344.50
2026-09-01 09:57:34,Wrocław ➔ Sanok,Popołudniowy (15:35),02.09.2026,15:35,Gliwice ➔ Katowice,Gliwice,Katowice,17:40,19.95,54,11,65,📈 +1,219.45
2026-09-01 09:57:34,Wrocław ➔ Sanok,Popołudniowy (15:35),02.09.2026,15:35,Katowice ➔ Balice,Katowice,Balice,18:15,45.60,54,11,65,➡️ 0,501.60
2026-09-01 09:57:34,Wrocław ➔ Sanok,Popołudniowy (15:35),02.09.2026,15:35,Balice ➔ Kraków MDA,Balice,Kraków MDA,19:05,27.00,54,11,65,➡️ 0,297.00
2026-09-01 09:57:34,Wrocław ➔ Sanok,Popołudniowy (15:35),02.09.2026,15:35,Kraków MDA ➔ Rzeszów,Kraków MDA,Rzeszów,19:45,42.40,54,11,65,➡️ 0,466.40
2026-09-01 09:57:34,Wrocław ➔ Sanok,Popołudniowy (15:35),02.09.2026,15:35,Rzeszów ➔ Niebylec,Rzeszów,Niebylec,21:55,13.30,55,10,65,📉 -1,133.00
2026-09-01 09:57:34,Wrocław ➔ Sanok,Popołudniowy (15:35),02.09.2026,15:35,Niebylec ➔ Sanok,Niebylec,Sanok,22:30,25.00,55,10,65,➡️ 0,250.00
2026-09-01 09:57:34,Wrocław ➔ Sanok,Nocny (22:25),02.09.2026,22:25,Wrocław ➔ Gliwice,Wrocław,Gliwice,22:25,34.45,84,6,90,Start trasy,206.70
2026-09-01 09:57:34,Wrocław ➔ Sanok,Nocny (22:25),02.09.2026,22:25,Gliwice ➔ Katowice,Gliwice,Katowice,00:20,19.95,82,8,90,📈 +2,159.60
2026-09-01 09:57:34,Wrocław ➔ Sanok,Nocny (22:25),02.09.2026,22:25,Katowice ➔ Balice,Katowice,Balice,00:50,45.60,81,9,90,📈 +1,410.40
2026-09-01 09:57:34,Wrocław ➔ Sanok,Nocny (22:25),02.09.2026,22:25,Balice ➔ Kraków MDA,Balice,Kraków MDA,01:50,27.00,71,19,90,📈 +10,513.00
2026-09-01 09:57:34,Wrocław ➔ Sanok,Nocny (22:25),02.09.2026,22:25,Kraków MDA ➔ Rzeszów,Kraków MDA,Rzeszów,02:20,42.40,1,64,65,📈 +45,2713.60
2026-09-01 09:57:34,Wrocław ➔ Sanok,Nocny (22:25),02.09.2026,22:25,Rzeszów ➔ Niebylec,Rzeszów,Niebylec,04:30,13.30,48,17,65,📉 -47,226.10
2026-09-01 09:57:34,Wrocław ➔ Sanok,Nocny (22:25),02.09.2026,22:25,Niebylec ➔ Sanok,Niebylec,Sanok,05:00,0.00,B/D,B/D,65,Start trasy,0.00
2026-09-01 09:57:34,Sanok ➔ Wrocław,Nocny (23:50),02.09.2026,23:50,Sanok ➔ Niebylec,Sanok,Niebylec,23:50,23.75,57,8,65,Start trasy,190.00
2026-09-01 09:57:34,Sanok ➔ Wrocław,Nocny (23:50),02.09.2026,23:50,Niebylec ➔ Rzeszów,Niebylec,Rzeszów,00:50,14.00,44,21,65,📈 +13,294.00
2026-09-01 09:57:34,Sanok ➔ Wrocław,Nocny (23:50),02.09.2026,23:50,Rzeszów ➔ Kraków MDA,Rzeszów,Kraków MDA,01:30,42.40,28,37,65,📈 +16,1568.80
2026-09-01 09:57:34,Sanok ➔ Wrocław,Nocny (23:50),02.09.2026,23:50,Kraków MDA ➔ Balice,Kraków MDA,Balice,03:35,27.00,32,33,65,📉 -4,891.00
2026-09-01 09:57:34,Sanok ➔ Wrocław,Nocny (23:50),02.09.2026,23:50,Balice ➔ Katowice,Balice,Katowice,04:00,48.00,69,21,90,📉 -12,1008.00
2026-09-01 09:57:34,Sanok ➔ Wrocław,Nocny (23:50),02.09.2026,23:50,Katowice ➔ Gliwice,Katowice,Gliwice,04:55,18.90,81,9,90,📉 -12,170.10
2026-09-01 09:57:34,Sanok ➔ Wrocław,Nocny (23:50),02.09.2026,23:50,Gliwice ➔ Wrocław,Gliwice,Wrocław,05:22,34.45,83,7,90,📉 -2,241.15
2026-09-01 09:57:34,Sanok ➔ Wrocław,Poranny I (03:00),03.09.2026,03:00,Sanok ➔ Niebylec,Sanok,Niebylec,03:00,23.75,55,10,65,Start trasy,237.50
2026-09-01 09:57:34,Sanok ➔ Wrocław,Poranny I (03:00),03.09.2026,03:00,Niebylec ➔ Rzeszów,Niebylec,Rzeszów,04:00,14.00,48,17,65,📈 +7,238.00
2026-09-01 09:57:34,Sanok ➔ Wrocław,Poranny I (03:00),03.09.2026,03:00,Rzeszów ➔ Kraków MDA,Rzeszów,Kraków MDA,04:40,42.40,49,16,65,📉 -1,678.40
2026-09-01 09:57:34,Sanok ➔ Wrocław,Poranny I (03:00),03.09.2026,03:00,Kraków MDA ➔ Balice,Kraków MDA,Balice,06:55,27.00,33,32,65,📈 +16,864.00
2026-09-01 09:57:34,Sanok ➔ Wrocław,Poranny I (03:00),03.09.2026,03:00,Balice ➔ Katowice,Balice,Katowice,07:20,48.00,1,64,65,📈 +32,3072.00
2026-09-01 09:57:34,Sanok ➔ Wrocław,Poranny I (03:00),03.09.2026,03:00,Katowice ➔ Gliwice,Katowice,Gliwice,08:30,18.90,1,64,65,➡️ 0,1209.60
2026-09-01 09:57:34,Sanok ➔ Wrocław,Poranny I (03:00),03.09.2026,03:00,Gliwice ➔ Wrocław,Gliwice,Wrocław,09:00,34.45,1,64,65,➡️ 0,2204.80
2026-09-01 09:57:34,Sanok ➔ Wrocław,Poranny II (06:35),03.09.2026,06:35,Sanok ➔ Niebylec,Sanok,Niebylec,06:35,23.75,1,64,65,Start trasy,1520.00
2026-09-01 09:57:34,Sanok ➔ Wrocław,Poranny II (06:35),03.09.2026,06:35,Niebylec ➔ Rzeszów,Niebylec,Rzeszów,07:40,0.00,B/D,B/D,65,Start trasy,0.00
2026-09-01 09:57:34,Sanok ➔ Wrocław,Poranny II (06:35),03.09.2026,06:35,Rzeszów ➔ Kraków MDA,Rzeszów,Kraków MDA,08:40,42.40,15,50,65,Start trasy,2120.00
2026-09-01 09:57:34,Sanok ➔ Wrocław,Poranny II (06:35),03.09.2026,06:35,Kraków MDA ➔ Balice,Kraków MDA,Balice,10:55,0.00,B/D,B/D,65,Start trasy,0.00
2026-09-01 09:57:34,Sanok ➔ Wrocław,Poranny II (06:35),03.09.2026,06:35,Balice ➔ Katowice,Balice,Katowice,11:30,0.00,B/D,B/D,65,Start trasy,0.00
2026-09-01 09:57:34,Sanok ➔ Wrocław,Poranny II (06:35),03.09.2026,06:35,Katowice ➔ Gliwice,Katowice,Gliwice,12:30,18.90,31,34,65,Start trasy,642.60
2026-09-01 09:57:34,Sanok ➔ Wrocław,Poranny II (06:35),03.09.2026,06:35,Gliwice ➔ Wrocław,Gliwice,Wrocław,13:00,0.00,B/D,B/D,65,Start trasy,0.00
2026-09-01 09:57:34,Wrocław ➔ Sanok,Poranny (07:45),03.09.2026,07:45,Wrocław ➔ Gliwice,Wrocław,Gliwice,07:45,34.45,90,0,90,Start trasy,0.00
2026-09-01 09:57:34,Wrocław ➔ Sanok,Poranny (07:45),03.09.2026,07:45,Gliwice ➔ Katowice,Gliwice,Katowice,09:45,19.95,90,0,90,➡️ 0,0.00
2026-09-01 09:57:34,Wrocław ➔ Sanok,Poranny (07:45),03.09.2026,07:45,Katowice ➔ Balice,Katowice,Balice,10:15,45.60,89,1,90,📈 +1,45.60
2026-09-01 09:57:34,Wrocław ➔ Sanok,Poranny (07:45),03.09.2026,07:45,Balice ➔ Kraków MDA,Balice,Kraków MDA,11:05,27.00,89,1,90,➡️ 0,27.00
2026-09-01 09:57:34,Wrocław ➔ Sanok,Poranny (07:45),03.09.2026,07:45,Kraków MDA ➔ Rzeszów,Kraków MDA,Rzeszów,11:45,42.40,87,3,90,📈 +2,127.20
2026-09-01 09:57:34,Wrocław ➔ Sanok,Poranny (07:45),03.09.2026,07:45,Rzeszów ➔ Niebylec,Rzeszów,Niebylec,13:50,13.30,47,18,65,📈 +15,239.40
2026-09-01 09:57:34,Wrocław ➔ Sanok,Poranny (07:45),03.09.2026,07:45,Niebylec ➔ Sanok,Niebylec,Sanok,14:35,25.00,63,2,65,📉 -16,50.00
2026-09-01 09:57:34,Sanok ➔ Wrocław,Południowy (10:10),03.09.2026,10:10,Sanok ➔ Niebylec,Sanok,Niebylec,10:10,0.00,B/D,B/D,65,Start trasy,0.00
2026-09-01 09:57:34,Sanok ➔ Wrocław,Południowy (10:10),03.09.2026,10:10,Niebylec ➔ Rzeszów,Niebylec,Rzeszów,11:25,0.00,B/D,B/D,65,Start trasy,0.00
2026-09-01 09:57:34,Sanok ➔ Wrocław,Południowy (10:10),03.09.2026,10:10,Rzeszów ➔ Kraków MDA,Rzeszów,Kraków MDA,12:20,42.40,70,20,90,Start trasy,848.00
2026-09-01 09:57:34,Sanok ➔ Wrocław,Południowy (10:10),03.09.2026,10:10,Kraków MDA ➔ Balice,Kraków MDA,Balice,14:40,27.00,73,17,90,📉 -3,459.00
2026-09-01 09:57:34,Sanok ➔ Wrocław,Południowy (10:10),03.09.2026,10:10,Balice ➔ Katowice,Balice,Katowice,15:15,48.00,87,3,90,📉 -14,144.00
2026-09-01 09:57:34,Sanok ➔ Wrocław,Południowy (10:10),03.09.2026,10:10,Katowice ➔ Gliwice,Katowice,Gliwice,16:25,18.90,90,0,90,📉 -3,0.00
2026-09-01 09:57:34,Sanok ➔ Wrocław,Południowy (10:10),03.09.2026,10:10,Gliwice ➔ Wrocław,Gliwice,Wrocław,16:55,34.45,88,2,90,📈 +2,68.90
2026-09-01 09:57:34,Wrocław ➔ Sanok,Południowy (12:00),03.09.2026,12:00,Wrocław ➔ Gliwice,Wrocław,Gliwice,12:00,34.45,1,64,65,Start trasy,2204.80
2026-09-01 09:57:34,Wrocław ➔ Sanok,Południowy (12:00),03.09.2026,12:00,Gliwice ➔ Katowice,Gliwice,Katowice,14:00,19.95,64,1,65,📉 -63,19.95
2026-09-01 09:57:34,Wrocław ➔ Sanok,Południowy (12:00),03.09.2026,12:00,Katowice ➔ Balice,Katowice,Balice,14:30,45.60,62,3,65,📈 +2,136.80
2026-09-01 09:57:34,Wrocław ➔ Sanok,Południowy (12:00),03.09.2026,12:00,Balice ➔ Kraków MDA,Balice,Kraków MDA,15:20,27.00,59,6,65,📈 +3,162.00
2026-09-01 09:57:34,Wrocław ➔ Sanok,Południowy (12:00),03.09.2026,12:00,Kraków MDA ➔ Rzeszów,Kraków MDA,Rzeszów,16:15,42.40,57,8,65,📈 +2,339.20
2026-09-01 09:57:34,Wrocław ➔ Sanok,Południowy (12:00),03.09.2026,12:00,Rzeszów ➔ Niebylec,Rzeszów,Niebylec,18:40,0.00,B/D,B/D,65,Start trasy,0.00
2026-09-01 09:57:34,Wrocław ➔ Sanok,Południowy (12:00),03.09.2026,12:00,Niebylec ➔ Sanok,Niebylec,Sanok,19:20,25.00,56,9,65,Start trasy,225.00
2026-09-01 09:57:34,Wrocław ➔ Sanok,Popołudniowy (15:35),03.09.2026,15:35,Wrocław ➔ Gliwice,Wrocław,Gliwice,15:35,34.45,61,4,65,Start trasy,137.80
2026-09-01 09:57:34,Wrocław ➔ Sanok,Popołudniowy (15:35),03.09.2026,15:35,Gliwice ➔ Katowice,Gliwice,Katowice,17:40,19.95,60,5,65,📈 +1,99.75
2026-09-01 09:57:34,Wrocław ➔ Sanok,Popołudniowy (15:35),03.09.2026,15:35,Katowice ➔ Balice,Katowice,Balice,18:15,45.60,59,6,65,📈 +1,273.60
2026-09-01 09:57:34,Wrocław ➔ Sanok,Popołudniowy (15:35),03.09.2026,15:35,Balice ➔ Kraków MDA,Balice,Kraków MDA,19:05,27.00,54,11,65,📈 +5,297.00
2026-09-01 09:57:34,Wrocław ➔ Sanok,Popołudniowy (15:35),03.09.2026,15:35,Kraków MDA ➔ Rzeszów,Kraków MDA,Rzeszów,19:45,42.40,50,15,65,📈 +4,636.00
2026-09-01 09:57:34,Wrocław ➔ Sanok,Popołudniowy (15:35),03.09.2026,15:35,Rzeszów ➔ Niebylec,Rzeszów,Niebylec,21:55,0.00,B/D,B/D,65,Start trasy,0.00
2026-09-01 09:57:34,Wrocław ➔ Sanok,Popołudniowy (15:35),03.09.2026,15:35,Niebylec ➔ Sanok,Niebylec,Sanok,22:30,25.00,51,14,65,Start trasy,350.00
2026-09-01 09:57:34,Wrocław ➔ Sanok,Nocny (22:25),03.09.2026,22:25,Wrocław ➔ Gliwice,Wrocław,Gliwice,22:25,34.45,88,2,90,Start trasy,68.90
2026-09-01 09:57:34,Wrocław ➔ Sanok,Nocny (22:25),03.09.2026,22:25,Gliwice ➔ Katowice,Gliwice,Katowice,00:20,19.95,86,4,90,📈 +2,79.80
2026-09-01 09:57:34,Wrocław ➔ Sanok,Nocny (22:25),03.09.2026,22:25,Katowice ➔ Balice,Katowice,Balice,00:50,45.60,76,14,90,📈 +10,638.40
2026-09-01 09:57:34,Wrocław ➔ Sanok,Nocny (22:25),03.09.2026,22:25,Balice ➔ Kraków MDA,Balice,Kraków MDA,01:50,27.00,70,20,90,📈 +6,540.00
2026-09-01 09:57:34,Wrocław ➔ Sanok,Nocny (22:25),03.09.2026,22:25,Kraków MDA ➔ Rzeszów,Kraków MDA,Rzeszów,02:20,42.40,68,22,90,📈 +2,932.80
2026-09-01 09:57:34,Wrocław ➔ Sanok,Nocny (22:25),03.09.2026,22:25,Rzeszów ➔ Niebylec,Rzeszów,Niebylec,04:30,13.30,60,5,65,📉 -17,66.50
2026-09-01 09:57:34,Wrocław ➔ Sanok,Nocny (22:25),03.09.2026,22:25,Niebylec ➔ Sanok,Niebylec,Sanok,05:00,0.00,B/D,B/D,65,Start trasy,0.00
2026-09-01 09:57:34,Sanok ➔ Wrocław,Nocny (23:50),03.09.2026,23:50,Sanok ➔ Niebylec,Sanok,Niebylec,23:50,23.75,47,18,65,Start trasy,427.50
2026-09-01 09:57:34,Sanok ➔ Wrocław,Nocny (23:50),03.09.2026,23:50,Niebylec ➔ Rzeszów,Niebylec,Rzeszów,00:50,14.00,56,9,65,📉 -9,126.00
2026-09-01 09:57:34,Sanok ➔ Wrocław,Nocny (23:50),03.09.2026,23:50,Rzeszów ➔ Kraków MDA,Rzeszów,Kraków MDA,01:30,42.40,53,12,65,📈 +3,508.80
2026-09-01 09:57:34,Sanok ➔ Wrocław,Nocny (23:50),03.09.2026,23:50,Kraków MDA ➔ Balice,Kraków MDA,Balice,03:35,27.00,59,6,65,📉 -6,162.00
2026-09-01 09:57:34,Sanok ➔ Wrocław,Nocny (23:50),03.09.2026,23:50,Balice ➔ Katowice,Balice,Katowice,04:00,48.00,84,6,90,➡️ 0,288.00
2026-09-01 09:57:34,Sanok ➔ Wrocław,Nocny (23:50),03.09.2026,23:50,Katowice ➔ Gliwice,Katowice,Gliwice,04:55,18.90,88,2,90,📉 -4,37.80
2026-09-01 09:57:34,Sanok ➔ Wrocław,Nocny (23:50),03.09.2026,23:50,Gliwice ➔ Wrocław,Gliwice,Wrocław,05:22,34.45,89,1,90,📉 -1,34.45
2026-09-01 10:39:30,Sanok ➔ Wrocław,Poranny I (03:00),01.09.2026,03:00,Sanok ➔ Niebylec,Sanok,Niebylec,03:00,23.75,56,9,65,Start trasy,213.75
2026-09-01 10:39:30,Sanok ➔ Wrocław,Poranny I (03:00),01.09.2026,03:00,Niebylec ➔ Rzeszów,Niebylec,Rzeszów,04:00,14.00,51,14,65,📈 +5,196.00
2026-09-01 10:39:30,Sanok ➔ Wrocław,Poranny I (03:00),01.09.2026,03:00,Rzeszów ➔ Kraków MDA,Rzeszów,Kraków MDA,04:40,0.00,B/D,0,65,📉 -14,0.00
2026-09-01 10:39:30,Sanok ➔ Wrocław,Poranny I (03:00),01.09.2026,03:00,Kraków MDA ➔ Balice,Kraków MDA,Balice,06:55,27.00,44,21,65,📈 +21,567.00
2026-09-01 10:39:30,Sanok ➔ Wrocław,Poranny I (03:00),01.09.2026,03:00,Balice ➔ Katowice,Balice,Katowice,07:20,48.00,76,14,90,📉 -7,672.00
2026-09-01 10:39:30,Sanok ➔ Wrocław,Poranny I (03:00),01.09.2026,03:00,Katowice ➔ Gliwice,Katowice,Gliwice,08:30,18.90,81,9,90,📉 -5,170.10
2026-09-01 10:39:30,Sanok ➔ Wrocław,Poranny I (03:00),01.09.2026,03:00,Gliwice ➔ Wrocław,Gliwice,Wrocław,09:00,34.45,64,1,65,📉 -8,34.45
2026-09-01 10:39:30,Sanok ➔ Wrocław,Poranny II (06:35),01.09.2026,06:35,Sanok ➔ Niebylec,Sanok,Niebylec,06:35,23.75,56,9,65,Start trasy,213.75
2026-09-01 10:39:30,Sanok ➔ Wrocław,Poranny II (06:35),01.09.2026,06:35,Niebylec ➔ Rzeszów,Niebylec,Rzeszów,07:40,14.00,51,14,65,📈 +5,196.00
2026-09-01 10:39:30,Sanok ➔ Wrocław,Poranny II (06:35),01.09.2026,06:35,Rzeszów ➔ Kraków MDA,Rzeszów,Kraków MDA,08:40,0.00,B/D,0,65,📉 -14,0.00
2026-09-01 10:39:30,Sanok ➔ Wrocław,Poranny II (06:35),01.09.2026,06:35,Kraków MDA ➔ Balice,Kraków MDA,Balice,10:55,27.00,44,21,65,📈 +21,567.00
2026-09-01 10:39:30,Sanok ➔ Wrocław,Poranny II (06:35),01.09.2026,06:35,Balice ➔ Katowice,Balice,Katowice,11:30,48.00,76,14,90,📉 -7,672.00
2026-09-01 10:39:30,Sanok ➔ Wrocław,Poranny II (06:35),01.09.2026,06:35,Katowice ➔ Gliwice,Katowice,Gliwice,12:30,18.90,81,9,90,📉 -5,170.10
2026-09-01 10:39:30,Sanok ➔ Wrocław,Poranny II (06:35),01.09.2026,06:35,Gliwice ➔ Wrocław,Gliwice,Wrocław,13:00,34.45,64,1,65,📉 -8,34.45
2026-09-01 10:39:30,Wrocław ➔ Sanok,Poranny (07:45),01.09.2026,07:45,Wrocław ➔ Gliwice,Wrocław,Gliwice,07:45,34.45,67,23,90,Start trasy,792.35
2026-09-01 10:39:30,Wrocław ➔ Sanok,Poranny (07:45),01.09.2026,07:45,Gliwice ➔ Katowice,Gliwice,Katowice,09:45,19.95,55,10,65,📉 -13,199.50
2026-09-01 10:39:30,Wrocław ➔ Sanok,Poranny (07:45),01.09.2026,07:45,Katowice ➔ Balice,Katowice,Balice,10:15,45.60,53,12,65,📈 +2,547.20
2026-09-01 10:39:30,Wrocław ➔ Sanok,Poranny (07:45),01.09.2026,07:45,Balice ➔ Kraków MDA,Balice,Kraków MDA,11:05,27.00,48,17,65,📈 +5,459.00
2026-09-01 10:39:30,Wrocław ➔ Sanok,Poranny (07:45),01.09.2026,07:45,Kraków MDA ➔ Rzeszów,Kraków MDA,Rzeszów,11:45,42.40,36,29,65,📈 +12,1229.60
2026-09-01 10:39:30,Wrocław ➔ Sanok,Poranny (07:45),01.09.2026,07:45,Rzeszów ➔ Niebylec,Rzeszów,Niebylec,13:50,0.00,B/D,0,65,📉 -29,0.00
2026-09-01 10:39:30,Wrocław ➔ Sanok,Poranny (07:45),01.09.2026,07:45,Niebylec ➔ Sanok,Niebylec,Sanok,14:35,25.00,51,14,65,📈 +14,350.00
2026-09-01 10:39:30,Sanok ➔ Wrocław,Południowy (10:10),01.09.2026,10:10,Sanok ➔ Niebylec,Sanok,Niebylec,10:10,23.75,56,9,65,Start trasy,213.75
2026-09-01 10:39:30,Sanok ➔ Wrocław,Południowy (10:10),01.09.2026,10:10,Niebylec ➔ Rzeszów,Niebylec,Rzeszów,11:25,14.00,51,14,65,📈 +5,196.00
2026-09-01 10:39:30,Sanok ➔ Wrocław,Południowy (10:10),01.09.2026,10:10,Rzeszów ➔ Kraków MDA,Rzeszów,Kraków MDA,12:20,0.00,B/D,0,65,📉 -14,0.00
2026-09-01 10:39:30,Sanok ➔ Wrocław,Południowy (10:10),01.09.2026,10:10,Kraków MDA ➔ Balice,Kraków MDA,Balice,14:40,27.00,44,21,65,📈 +21,567.00
2026-09-01 10:39:30,Sanok ➔ Wrocław,Południowy (10:10),01.09.2026,10:10,Balice ➔ Katowice,Balice,Katowice,15:15,48.00,76,14,90,📉 -7,672.00
2026-09-01 10:39:30,Sanok ➔ Wrocław,Południowy (10:10),01.09.2026,10:10,Katowice ➔ Gliwice,Katowice,Gliwice,16:25,18.90,81,9,90,📉 -5,170.10
2026-09-01 10:39:30,Sanok ➔ Wrocław,Południowy (10:10),01.09.2026,10:10,Gliwice ➔ Wrocław,Gliwice,Wrocław,16:55,34.45,82,8,90,📉 -1,275.60
2026-09-01 10:39:30,Wrocław ➔ Sanok,Południowy (12:00),01.09.2026,12:00,Wrocław ➔ Gliwice,Wrocław,Gliwice,12:00,34.45,67,23,90,Start trasy,792.35
2026-09-01 10:39:30,Wrocław ➔ Sanok,Południowy (12:00),01.09.2026,12:00,Gliwice ➔ Katowice,Gliwice,Katowice,14:00,19.95,55,10,65,📉 -13,199.50
2026-09-01 10:39:30,Wrocław ➔ Sanok,Południowy (12:00),01.09.2026,12:00,Katowice ➔ Balice,Katowice,Balice,14:30,45.60,53,12,65,📈 +2,547.20
2026-09-01 10:39:30,Wrocław ➔ Sanok,Południowy (12:00),01.09.2026,12:00,Balice ➔ Kraków MDA,Balice,Kraków MDA,15:20,27.00,48,17,65,📈 +5,459.00
2026-09-01 10:39:30,Wrocław ➔ Sanok,Południowy (12:00),01.09.2026,12:00,Kraków MDA ➔ Rzeszów,Kraków MDA,Rzeszów,16:15,42.40,36,29,65,📈 +12,1229.60
2026-09-01 10:39:30,Wrocław ➔ Sanok,Południowy (12:00),01.09.2026,12:00,Rzeszów ➔ Niebylec,Rzeszów,Niebylec,18:40,13.30,77,13,90,📉 -16,172.90
2026-09-01 10:39:30,Wrocław ➔ Sanok,Południowy (12:00),01.09.2026,12:00,Niebylec ➔ Sanok,Niebylec,Sanok,19:20,25.00,80,10,90,📉 -3,250.00
2026-09-01 10:39:30,Wrocław ➔ Sanok,Popołudniowy (15:35),01.09.2026,15:35,Wrocław ➔ Gliwice,Wrocław,Gliwice,15:35,34.45,67,23,90,Start trasy,792.35
2026-09-01 10:39:30,Wrocław ➔ Sanok,Popołudniowy (15:35),01.09.2026,15:35,Gliwice ➔ Katowice,Gliwice,Katowice,17:40,19.95,66,24,90,📈 +1,478.80
2026-09-01 10:39:30,Wrocław ➔ Sanok,Popołudniowy (15:35),01.09.2026,15:35,Katowice ➔ Balice,Katowice,Balice,18:15,45.60,64,1,65,📉 -23,45.60
2026-09-01 10:39:30,Wrocław ➔ Sanok,Popołudniowy (15:35),01.09.2026,15:35,Balice ➔ Kraków MDA,Balice,Kraków MDA,19:05,27.00,62,3,65,📈 +2,81.00
2026-09-01 10:39:30,Wrocław ➔ Sanok,Popołudniowy (15:35),01.09.2026,15:35,Kraków MDA ➔ Rzeszów,Kraków MDA,Rzeszów,19:45,42.40,56,9,65,📈 +6,381.60
2026-09-01 10:39:30,Wrocław ➔ Sanok,Popołudniowy (15:35),01.09.2026,15:35,Rzeszów ➔ Niebylec,Rzeszów,Niebylec,21:55,13.30,48,17,65,📈 +8,226.10
2026-09-01 10:39:30,Wrocław ➔ Sanok,Popołudniowy (15:35),01.09.2026,15:35,Niebylec ➔ Sanok,Niebylec,Sanok,22:30,25.00,55,10,65,📉 -7,250.00
2026-09-01 10:39:30,Wrocław ➔ Sanok,Nocny (22:25),01.09.2026,22:25,Wrocław ➔ Gliwice,Wrocław,Gliwice,22:25,34.45,85,5,90,Start trasy,172.25
2026-09-01 10:39:30,Wrocław ➔ Sanok,Nocny (22:25),01.09.2026,22:25,Gliwice ➔ Katowice,Gliwice,Katowice,00:20,19.95,54,11,65,📈 +6,219.45
2026-09-01 10:39:30,Wrocław ➔ Sanok,Nocny (22:25),01.09.2026,22:25,Katowice ➔ Balice,Katowice,Balice,00:50,45.60,52,13,65,📈 +2,592.80
2026-09-01 10:39:30,Wrocław ➔ Sanok,Nocny (22:25),01.09.2026,22:25,Balice ➔ Kraków MDA,Balice,Kraków MDA,01:50,27.00,48,17,65,📈 +4,459.00
2026-09-01 10:39:30,Wrocław ➔ Sanok,Nocny (22:25),01.09.2026,22:25,Kraków MDA ➔ Rzeszów,Kraków MDA,Rzeszów,02:20,42.40,32,33,65,📈 +16,1399.20
2026-09-01 10:39:30,Wrocław ➔ Sanok,Nocny (22:25),01.09.2026,22:25,Rzeszów ➔ Niebylec,Rzeszów,Niebylec,04:30,13.30,1,64,65,📈 +31,851.20
2026-09-01 10:39:30,Wrocław ➔ Sanok,Nocny (22:25),01.09.2026,22:25,Niebylec ➔ Sanok,Niebylec,Sanok,05:00,25.00,33,32,65,📉 -32,800.00
2026-09-01 10:39:30,Sanok ➔ Wrocław,Nocny (23:50),01.09.2026,23:50,Sanok ➔ Niebylec,Sanok,Niebylec,23:50,23.75,44,21,65,Start trasy,498.75
2026-09-01 10:39:30,Sanok ➔ Wrocław,Nocny (23:50),01.09.2026,23:50,Niebylec ➔ Rzeszów,Niebylec,Rzeszów,00:50,14.00,47,18,65,📉 -3,252.00
2026-09-01 10:39:30,Sanok ➔ Wrocław,Nocny (23:50),01.09.2026,23:50,Rzeszów ➔ Kraków MDA,Rzeszów,Kraków MDA,01:30,0.00,B/D,0,65,📉 -18,0.00
2026-09-01 10:39:30,Sanok ➔ Wrocław,Nocny (23:50),01.09.2026,23:50,Kraków MDA ➔ Balice,Kraków MDA,Balice,03:35,27.00,44,21,65,📈 +21,567.00
2026-09-01 10:39:30,Sanok ➔ Wrocław,Nocny (23:50),01.09.2026,23:50,Balice ➔ Katowice,Balice,Katowice,04:00,48.00,76,14,90,📉 -7,672.00
2026-09-01 10:39:30,Sanok ➔ Wrocław,Nocny (23:50),01.09.2026,23:50,Katowice ➔ Gliwice,Katowice,Gliwice,04:55,18.90,81,9,90,📉 -5,170.10
2026-09-01 10:39:30,Sanok ➔ Wrocław,Nocny (23:50),01.09.2026,23:50,Gliwice ➔ Wrocław,Gliwice,Wrocław,05:22,34.45,64,1,65,📉 -8,34.45
2026-09-01 10:39:30,Wrocław ➔ Sanok,Poranny (07:45),02.09.2026,07:45,Wrocław ➔ Gliwice,Wrocław,Gliwice,07:45,34.45,90,0,90,Start trasy,0.00
2026-09-01 10:39:30,Wrocław ➔ Sanok,Poranny (07:45),02.09.2026,07:45,Gliwice ➔ Katowice,Gliwice,Katowice,09:45,19.95,87,3,90,📈 +3,59.85
2026-09-01 10:39:30,Wrocław ➔ Sanok,Poranny (07:45),02.09.2026,07:45,Katowice ➔ Balice,Katowice,Balice,10:15,45.60,75,15,90,📈 +12,684.00
2026-09-01 10:39:30,Wrocław ➔ Sanok,Poranny (07:45),02.09.2026,07:45,Balice ➔ Kraków MDA,Balice,Kraków MDA,11:05,27.00,72,18,90,📈 +3,486.00
2026-09-01 10:39:30,Wrocław ➔ Sanok,Poranny (07:45),02.09.2026,07:45,Kraków MDA ➔ Rzeszów,Kraków MDA,Rzeszów,11:45,42.40,72,18,90,➡️ 0,763.20
2026-09-01 10:39:30,Wrocław ➔ Sanok,Poranny (07:45),02.09.2026,07:45,Rzeszów ➔ Niebylec,Rzeszów,Niebylec,13:50,13.30,56,9,65,📉 -9,119.70
2026-09-01 10:39:30,Wrocław ➔ Sanok,Poranny (07:45),02.09.2026,07:45,Niebylec ➔ Sanok,Niebylec,Sanok,14:35,25.00,56,9,65,➡️ 0,225.00
2026-09-01 10:39:30,Wrocław ➔ Sanok,Południowy (12:00),02.09.2026,12:00,Wrocław ➔ Gliwice,Wrocław,Gliwice,12:00,34.45,66,24,90,Start trasy,826.80
2026-09-01 10:39:30,Wrocław ➔ Sanok,Południowy (12:00),02.09.2026,12:00,Gliwice ➔ Katowice,Gliwice,Katowice,14:00,19.95,1,64,65,📈 +40,1276.80
2026-09-01 10:39:30,Wrocław ➔ Sanok,Południowy (12:00),02.09.2026,12:00,Katowice ➔ Balice,Katowice,Balice,14:30,45.60,60,5,65,📉 -59,228.00
2026-09-01 10:39:30,Wrocław ➔ Sanok,Południowy (12:00),02.09.2026,12:00,Balice ➔ Kraków MDA,Balice,Kraków MDA,15:20,27.00,54,11,65,📈 +6,297.00
2026-09-01 10:39:30,Wrocław ➔ Sanok,Południowy (12:00),02.09.2026,12:00,Kraków MDA ➔ Rzeszów,Kraków MDA,Rzeszów,16:15,42.40,49,16,65,📈 +5,678.40
2026-09-01 10:39:30,Wrocław ➔ Sanok,Południowy (12:00),02.09.2026,12:00,Rzeszów ➔ Niebylec,Rzeszów,Niebylec,18:40,0.00,B/D,0,65,📉 -16,0.00
2026-09-01 10:39:30,Wrocław ➔ Sanok,Południowy (12:00),02.09.2026,12:00,Niebylec ➔ Sanok,Niebylec,Sanok,19:20,25.00,50,15,65,📈 +15,375.00
2026-09-01 10:39:30,Wrocław ➔ Sanok,Popołudniowy (15:35),02.09.2026,15:35,Wrocław ➔ Gliwice,Wrocław,Gliwice,15:35,34.45,55,10,65,Start trasy,344.50
2026-09-01 10:39:30,Wrocław ➔ Sanok,Popołudniowy (15:35),02.09.2026,15:35,Gliwice ➔ Katowice,Gliwice,Katowice,17:40,19.95,31,34,65,📈 +24,678.30
2026-09-01 10:39:30,Wrocław ➔ Sanok,Popołudniowy (15:35),02.09.2026,15:35,Katowice ➔ Balice,Katowice,Balice,18:15,45.60,54,11,65,📉 -23,501.60
2026-09-01 10:39:30,Wrocław ➔ Sanok,Popołudniowy (15:35),02.09.2026,15:35,Balice ➔ Kraków MDA,Balice,Kraków MDA,19:05,27.00,31,34,65,📈 +23,918.00
2026-09-01 10:39:30,Wrocław ➔ Sanok,Popołudniowy (15:35),02.09.2026,15:35,Kraków MDA ➔ Rzeszów,Kraków MDA,Rzeszów,19:45,42.40,54,11,65,📉 -23,466.40
2026-09-01 10:39:30,Wrocław ➔ Sanok,Popołudniowy (15:35),02.09.2026,15:35,Rzeszów ➔ Niebylec,Rzeszów,Niebylec,21:55,0.00,B/D,0,65,📉 -11,0.00
2026-09-01 10:39:30,Wrocław ➔ Sanok,Popołudniowy (15:35),02.09.2026,15:35,Niebylec ➔ Sanok,Niebylec,Sanok,22:30,25.00,55,10,65,📈 +10,250.00
2026-09-01 10:39:30,Wrocław ➔ Sanok,Nocny (22:25),02.09.2026,22:25,Wrocław ➔ Gliwice,Wrocław,Gliwice,22:25,34.45,84,6,90,Start trasy,206.70
2026-09-01 10:39:30,Wrocław ➔ Sanok,Nocny (22:25),02.09.2026,22:25,Gliwice ➔ Katowice,Gliwice,Katowice,00:20,19.95,81,9,90,📈 +3,179.55
2026-09-01 10:39:30,Wrocław ➔ Sanok,Nocny (22:25),02.09.2026,22:25,Katowice ➔ Balice,Katowice,Balice,00:50,45.60,80,10,90,📈 +1,456.00
2026-09-01 10:39:30,Wrocław ➔ Sanok,Nocny (22:25),02.09.2026,22:25,Balice ➔ Kraków MDA,Balice,Kraków MDA,01:50,27.00,70,20,90,📈 +10,540.00
2026-09-01 10:39:30,Wrocław ➔ Sanok,Nocny (22:25),02.09.2026,22:25,Kraków MDA ➔ Rzeszów,Kraków MDA,Rzeszów,02:20,42.40,1,64,65,📈 +44,2713.60
2026-09-01 10:39:30,Wrocław ➔ Sanok,Nocny (22:25),02.09.2026,22:25,Rzeszów ➔ Niebylec,Rzeszów,Niebylec,04:30,13.30,7,58,65,📉 -6,771.40
2026-09-01 10:39:30,Wrocław ➔ Sanok,Nocny (22:25),02.09.2026,22:25,Niebylec ➔ Sanok,Niebylec,Sanok,05:00,25.00,56,9,65,📉 -49,225.00
2026-09-01 10:39:30,Sanok ➔ Wrocław,Poranny I (03:00),03.09.2026,03:00,Sanok ➔ Niebylec,Sanok,Niebylec,03:00,23.75,48,17,65,Start trasy,403.75
2026-09-01 10:39:30,Sanok ➔ Wrocław,Poranny I (03:00),03.09.2026,03:00,Niebylec ➔ Rzeszów,Niebylec,Rzeszów,04:00,14.00,48,17,65,➡️ 0,238.00
2026-09-01 10:39:30,Sanok ➔ Wrocław,Poranny I (03:00),03.09.2026,03:00,Rzeszów ➔ Kraków MDA,Rzeszów,Kraków MDA,04:40,42.40,61,4,65,📉 -13,169.60
2026-09-01 10:39:30,Sanok ➔ Wrocław,Poranny I (03:00),03.09.2026,03:00,Kraków MDA ➔ Balice,Kraków MDA,Balice,06:55,27.00,61,4,65,➡️ 0,108.00
2026-09-01 10:39:30,Sanok ➔ Wrocław,Poranny I (03:00),03.09.2026,03:00,Balice ➔ Katowice,Balice,Katowice,07:20,48.00,1,64,65,📈 +60,3072.00
2026-09-01 10:39:30,Sanok ➔ Wrocław,Poranny I (03:00),03.09.2026,03:00,Katowice ➔ Gliwice,Katowice,Gliwice,08:30,18.90,1,64,65,➡️ 0,1209.60
2026-09-01 10:39:30,Sanok ➔ Wrocław,Poranny I (03:00),03.09.2026,03:00,Gliwice ➔ Wrocław,Gliwice,Wrocław,09:00,34.45,1,64,65,➡️ 0,2204.80
2026-09-01 10:39:30,Sanok ➔ Wrocław,Poranny II (06:35),03.09.2026,06:35,Sanok ➔ Niebylec,Sanok,Niebylec,06:35,23.75,28,37,65,Start trasy,878.75
2026-09-01 10:39:30,Sanok ➔ Wrocław,Poranny II (06:35),03.09.2026,06:35,Niebylec ➔ Rzeszów,Niebylec,Rzeszów,07:40,14.00,1,64,65,📈 +27,896.00
2026-09-01 10:39:30,Sanok ➔ Wrocław,Poranny II (06:35),03.09.2026,06:35,Rzeszów ➔ Kraków MDA,Rzeszów,Kraków MDA,08:40,42.40,44,21,65,📉 -43,890.40
2026-09-01 10:39:30,Sanok ➔ Wrocław,Poranny II (06:35),03.09.2026,06:35,Kraków MDA ➔ Balice,Kraków MDA,Balice,10:55,27.00,1,64,65,📈 +43,1728.00
2026-09-01 10:39:30,Sanok ➔ Wrocław,Poranny II (06:35),03.09.2026,06:35,Balice ➔ Katowice,Balice,Katowice,11:30,48.00,1,64,65,➡️ 0,3072.00
2026-09-01 10:39:30,Sanok ➔ Wrocław,Poranny II (06:35),03.09.2026,06:35,Katowice ➔ Gliwice,Katowice,Gliwice,12:30,0.00,B/D,0,65,📉 -64,0.00
2026-09-01 10:39:30,Sanok ➔ Wrocław,Poranny II (06:35),03.09.2026,06:35,Gliwice ➔ Wrocław,Gliwice,Wrocław,13:00,0.00,B/D,0,65,➡️ 0,0.00
2026-09-01 10:39:30,Sanok ➔ Wrocław,Nocny (23:50),03.09.2026,23:50,Sanok ➔ Niebylec,Sanok,Niebylec,23:50,23.75,19,46,65,Start trasy,1092.50
2026-09-01 10:39:30,Sanok ➔ Wrocław,Nocny (23:50),03.09.2026,23:50,Niebylec ➔ Rzeszów,Niebylec,Rzeszów,00:50,0.00,B/D,0,65,📉 -46,0.00
2026-09-01 10:39:30,Sanok ➔ Wrocław,Nocny (23:50),03.09.2026,23:50,Rzeszów ➔ Kraków MDA,Rzeszów,Kraków MDA,01:30,42.40,53,12,65,📈 +12,508.80
2026-09-01 10:39:30,Sanok ➔ Wrocław,Nocny (23:50),03.09.2026,23:50,Kraków MDA ➔ Balice,Kraków MDA,Balice,03:35,27.00,59,6,65,📉 -6,162.00
2026-09-01 10:39:30,Sanok ➔ Wrocław,Nocny (23:50),03.09.2026,23:50,Balice ➔ Katowice,Balice,Katowice,04:00,0.00,B/D,0,65,📉 -6,0.00
2026-09-01 10:39:30,Sanok ➔ Wrocław,Nocny (23:50),03.09.2026,23:50,Katowice ➔ Gliwice,Katowice,Gliwice,04:55,18.90,64,1,65,📈 +1,18.90
2026-09-01 10:39:30,Sanok ➔ Wrocław,Nocny (23:50),03.09.2026,23:50,Gliwice ➔ Wrocław,Gliwice,Wrocław,05:22,34.45,89,1,90,➡️ 0,34.45
2026-09-01 11:12:45,Sanok ➔ Wrocław,Poranny I (03:00),01.09.2026,03:00,Sanok ➔ Niebylec,Sanok,Niebylec,03:00,23.75,55,10,65,Start trasy,237.50
2026-09-01 11:12:45,Sanok ➔ Wrocław,Poranny I (03:00),01.09.2026,03:00,Niebylec ➔ Rzeszów,Niebylec,Rzeszów,04:00,14.00,51,14,65,📈 +4,196.00
2026-09-01 11:12:45,Sanok ➔ Wrocław,Poranny I (03:00),01.09.2026,03:00,Rzeszów ➔ Kraków MDA,Rzeszów,Kraków MDA,04:40,0.00,B/D,0,65,📉 -14,0.00
2026-09-01 11:12:45,Sanok ➔ Wrocław,Poranny I (03:00),01.09.2026,03:00,Kraków MDA ➔ Balice,Kraków MDA,Balice,06:55,27.00,44,21,65,📈 +21,567.00
2026-09-01 11:12:45,Sanok ➔ Wrocław,Poranny I (03:00),01.09.2026,03:00,Balice ➔ Katowice,Balice,Katowice,07:20,48.00,76,14,90,📉 -7,672.00
2026-09-01 11:12:45,Sanok ➔ Wrocław,Poranny I (03:00),01.09.2026,03:00,Katowice ➔ Gliwice,Katowice,Gliwice,08:30,18.90,81,9,90,📉 -5,170.10
2026-09-01 11:12:45,Sanok ➔ Wrocław,Poranny I (03:00),01.09.2026,03:00,Gliwice ➔ Wrocław,Gliwice,Wrocław,09:00,34.45,82,8,90,📉 -1,275.60
2026-09-01 11:12:45,Sanok ➔ Wrocław,Poranny II (06:35),01.09.2026,06:35,Sanok ➔ Niebylec,Sanok,Niebylec,06:35,23.75,55,10,65,Start trasy,237.50
2026-09-01 11:12:45,Sanok ➔ Wrocław,Poranny II (06:35),01.09.2026,06:35,Niebylec ➔ Rzeszów,Niebylec,Rzeszów,07:40,14.00,51,14,65,📈 +4,196.00
2026-09-01 11:12:45,Sanok ➔ Wrocław,Poranny II (06:35),01.09.2026,06:35,Rzeszów ➔ Kraków MDA,Rzeszów,Kraków MDA,08:40,0.00,B/D,0,65,📉 -14,0.00
2026-09-01 11:12:45,Sanok ➔ Wrocław,Poranny II (06:35),01.09.2026,06:35,Kraków MDA ➔ Balice,Kraków MDA,Balice,10:55,27.00,44,21,65,📈 +21,567.00
2026-09-01 11:12:45,Sanok ➔ Wrocław,Poranny II (06:35),01.09.2026,06:35,Balice ➔ Katowice,Balice,Katowice,11:30,48.00,76,14,90,📉 -7,672.00
2026-09-01 11:12:45,Sanok ➔ Wrocław,Poranny II (06:35),01.09.2026,06:35,Katowice ➔ Gliwice,Katowice,Gliwice,12:30,18.90,81,9,90,📉 -5,170.10
2026-09-01 11:12:45,Sanok ➔ Wrocław,Poranny II (06:35),01.09.2026,06:35,Gliwice ➔ Wrocław,Gliwice,Wrocław,13:00,34.45,82,8,90,📉 -1,275.60
2026-09-01 11:12:45,Wrocław ➔ Sanok,Poranny (07:45),01.09.2026,07:45,Wrocław ➔ Gliwice,Wrocław,Gliwice,07:45,34.45,1,64,65,Start trasy,2204.80
2026-09-01 11:12:45,Wrocław ➔ Sanok,Poranny (07:45),01.09.2026,07:45,Gliwice ➔ Katowice,Gliwice,Katowice,09:45,19.95,1,64,65,➡️ 0,1276.80
2026-09-01 11:12:45,Wrocław ➔ Sanok,Poranny (07:45),01.09.2026,07:45,Katowice ➔ Balice,Katowice,Balice,10:15,0.00,B/D,0,65,📉 -64,0.00
2026-09-01 11:12:45,Wrocław ➔ Sanok,Poranny (07:45),01.09.2026,07:45,Balice ➔ Kraków MDA,Balice,Kraków MDA,11:05,0.00,B/D,0,65,➡️ 0,0.00
2026-09-01 11:12:45,Wrocław ➔ Sanok,Poranny (07:45),01.09.2026,07:45,Kraków MDA ➔ Rzeszów,Kraków MDA,Rzeszów,11:45,0.00,B/D,0,65,➡️ 0,0.00
2026-09-01 11:12:45,Wrocław ➔ Sanok,Poranny (07:45),01.09.2026,07:45,Rzeszów ➔ Niebylec,Rzeszów,Niebylec,13:50,0.00,B/D,0,65,➡️ 0,0.00
2026-09-01 11:12:45,Wrocław ➔ Sanok,Poranny (07:45),01.09.2026,07:45,Niebylec ➔ Sanok,Niebylec,Sanok,14:35,0.00,B/D,0,65,➡️ 0,0.00
2026-09-01 11:12:45,Sanok ➔ Wrocław,Południowy (10:10),01.09.2026,10:10,Sanok ➔ Niebylec,Sanok,Niebylec,10:10,23.75,54,11,65,Start trasy,261.25
2026-09-01 11:12:45,Sanok ➔ Wrocław,Południowy (10:10),01.09.2026,10:10,Niebylec ➔ Rzeszów,Niebylec,Rzeszów,11:25,14.00,48,17,65,📈 +6,238.00
2026-09-01 11:12:45,Sanok ➔ Wrocław,Południowy (10:10),01.09.2026,10:10,Rzeszów ➔ Kraków MDA,Rzeszów,Kraków MDA,12:20,0.00,B/D,0,65,📉 -17,0.00
2026-09-01 11:12:45,Sanok ➔ Wrocław,Południowy (10:10),01.09.2026,10:10,Kraków MDA ➔ Balice,Kraków MDA,Balice,14:40,27.00,1,64,65,📈 +64,1728.00
2026-09-01 11:12:45,Sanok ➔ Wrocław,Południowy (10:10),01.09.2026,10:10,Balice ➔ Katowice,Balice,Katowice,15:15,48.00,1,64,65,➡️ 0,3072.00
2026-09-01 11:12:45,Sanok ➔ Wrocław,Południowy (10:10),01.09.2026,10:10,Katowice ➔ Gliwice,Katowice,Gliwice,16:25,18.90,1,64,65,➡️ 0,1209.60
2026-09-01 11:12:45,Sanok ➔ Wrocław,Południowy (10:10),01.09.2026,10:10,Gliwice ➔ Wrocław,Gliwice,Wrocław,16:55,34.45,1,64,65,➡️ 0,2204.80
2026-09-01 11:12:45,Sanok ➔ Wrocław,Nocny (23:50),01.09.2026,23:50,Sanok ➔ Niebylec,Sanok,Niebylec,23:50,23.75,44,21,65,Start trasy,498.75
2026-09-01 11:12:45,Sanok ➔ Wrocław,Nocny (23:50),01.09.2026,23:50,Niebylec ➔ Rzeszów,Niebylec,Rzeszów,00:50,14.00,51,14,65,📉 -7,196.00
2026-09-01 11:12:45,Sanok ➔ Wrocław,Nocny (23:50),01.09.2026,23:50,Rzeszów ➔ Kraków MDA,Rzeszów,Kraków MDA,01:30,0.00,B/D,0,65,📉 -14,0.00
2026-09-01 11:12:45,Sanok ➔ Wrocław,Nocny (23:50),01.09.2026,23:50,Kraków MDA ➔ Balice,Kraków MDA,Balice,03:35,27.00,44,21,65,📈 +21,567.00
2026-09-01 11:12:45,Sanok ➔ Wrocław,Nocny (23:50),01.09.2026,23:50,Balice ➔ Katowice,Balice,Katowice,04:00,48.00,76,14,90,📉 -7,672.00
2026-09-01 11:12:45,Sanok ➔ Wrocław,Nocny (23:50),01.09.2026,23:50,Katowice ➔ Gliwice,Katowice,Gliwice,04:55,18.90,81,9,90,📉 -5,170.10
2026-09-01 11:12:45,Sanok ➔ Wrocław,Nocny (23:50),01.09.2026,23:50,Gliwice ➔ Wrocław,Gliwice,Wrocław,05:22,34.45,82,8,90,📉 -1,275.60
2026-09-01 11:12:45,Sanok ➔ Wrocław,Poranny II (06:35),03.09.2026,06:35,Sanok ➔ Niebylec,Sanok,Niebylec,06:35,0.00,B/D,0,65,Start trasy,0.00
2026-09-01 11:12:45,Sanok ➔ Wrocław,Poranny II (06:35),03.09.2026,06:35,Niebylec ➔ Rzeszów,Niebylec,Rzeszów,07:40,0.00,B/D,0,65,➡️ 0,0.00
2026-09-01 11:12:45,Sanok ➔ Wrocław,Poranny II (06:35),03.09.2026,06:35,Rzeszów ➔ Kraków MDA,Rzeszów,Kraków MDA,08:40,42.40,45,20,65,📈 +20,848.00
2026-09-01 11:12:45,Sanok ➔ Wrocław,Poranny II (06:35),03.09.2026,06:35,Kraków MDA ➔ Balice,Kraków MDA,Balice,10:55,0.00,B/D,0,65,📉 -20,0.00
2026-09-01 11:12:45,Sanok ➔ Wrocław,Poranny II (06:35),03.09.2026,06:35,Balice ➔ Katowice,Balice,Katowice,11:30,0.00,B/D,0,65,➡️ 0,0.00
2026-09-01 11:12:45,Sanok ➔ Wrocław,Poranny II (06:35),03.09.2026,06:35,Katowice ➔ Gliwice,Katowice,Gliwice,12:30,0.00,B/D,0,65,➡️ 0,0.00
2026-09-01 11:12:45,Sanok ➔ Wrocław,Poranny II (06:35),03.09.2026,06:35,Gliwice ➔ Wrocław,Gliwice,Wrocław,13:00,0.00,B/D,0,65,➡️ 0,0.00
2026-09-01 11:12:45,Wrocław ➔ Sanok,Poranny (07:45),03.09.2026,07:45,Wrocław ➔ Gliwice,Wrocław,Gliwice,07:45,34.45,90,0,90,Start trasy,0.00
2026-09-01 11:12:45,Wrocław ➔ Sanok,Poranny (07:45),03.09.2026,07:45,Gliwice ➔ Katowice,Gliwice,Katowice,09:45,19.95,90,0,90,➡️ 0,0.00
2026-09-01 11:12:45,Wrocław ➔ Sanok,Poranny (07:45),03.09.2026,07:45,Katowice ➔ Balice,Katowice,Balice,10:15,45.60,89,1,90,📈 +1,45.60
2026-09-01 11:12:45,Wrocław ➔ Sanok,Poranny (07:45),03.09.2026,07:45,Balice ➔ Kraków MDA,Balice,Kraków MDA,11:05,27.00,89,1,90,➡️ 0,27.00
2026-09-01 11:12:45,Wrocław ➔ Sanok,Poranny (07:45),03.09.2026,07:45,Kraków MDA ➔ Rzeszów,Kraków MDA,Rzeszów,11:45,42.40,87,3,90,📈 +2,127.20
2026-09-01 11:12:45,Wrocław ➔ Sanok,Poranny (07:45),03.09.2026,07:45,Rzeszów ➔ Niebylec,Rzeszów,Niebylec,13:50,0.00,B/D,0,65,📉 -3,0.00
2026-09-01 11:12:45,Wrocław ➔ Sanok,Poranny (07:45),03.09.2026,07:45,Niebylec ➔ Sanok,Niebylec,Sanok,14:35,25.00,63,2,65,📈 +2,50.00
2026-09-01 11:12:45,Sanok ➔ Wrocław,Południowy (10:10),03.09.2026,10:10,Sanok ➔ Niebylec,Sanok,Niebylec,10:10,0.00,B/D,0,65,Start trasy,0.00
2026-09-01 11:12:45,Sanok ➔ Wrocław,Południowy (10:10),03.09.2026,10:10,Niebylec ➔ Rzeszów,Niebylec,Rzeszów,11:25,0.00,B/D,0,65,➡️ 0,0.00
2026-09-01 11:12:45,Sanok ➔ Wrocław,Południowy (10:10),03.09.2026,10:10,Rzeszów ➔ Kraków MDA,Rzeszów,Kraków MDA,12:20,0.00,B/D,0,65,➡️ 0,0.00
2026-09-01 11:12:45,Sanok ➔ Wrocław,Południowy (10:10),03.09.2026,10:10,Kraków MDA ➔ Balice,Kraków MDA,Balice,14:40,0.00,B/D,0,65,➡️ 0,0.00
2026-09-01 11:12:45,Sanok ➔ Wrocław,Południowy (10:10),03.09.2026,10:10,Balice ➔ Katowice,Balice,Katowice,15:15,0.00,B/D,0,65,➡️ 0,0.00
2026-09-01 11:12:45,Sanok ➔ Wrocław,Południowy (10:10),03.09.2026,10:10,Katowice ➔ Gliwice,Katowice,Gliwice,16:25,18.90,90,0,90,➡️ 0,0.00
2026-09-01 11:12:45,Sanok ➔ Wrocław,Południowy (10:10),03.09.2026,10:10,Gliwice ➔ Wrocław,Gliwice,Wrocław,16:55,34.45,88,2,90,📈 +2,68.90
2026-09-01 11:12:45,Wrocław ➔ Sanok,Południowy (12:00),03.09.2026,12:00,Wrocław ➔ Gliwice,Wrocław,Gliwice,12:00,34.45,1,64,65,Start trasy,2204.80
2026-09-01 11:12:45,Wrocław ➔ Sanok,Południowy (12:00),03.09.2026,12:00,Gliwice ➔ Katowice,Gliwice,Katowice,14:00,19.95,64,1,65,📉 -63,19.95
2026-09-01 11:12:45,Wrocław ➔ Sanok,Południowy (12:00),03.09.2026,12:00,Katowice ➔ Balice,Katowice,Balice,14:30,45.60,62,3,65,📈 +2,136.80
2026-09-01 11:12:45,Wrocław ➔ Sanok,Południowy (12:00),03.09.2026,12:00,Balice ➔ Kraków MDA,Balice,Kraków MDA,15:20,27.00,59,6,65,📈 +3,162.00
2026-09-01 11:12:45,Wrocław ➔ Sanok,Południowy (12:00),03.09.2026,12:00,Kraków MDA ➔ Rzeszów,Kraków MDA,Rzeszów,16:15,42.40,57,8,65,📈 +2,339.20
2026-09-01 11:12:45,Wrocław ➔ Sanok,Południowy (12:00),03.09.2026,12:00,Rzeszów ➔ Niebylec,Rzeszów,Niebylec,18:40,13.30,51,14,65,📈 +6,186.20
2026-09-01 11:12:45,Wrocław ➔ Sanok,Południowy (12:00),03.09.2026,12:00,Niebylec ➔ Sanok,Niebylec,Sanok,19:20,25.00,56,9,65,📉 -5,225.00
2026-09-01 11:12:45,Wrocław ➔ Sanok,Popołudniowy (15:35),03.09.2026,15:35,Wrocław ➔ Gliwice,Wrocław,Gliwice,15:35,34.45,61,4,65,Start trasy,137.80
2026-09-01 11:12:45,Wrocław ➔ Sanok,Popołudniowy (15:35),03.09.2026,15:35,Gliwice ➔ Katowice,Gliwice,Katowice,17:40,19.95,60,5,65,📈 +1,99.75
2026-09-01 11:12:45,Wrocław ➔ Sanok,Popołudniowy (15:35),03.09.2026,15:35,Katowice ➔ Balice,Katowice,Balice,18:15,45.60,59,6,65,📈 +1,273.60
2026-09-01 11:12:45,Wrocław ➔ Sanok,Popołudniowy (15:35),03.09.2026,15:35,Balice ➔ Kraków MDA,Balice,Kraków MDA,19:05,27.00,54,11,65,📈 +5,297.00
2026-09-01 11:12:45,Wrocław ➔ Sanok,Popołudniowy (15:35),03.09.2026,15:35,Kraków MDA ➔ Rzeszów,Kraków MDA,Rzeszów,19:45,42.40,50,15,65,📈 +4,636.00
2026-09-01 11:12:45,Wrocław ➔ Sanok,Popołudniowy (15:35),03.09.2026,15:35,Rzeszów ➔ Niebylec,Rzeszów,Niebylec,21:55,13.30,31,34,65,📈 +19,452.20
2026-09-01 11:12:45,Wrocław ➔ Sanok,Popołudniowy (15:35),03.09.2026,15:35,Niebylec ➔ Sanok,Niebylec,Sanok,22:30,25.00,51,14,65,📉 -20,350.00
2026-09-01 11:12:45,Wrocław ➔ Sanok,Nocny (22:25),03.09.2026,22:25,Wrocław ➔ Gliwice,Wrocław,Gliwice,22:25,34.45,88,2,90,Start trasy,68.90
2026-09-01 11:12:45,Wrocław ➔ Sanok,Nocny (22:25),03.09.2026,22:25,Gliwice ➔ Katowice,Gliwice,Katowice,00:20,19.95,84,6,90,📈 +4,119.70
2026-09-01 11:12:45,Wrocław ➔ Sanok,Nocny (22:25),03.09.2026,22:25,Katowice ➔ Balice,Katowice,Balice,00:50,45.60,74,16,90,📈 +10,729.60
2026-09-01 11:12:45,Wrocław ➔ Sanok,Nocny (22:25),03.09.2026,22:25,Balice ➔ Kraków MDA,Balice,Kraków MDA,01:50,27.00,70,20,90,📈 +4,540.00
2026-09-01 11:12:45,Wrocław ➔ Sanok,Nocny (22:25),03.09.2026,22:25,Kraków MDA ➔ Rzeszów,Kraków MDA,Rzeszów,02:20,42.40,68,22,90,📈 +2,932.80
2026-09-01 11:12:45,Wrocław ➔ Sanok,Nocny (22:25),03.09.2026,22:25,Rzeszów ➔ Niebylec,Rzeszów,Niebylec,04:30,13.30,31,34,65,📈 +12,452.20
2026-09-01 11:12:45,Wrocław ➔ Sanok,Nocny (22:25),03.09.2026,22:25,Niebylec ➔ Sanok,Niebylec,Sanok,05:00,25.00,63,2,65,📉 -32,50.00
2026-09-01 11:36:26,Sanok ➔ Wrocław,Poranny I (03:00),01.09.2026,03:00,Sanok ➔ Niebylec,Sanok,Niebylec,03:00,23.75,52,13,65,Start trasy,308.75
2026-09-01 11:36:26,Sanok ➔ Wrocław,Poranny I (03:00),01.09.2026,03:00,Niebylec ➔ Rzeszów,Niebylec,Rzeszów,04:00,14.00,48,17,65,📈 +4,238.00
2026-09-01 11:36:26,Sanok ➔ Wrocław,Poranny I (03:00),01.09.2026,03:00,Rzeszów ➔ Kraków MDA,Rzeszów,Kraków MDA,04:40,0.00,B/D,0,65,📉 -17,0.00
2026-09-01 11:36:26,Sanok ➔ Wrocław,Poranny I (03:00),01.09.2026,03:00,Kraków MDA ➔ Balice,Kraków MDA,Balice,06:55,27.00,44,21,65,📈 +21,567.00
2026-09-01 11:36:26,Sanok ➔ Wrocław,Poranny I (03:00),01.09.2026,03:00,Balice ➔ Katowice,Balice,Katowice,07:20,48.00,72,18,90,📉 -3,864.00
2026-09-01 11:36:26,Sanok ➔ Wrocław,Poranny I (03:00),01.09.2026,03:00,Katowice ➔ Gliwice,Katowice,Gliwice,08:30,0.00,B/D,0,65,📉 -18,0.00
2026-09-01 11:36:26,Sanok ➔ Wrocław,Poranny I (03:00),01.09.2026,03:00,Gliwice ➔ Wrocław,Gliwice,Wrocław,09:00,0.00,B/D,0,65,➡️ 0,0.00
2026-09-01 11:36:26,Sanok ➔ Wrocław,Poranny II (06:35),01.09.2026,06:35,Sanok ➔ Niebylec,Sanok,Niebylec,06:35,0.00,B/D,0,65,Start trasy,0.00
2026-09-01 11:36:26,Sanok ➔ Wrocław,Poranny II (06:35),01.09.2026,06:35,Niebylec ➔ Rzeszów,Niebylec,Rzeszów,07:40,0.00,B/D,0,65,➡️ 0,0.00
2026-09-01 11:36:26,Sanok ➔ Wrocław,Poranny II (06:35),01.09.2026,06:35,Rzeszów ➔ Kraków MDA,Rzeszów,Kraków MDA,08:40,0.00,B/D,0,65,➡️ 0,0.00
2026-09-01 11:36:26,Sanok ➔ Wrocław,Poranny II (06:35),01.09.2026,06:35,Kraków MDA ➔ Balice,Kraków MDA,Balice,10:55,27.00,15,50,65,📈 +50,1350.00
2026-09-01 11:36:26,Sanok ➔ Wrocław,Poranny II (06:35),01.09.2026,06:35,Balice ➔ Katowice,Balice,Katowice,11:30,0.00,B/D,0,65,📉 -50,0.00
2026-09-01 11:36:26,Sanok ➔ Wrocław,Poranny II (06:35),01.09.2026,06:35,Katowice ➔ Gliwice,Katowice,Gliwice,12:30,18.90,15,50,65,📈 +50,945.00
2026-09-01 11:36:26,Sanok ➔ Wrocław,Poranny II (06:35),01.09.2026,06:35,Gliwice ➔ Wrocław,Gliwice,Wrocław,13:00,0.00,B/D,0,65,📉 -50,0.00
2026-09-01 11:36:26,Wrocław ➔ Sanok,Popołudniowy (15:35),01.09.2026,15:35,Wrocław ➔ Gliwice,Wrocław,Gliwice,15:35,0.00,B/D,0,65,Start trasy,0.00
2026-09-01 11:36:26,Wrocław ➔ Sanok,Popołudniowy (15:35),01.09.2026,15:35,Gliwice ➔ Katowice,Gliwice,Katowice,17:40,19.95,66,24,90,📈 +24,478.80
2026-09-01 11:36:26,Wrocław ➔ Sanok,Popołudniowy (15:35),01.09.2026,15:35,Katowice ➔ Balice,Katowice,Balice,18:15,45.60,64,1,65,📉 -23,45.60
2026-09-01 11:36:26,Wrocław ➔ Sanok,Popołudniowy (15:35),01.09.2026,15:35,Balice ➔ Kraków MDA,Balice,Kraków MDA,19:05,27.00,62,3,65,📈 +2,81.00
2026-09-01 11:36:26,Wrocław ➔ Sanok,Popołudniowy (15:35),01.09.2026,15:35,Kraków MDA ➔ Rzeszów,Kraków MDA,Rzeszów,19:45,42.40,56,9,65,📈 +6,381.60
2026-09-01 11:36:26,Wrocław ➔ Sanok,Popołudniowy (15:35),01.09.2026,15:35,Rzeszów ➔ Niebylec,Rzeszów,Niebylec,21:55,13.30,56,9,65,➡️ 0,119.70
2026-09-01 11:36:26,Wrocław ➔ Sanok,Popołudniowy (15:35),01.09.2026,15:35,Niebylec ➔ Sanok,Niebylec,Sanok,22:30,25.00,56,9,65,➡️ 0,225.00
2026-09-01 11:36:26,Wrocław ➔ Sanok,Nocny (22:25),01.09.2026,22:25,Wrocław ➔ Gliwice,Wrocław,Gliwice,22:25,34.45,85,5,90,Start trasy,172.25
2026-09-01 11:36:26,Wrocław ➔ Sanok,Nocny (22:25),01.09.2026,22:25,Gliwice ➔ Katowice,Gliwice,Katowice,00:20,19.95,55,10,65,📈 +5,199.50
2026-09-01 11:36:26,Wrocław ➔ Sanok,Nocny (22:25),01.09.2026,22:25,Katowice ➔ Balice,Katowice,Balice,00:50,45.60,53,12,65,📈 +2,547.20
2026-09-01 11:36:26,Wrocław ➔ Sanok,Nocny (22:25),01.09.2026,22:25,Balice ➔ Kraków MDA,Balice,Kraków MDA,01:50,27.00,47,18,65,📈 +6,486.00
2026-09-01 11:36:26,Wrocław ➔ Sanok,Nocny (22:25),01.09.2026,22:25,Kraków MDA ➔ Rzeszów,Kraków MDA,Rzeszów,02:20,42.40,35,30,65,📈 +12,1272.00
2026-09-01 11:36:26,Wrocław ➔ Sanok,Nocny (22:25),01.09.2026,22:25,Rzeszów ➔ Niebylec,Rzeszów,Niebylec,04:30,13.30,49,16,65,📉 -14,212.80
2026-09-01 11:36:26,Wrocław ➔ Sanok,Nocny (22:25),01.09.2026,22:25,Niebylec ➔ Sanok,Niebylec,Sanok,05:00,25.00,51,14,65,📉 -2,350.00
2026-09-01 11:36:26,Sanok ➔ Wrocław,Nocny (23:50),01.09.2026,23:50,Sanok ➔ Niebylec,Sanok,Niebylec,23:50,23.75,44,21,65,Start trasy,498.75
2026-09-01 11:36:26,Sanok ➔ Wrocław,Nocny (23:50),01.09.2026,23:50,Niebylec ➔ Rzeszów,Niebylec,Rzeszów,00:50,14.00,48,17,65,📉 -4,238.00
2026-09-01 11:36:26,Sanok ➔ Wrocław,Nocny (23:50),01.09.2026,23:50,Rzeszów ➔ Kraków MDA,Rzeszów,Kraków MDA,01:30,0.00,B/D,0,65,📉 -17,0.00
2026-09-01 11:36:26,Sanok ➔ Wrocław,Nocny (23:50),01.09.2026,23:50,Kraków MDA ➔ Balice,Kraków MDA,Balice,03:35,27.00,44,21,65,📈 +21,567.00
2026-09-01 11:36:26,Sanok ➔ Wrocław,Nocny (23:50),01.09.2026,23:50,Balice ➔ Katowice,Balice,Katowice,04:00,48.00,74,16,90,📉 -5,768.00
2026-09-01 11:36:26,Sanok ➔ Wrocław,Nocny (23:50),01.09.2026,23:50,Katowice ➔ Gliwice,Katowice,Gliwice,04:55,18.90,81,9,90,📉 -7,170.10
2026-09-01 11:36:26,Sanok ➔ Wrocław,Nocny (23:50),01.09.2026,23:50,Gliwice ➔ Wrocław,Gliwice,Wrocław,05:22,34.45,81,9,90,➡️ 0,310.05
2026-09-01 11:36:26,Sanok ➔ Wrocław,Poranny I (03:00),02.09.2026,03:00,Sanok ➔ Niebylec,Sanok,Niebylec,03:00,23.75,55,10,65,Start trasy,237.50
2026-09-01 11:36:26,Sanok ➔ Wrocław,Poranny I (03:00),02.09.2026,03:00,Niebylec ➔ Rzeszów,Niebylec,Rzeszów,04:00,14.00,55,10,65,➡️ 0,140.00
2026-09-01 11:36:26,Sanok ➔ Wrocław,Poranny I (03:00),02.09.2026,03:00,Rzeszów ➔ Kraków MDA,Rzeszów,Kraków MDA,04:40,42.40,44,21,65,📈 +11,890.40
2026-09-01 11:36:26,Sanok ➔ Wrocław,Poranny I (03:00),02.09.2026,03:00,Kraków MDA ➔ Balice,Kraków MDA,Balice,06:55,27.00,44,21,65,➡️ 0,567.00
2026-09-01 11:36:26,Sanok ➔ Wrocław,Poranny I (03:00),02.09.2026,03:00,Balice ➔ Katowice,Balice,Katowice,07:20,48.00,63,2,65,📉 -19,96.00
2026-09-01 11:36:26,Sanok ➔ Wrocław,Poranny I (03:00),02.09.2026,03:00,Katowice ➔ Gliwice,Katowice,Gliwice,08:30,18.90,1,64,65,📈 +62,1209.60
2026-09-01 11:36:26,Sanok ➔ Wrocław,Poranny I (03:00),02.09.2026,03:00,Gliwice ➔ Wrocław,Gliwice,Wrocław,09:00,34.45,1,64,65,➡️ 0,2204.80
2026-09-01 11:36:26,Sanok ➔ Wrocław,Poranny II (06:35),02.09.2026,06:35,Sanok ➔ Niebylec,Sanok,Niebylec,06:35,23.75,47,18,65,Start trasy,427.50
2026-09-01 11:36:26,Sanok ➔ Wrocław,Poranny II (06:35),02.09.2026,06:35,Niebylec ➔ Rzeszów,Niebylec,Rzeszów,07:40,14.00,41,24,65,📈 +6,336.00
2026-09-01 11:36:26,Sanok ➔ Wrocław,Poranny II (06:35),02.09.2026,06:35,Rzeszów ➔ Kraków MDA,Rzeszów,Kraków MDA,08:40,42.40,31,34,65,📈 +10,1441.60
2026-09-01 11:36:26,Sanok ➔ Wrocław,Poranny II (06:35),02.09.2026,06:35,Kraków MDA ➔ Balice,Kraków MDA,Balice,10:55,27.00,47,18,65,📉 -16,486.00
2026-09-01 11:36:26,Sanok ➔ Wrocław,Poranny II (06:35),02.09.2026,06:35,Balice ➔ Katowice,Balice,Katowice,11:30,48.00,55,10,65,📉 -8,480.00
2026-09-01 11:36:26,Sanok ➔ Wrocław,Poranny II (06:35),02.09.2026,06:35,Katowice ➔ Gliwice,Katowice,Gliwice,12:30,18.90,58,7,65,📉 -3,132.30
2026-09-01 11:36:26,Sanok ➔ Wrocław,Poranny II (06:35),02.09.2026,06:35,Gliwice ➔ Wrocław,Gliwice,Wrocław,13:00,34.45,58,7,65,➡️ 0,241.15
2026-09-01 11:36:26,Wrocław ➔ Sanok,Poranny (07:45),02.09.2026,07:45,Wrocław ➔ Gliwice,Wrocław,Gliwice,07:45,34.45,90,0,90,Start trasy,0.00
2026-09-01 11:36:26,Wrocław ➔ Sanok,Poranny (07:45),02.09.2026,07:45,Gliwice ➔ Katowice,Gliwice,Katowice,09:45,19.95,86,4,90,📈 +4,79.80
2026-09-01 11:36:26,Wrocław ➔ Sanok,Poranny (07:45),02.09.2026,07:45,Katowice ➔ Balice,Katowice,Balice,10:15,45.60,75,15,90,📈 +11,684.00
2026-09-01 11:36:26,Wrocław ➔ Sanok,Poranny (07:45),02.09.2026,07:45,Balice ➔ Kraków MDA,Balice,Kraków MDA,11:05,27.00,64,1,65,📉 -14,27.00
2026-09-01 11:36:26,Wrocław ➔ Sanok,Poranny (07:45),02.09.2026,07:45,Kraków MDA ➔ Rzeszów,Kraków MDA,Rzeszów,11:45,42.40,72,18,90,📈 +17,763.20
2026-09-01 11:36:26,Wrocław ➔ Sanok,Poranny (07:45),02.09.2026,07:45,Rzeszów ➔ Niebylec,Rzeszów,Niebylec,13:50,0.00,B/D,0,65,📉 -18,0.00
2026-09-01 11:36:26,Wrocław ➔ Sanok,Poranny (07:45),02.09.2026,07:45,Niebylec ➔ Sanok,Niebylec,Sanok,14:35,25.00,56,9,65,📈 +9,225.00
2026-09-01 11:36:26,Sanok ➔ Wrocław,Południowy (10:10),02.09.2026,10:10,Sanok ➔ Niebylec,Sanok,Niebylec,10:10,23.75,53,12,65,Start trasy,285.00
2026-09-01 11:36:26,Sanok ➔ Wrocław,Południowy (10:10),02.09.2026,10:10,Niebylec ➔ Rzeszów,Niebylec,Rzeszów,11:25,0.00,B/D,0,65,📉 -12,0.00
2026-09-01 11:36:26,Sanok ➔ Wrocław,Południowy (10:10),02.09.2026,10:10,Rzeszów ➔ Kraków MDA,Rzeszów,Kraków MDA,12:20,42.40,59,6,65,📈 +6,254.40
2026-09-01 11:36:26,Sanok ➔ Wrocław,Południowy (10:10),02.09.2026,10:10,Kraków MDA ➔ Balice,Kraków MDA,Balice,14:40,27.00,75,15,90,📈 +9,405.00
2026-09-01 11:36:26,Sanok ➔ Wrocław,Południowy (10:10),02.09.2026,10:10,Balice ➔ Katowice,Balice,Katowice,15:15,48.00,86,4,90,📉 -11,192.00
2026-09-01 11:36:26,Sanok ➔ Wrocław,Południowy (10:10),02.09.2026,10:10,Katowice ➔ Gliwice,Katowice,Gliwice,16:25,18.90,85,5,90,📈 +1,94.50
2026-09-01 11:36:26,Sanok ➔ Wrocław,Południowy (10:10),02.09.2026,10:10,Gliwice ➔ Wrocław,Gliwice,Wrocław,16:55,34.45,90,0,90,📉 -5,0.00
2026-09-01 11:36:26,Wrocław ➔ Sanok,Południowy (12:00),02.09.2026,12:00,Wrocław ➔ Gliwice,Wrocław,Gliwice,12:00,34.45,66,24,90,Start trasy,826.80
2026-09-01 11:36:26,Wrocław ➔ Sanok,Południowy (12:00),02.09.2026,12:00,Gliwice ➔ Katowice,Gliwice,Katowice,14:00,19.95,1,64,65,📈 +40,1276.80
2026-09-01 11:36:26,Wrocław ➔ Sanok,Południowy (12:00),02.09.2026,12:00,Katowice ➔ Balice,Katowice,Balice,14:30,45.60,60,5,65,📉 -59,228.00
2026-09-01 11:36:26,Wrocław ➔ Sanok,Południowy (12:00),02.09.2026,12:00,Balice ➔ Kraków MDA,Balice,Kraków MDA,15:20,27.00,54,11,65,📈 +6,297.00
2026-09-01 11:36:26,Wrocław ➔ Sanok,Południowy (12:00),02.09.2026,12:00,Kraków MDA ➔ Rzeszów,Kraków MDA,Rzeszów,16:15,42.40,49,16,65,📈 +5,678.40
2026-09-01 11:36:26,Wrocław ➔ Sanok,Południowy (12:00),02.09.2026,12:00,Rzeszów ➔ Niebylec,Rzeszów,Niebylec,18:40,13.30,35,30,65,📈 +14,399.00
2026-09-01 11:36:26,Wrocław ➔ Sanok,Południowy (12:00),02.09.2026,12:00,Niebylec ➔ Sanok,Niebylec,Sanok,19:20,25.00,50,15,65,📉 -15,375.00
2026-09-01 11:36:26,Wrocław ➔ Sanok,Popołudniowy (15:35),02.09.2026,15:35,Wrocław ➔ Gliwice,Wrocław,Gliwice,15:35,34.45,49,16,65,Start trasy,551.20
2026-09-01 11:36:26,Wrocław ➔ Sanok,Popołudniowy (15:35),02.09.2026,15:35,Gliwice ➔ Katowice,Gliwice,Katowice,17:40,19.95,49,16,65,➡️ 0,319.20
2026-09-01 11:36:26,Wrocław ➔ Sanok,Popołudniowy (15:35),02.09.2026,15:35,Katowice ➔ Balice,Katowice,Balice,18:15,45.60,51,14,65,📉 -2,638.40
2026-09-01 11:36:26,Wrocław ➔ Sanok,Popołudniowy (15:35),02.09.2026,15:35,Balice ➔ Kraków MDA,Balice,Kraków MDA,19:05,27.00,49,16,65,📈 +2,432.00
2026-09-01 11:36:26,Wrocław ➔ Sanok,Popołudniowy (15:35),02.09.2026,15:35,Kraków MDA ➔ Rzeszów,Kraków MDA,Rzeszów,19:45,42.40,49,16,65,➡️ 0,678.40
2026-09-01 11:36:26,Wrocław ➔ Sanok,Popołudniowy (15:35),02.09.2026,15:35,Rzeszów ➔ Niebylec,Rzeszów,Niebylec,21:55,13.30,8,57,65,📈 +41,758.10
2026-09-01 11:36:26,Wrocław ➔ Sanok,Popołudniowy (15:35),02.09.2026,15:35,Niebylec ➔ Sanok,Niebylec,Sanok,22:30,25.00,31,34,65,📉 -23,850.00
2026-09-01 11:36:26,Wrocław ➔ Sanok,Nocny (22:25),02.09.2026,22:25,Wrocław ➔ Gliwice,Wrocław,Gliwice,22:25,34.45,82,8,90,Start trasy,275.60
2026-09-01 11:36:26,Wrocław ➔ Sanok,Nocny (22:25),02.09.2026,22:25,Gliwice ➔ Katowice,Gliwice,Katowice,00:20,0.00,B/D,0,65,📉 -8,0.00
2026-09-01 11:36:26,Wrocław ➔ Sanok,Nocny (22:25),02.09.2026,22:25,Katowice ➔ Balice,Katowice,Balice,00:50,45.60,78,12,90,📈 +12,547.20
2026-09-01 11:36:26,Wrocław ➔ Sanok,Nocny (22:25),02.09.2026,22:25,Balice ➔ Kraków MDA,Balice,Kraków MDA,01:50,27.00,1,64,65,📈 +52,1728.00
2026-09-01 11:36:26,Wrocław ➔ Sanok,Nocny (22:25),02.09.2026,22:25,Kraków MDA ➔ Rzeszów,Kraków MDA,Rzeszów,02:20,42.40,32,33,65,📉 -31,1399.20
2026-09-01 11:36:26,Wrocław ➔ Sanok,Nocny (22:25),02.09.2026,22:25,Rzeszów ➔ Niebylec,Rzeszów,Niebylec,04:30,0.00,B/D,0,65,📉 -33,0.00
2026-09-01 11:36:26,Wrocław ➔ Sanok,Nocny (22:25),02.09.2026,22:25,Niebylec ➔ Sanok,Niebylec,Sanok,05:00,25.00,32,33,65,📈 +33,825.00
2026-09-01 11:36:26,Sanok ➔ Wrocław,Nocny (23:50),02.09.2026,23:50,Sanok ➔ Niebylec,Sanok,Niebylec,23:50,0.00,B/D,0,65,Start trasy,0.00
2026-09-01 11:36:26,Sanok ➔ Wrocław,Nocny (23:50),02.09.2026,23:50,Niebylec ➔ Rzeszów,Niebylec,Rzeszów,00:50,14.00,7,58,65,📈 +58,812.00
2026-09-01 11:36:26,Sanok ➔ Wrocław,Nocny (23:50),02.09.2026,23:50,Rzeszów ➔ Kraków MDA,Rzeszów,Kraków MDA,01:30,42.40,23,42,65,📉 -16,1780.80
2026-09-01 11:36:26,Sanok ➔ Wrocław,Nocny (23:50),02.09.2026,23:50,Kraków MDA ➔ Balice,Kraków MDA,Balice,03:35,27.00,27,38,65,📉 -4,1026.00
2026-09-01 11:36:26,Sanok ➔ Wrocław,Nocny (23:50),02.09.2026,23:50,Balice ➔ Katowice,Balice,Katowice,04:00,48.00,1,64,65,📈 +26,3072.00
2026-09-01 11:36:26,Sanok ➔ Wrocław,Nocny (23:50),02.09.2026,23:50,Katowice ➔ Gliwice,Katowice,Gliwice,04:55,18.90,81,9,90,📉 -55,170.10
2026-09-01 11:36:26,Sanok ➔ Wrocław,Nocny (23:50),02.09.2026,23:50,Gliwice ➔ Wrocław,Gliwice,Wrocław,05:22,34.45,83,7,90,📉 -2,241.15
2026-09-01 11:36:26,Wrocław ➔ Sanok,Popołudniowy (15:35),03.09.2026,15:35,Wrocław ➔ Gliwice,Wrocław,Gliwice,15:35,0.00,B/D,0,65,Start trasy,0.00
2026-09-01 11:36:26,Wrocław ➔ Sanok,Popołudniowy (15:35),03.09.2026,15:35,Gliwice ➔ Katowice,Gliwice,Katowice,17:40,0.00,B/D,0,65,➡️ 0,0.00
2026-09-01 11:36:26,Wrocław ➔ Sanok,Popołudniowy (15:35),03.09.2026,15:35,Katowice ➔ Balice,Katowice,Balice,18:15,0.00,B/D,0,65,➡️ 0,0.00
2026-09-01 11:36:26,Wrocław ➔ Sanok,Popołudniowy (15:35),03.09.2026,15:35,Balice ➔ Kraków MDA,Balice,Kraków MDA,19:05,0.00,B/D,0,65,➡️ 0,0.00
2026-09-01 11:36:26,Wrocław ➔ Sanok,Popołudniowy (15:35),03.09.2026,15:35,Kraków MDA ➔ Rzeszów,Kraków MDA,Rzeszów,19:45,42.40,50,15,65,📈 +15,636.00
2026-09-01 11:36:26,Wrocław ➔ Sanok,Popołudniowy (15:35),03.09.2026,15:35,Rzeszów ➔ Niebylec,Rzeszów,Niebylec,21:55,0.00,B/D,0,65,📉 -15,0.00
2026-09-01 11:36:26,Wrocław ➔ Sanok,Popołudniowy (15:35),03.09.2026,15:35,Niebylec ➔ Sanok,Niebylec,Sanok,22:30,25.00,51,14,65,📈 +14,350.00
2026-09-01 11:36:26,Wrocław ➔ Sanok,Nocny (22:25),03.09.2026,22:25,Wrocław ➔ Gliwice,Wrocław,Gliwice,22:25,0.00,B/D,0,65,Start trasy,0.00
2026-09-01 11:36:26,Wrocław ➔ Sanok,Nocny (22:25),03.09.2026,22:25,Gliwice ➔ Katowice,Gliwice,Katowice,00:20,0.00,B/D,0,65,➡️ 0,0.00
2026-09-01 11:36:26,Wrocław ➔ Sanok,Nocny (22:25),03.09.2026,22:25,Katowice ➔ Balice,Katowice,Balice,00:50,0.00,B/D,0,65,➡️ 0,0.00
2026-09-01 11:36:26,Wrocław ➔ Sanok,Nocny (22:25),03.09.2026,22:25,Balice ➔ Kraków MDA,Balice,Kraków MDA,01:50,0.00,B/D,0,65,➡️ 0,0.00
2026-09-01 11:36:26,Wrocław ➔ Sanok,Nocny (22:25),03.09.2026,22:25,Kraków MDA ➔ Rzeszów,Kraków MDA,Rzeszów,02:20,0.00,B/D,0,65,➡️ 0,0.00
2026-09-01 11:36:26,Wrocław ➔ Sanok,Nocny (22:25),03.09.2026,22:25,Rzeszów ➔ Niebylec,Rzeszów,Niebylec,04:30,0.00,B/D,0,65,➡️ 0,0.00
2026-09-01 11:36:26,Wrocław ➔ Sanok,Nocny (22:25),03.09.2026,22:25,Niebylec ➔ Sanok,Niebylec,Sanok,05:00,25.00,63,2,65,📈 +2,50.00
2026-09-01 11:36:26,Sanok ➔ Wrocław,Nocny (23:50),03.09.2026,23:50,Sanok ➔ Niebylec,Sanok,Niebylec,23:50,23.75,1,64,65,Start trasy,1520.00
2026-09-01 11:36:26,Sanok ➔ Wrocław,Nocny (23:50),03.09.2026,23:50,Niebylec ➔ Rzeszów,Niebylec,Rzeszów,00:50,14.00,1,64,65,➡️ 0,896.00
2026-09-01 11:36:26,Sanok ➔ Wrocław,Nocny (23:50),03.09.2026,23:50,Rzeszów ➔ Kraków MDA,Rzeszów,Kraków MDA,01:30,42.40,1,64,65,➡️ 0,2713.60
2026-09-01 11:36:26,Sanok ➔ Wrocław,Nocny (23:50),03.09.2026,23:50,Kraków MDA ➔ Balice,Kraków MDA,Balice,03:35,0.00,B/D,0,65,📉 -64,0.00
2026-09-01 11:36:26,Sanok ➔ Wrocław,Nocny (23:50),03.09.2026,23:50,Balice ➔ Katowice,Balice,Katowice,04:00,0.00,B/D,0,65,➡️ 0,0.00
2026-09-01 11:36:26,Sanok ➔ Wrocław,Nocny (23:50),03.09.2026,23:50,Katowice ➔ Gliwice,Katowice,Gliwice,04:55,0.00,B/D,0,65,➡️ 0,0.00
2026-09-01 11:36:26,Sanok ➔ Wrocław,Nocny (23:50),03.09.2026,23:50,Gliwice ➔ Wrocław,Gliwice,Wrocław,05:22,0.00,B/D,0,65,➡️ 0,0.00
2026-09-01 12:14:48,Sanok ➔ Wrocław,Poranny I (03:00),01.09.2026,03:00,Sanok ➔ Niebylec,Sanok,Niebylec,03:00,23.75,1,64,65,Start trasy,1520.00
2026-09-01 12:14:48,Sanok ➔ Wrocław,Poranny I (03:00),01.09.2026,03:00,Niebylec ➔ Rzeszów,Niebylec,Rzeszów,04:00,14.00,1,64,65,➡️ 0,896.00
2026-09-01 12:14:48,Sanok ➔ Wrocław,Poranny I (03:00),01.09.2026,03:00,Rzeszów ➔ Kraków MDA,Rzeszów,Kraków MDA,04:40,0.00,B/D,0,65,📉 -64,0.00
2026-09-01 12:14:48,Sanok ➔ Wrocław,Poranny I (03:00),01.09.2026,03:00,Kraków MDA ➔ Balice,Kraków MDA,Balice,06:55,27.00,1,64,65,📈 +64,1728.00
2026-09-01 12:14:48,Sanok ➔ Wrocław,Poranny I (03:00),01.09.2026,03:00,Balice ➔ Katowice,Balice,Katowice,07:20,0.00,B/D,0,65,📉 -64,0.00
2026-09-01 12:14:48,Sanok ➔ Wrocław,Poranny I (03:00),01.09.2026,03:00,Katowice ➔ Gliwice,Katowice,Gliwice,08:30,0.00,B/D,0,65,➡️ 0,0.00
2026-09-01 12:14:48,Sanok ➔ Wrocław,Poranny I (03:00),01.09.2026,03:00,Gliwice ➔ Wrocław,Gliwice,Wrocław,09:00,0.00,B/D,0,65,➡️ 0,0.00
2026-09-01 12:14:48,Sanok ➔ Wrocław,Nocny (23:50),01.09.2026,23:50,Sanok ➔ Niebylec,Sanok,Niebylec,23:50,23.75,1,64,65,Start trasy,1520.00
2026-09-01 12:14:48,Sanok ➔ Wrocław,Nocny (23:50),01.09.2026,23:50,Niebylec ➔ Rzeszów,Niebylec,Rzeszów,00:50,14.00,1,64,65,➡️ 0,896.00
2026-09-01 12:14:48,Sanok ➔ Wrocław,Nocny (23:50),01.09.2026,23:50,Rzeszów ➔ Kraków MDA,Rzeszów,Kraków MDA,01:30,0.00,B/D,0,65,📉 -64,0.00
2026-09-01 12:14:48,Sanok ➔ Wrocław,Nocny (23:50),01.09.2026,23:50,Kraków MDA ➔ Balice,Kraków MDA,Balice,03:35,27.00,1,64,65,📈 +64,1728.00
2026-09-01 12:14:48,Sanok ➔ Wrocław,Nocny (23:50),01.09.2026,23:50,Balice ➔ Katowice,Balice,Katowice,04:00,48.00,1,64,65,➡️ 0,3072.00
2026-09-01 12:14:48,Sanok ➔ Wrocław,Nocny (23:50),01.09.2026,23:50,Katowice ➔ Gliwice,Katowice,Gliwice,04:55,18.90,1,64,65,➡️ 0,1209.60
2026-09-01 12:14:48,Sanok ➔ Wrocław,Nocny (23:50),01.09.2026,23:50,Gliwice ➔ Wrocław,Gliwice,Wrocław,05:22,34.45,1,64,65,➡️ 0,2204.80
2026-09-01 12:14:48,Wrocław ➔ Sanok,Popołudniowy (15:35),02.09.2026,15:35,Wrocław ➔ Gliwice,Wrocław,Gliwice,15:35,0.00,B/D,0,65,Start trasy,0.00
2026-09-01 12:14:48,Wrocław ➔ Sanok,Popołudniowy (15:35),02.09.2026,15:35,Gliwice ➔ Katowice,Gliwice,Katowice,17:40,0.00,B/D,0,65,➡️ 0,0.00
2026-09-01 12:14:48,Wrocław ➔ Sanok,Popołudniowy (15:35),02.09.2026,15:35,Katowice ➔ Balice,Katowice,Balice,18:15,45.60,54,11,65,📈 +11,501.60
2026-09-01 12:14:48,Wrocław ➔ Sanok,Popołudniowy (15:35),02.09.2026,15:35,Balice ➔ Kraków MDA,Balice,Kraków MDA,19:05,0.00,B/D,0,65,📉 -11,0.00
2026-09-01 12:14:48,Wrocław ➔ Sanok,Popołudniowy (15:35),02.09.2026,15:35,Kraków MDA ➔ Rzeszów,Kraków MDA,Rzeszów,19:45,42.40,54,11,65,📈 +11,466.40
2026-09-01 12:14:48,Wrocław ➔ Sanok,Popołudniowy (15:35),02.09.2026,15:35,Rzeszów ➔ Niebylec,Rzeszów,Niebylec,21:55,0.00,B/D,0,65,📉 -11,0.00
2026-09-01 12:14:48,Wrocław ➔ Sanok,Popołudniowy (15:35),02.09.2026,15:35,Niebylec ➔ Sanok,Niebylec,Sanok,22:30,25.00,54,11,65,📈 +11,275.00
2026-09-01 12:14:48,Wrocław ➔ Sanok,Nocny (22:25),02.09.2026,22:25,Wrocław ➔ Gliwice,Wrocław,Gliwice,22:25,34.45,82,8,90,Start trasy,275.60
2026-09-01 12:14:48,Wrocław ➔ Sanok,Nocny (22:25),02.09.2026,22:25,Gliwice ➔ Katowice,Gliwice,Katowice,00:20,19.95,81,9,90,📈 +1,179.55
2026-09-01 12:14:48,Wrocław ➔ Sanok,Nocny (22:25),02.09.2026,22:25,Katowice ➔ Balice,Katowice,Balice,00:50,45.60,80,10,90,📈 +1,456.00
2026-09-01 12:14:48,Wrocław ➔ Sanok,Nocny (22:25),02.09.2026,22:25,Balice ➔ Kraków MDA,Balice,Kraków MDA,01:50,27.00,69,21,90,📈 +11,567.00
2026-09-01 12:14:48,Wrocław ➔ Sanok,Nocny (22:25),02.09.2026,22:25,Kraków MDA ➔ Rzeszów,Kraków MDA,Rzeszów,02:20,42.40,63,2,65,📉 -19,84.80
2026-09-01 12:14:48,Wrocław ➔ Sanok,Nocny (22:25),02.09.2026,22:25,Rzeszów ➔ Niebylec,Rzeszów,Niebylec,04:30,13.30,43,22,65,📈 +20,292.60
2026-09-01 12:14:48,Wrocław ➔ Sanok,Nocny (22:25),02.09.2026,22:25,Niebylec ➔ Sanok,Niebylec,Sanok,05:00,25.00,56,9,65,📉 -13,225.00
2026-09-01 12:14:48,Sanok ➔ Wrocław,Poranny I (03:00),03.09.2026,03:00,Sanok ➔ Niebylec,Sanok,Niebylec,03:00,23.75,55,10,65,Start trasy,237.50
2026-09-01 12:14:48,Sanok ➔ Wrocław,Poranny I (03:00),03.09.2026,03:00,Niebylec ➔ Rzeszów,Niebylec,Rzeszów,04:00,14.00,53,12,65,📈 +2,168.00
2026-09-01 12:14:48,Sanok ➔ Wrocław,Poranny I (03:00),03.09.2026,03:00,Rzeszów ➔ Kraków MDA,Rzeszów,Kraków MDA,04:40,42.40,61,4,65,📉 -8,169.60
2026-09-01 12:14:48,Sanok ➔ Wrocław,Poranny I (03:00),03.09.2026,03:00,Kraków MDA ➔ Balice,Kraków MDA,Balice,06:55,27.00,61,4,65,➡️ 0,108.00
2026-09-01 12:14:48,Sanok ➔ Wrocław,Poranny I (03:00),03.09.2026,03:00,Balice ➔ Katowice,Balice,Katowice,07:20,48.00,1,64,65,📈 +60,3072.00
2026-09-01 12:14:48,Sanok ➔ Wrocław,Poranny I (03:00),03.09.2026,03:00,Katowice ➔ Gliwice,Katowice,Gliwice,08:30,18.90,1,64,65,➡️ 0,1209.60
2026-09-01 12:14:48,Sanok ➔ Wrocław,Poranny I (03:00),03.09.2026,03:00,Gliwice ➔ Wrocław,Gliwice,Wrocław,09:00,34.45,1,64,65,➡️ 0,2204.80
2026-09-01 12:14:48,Sanok ➔ Wrocław,Poranny II (06:35),03.09.2026,06:35,Sanok ➔ Niebylec,Sanok,Niebylec,06:35,23.75,56,9,65,Start trasy,213.75
2026-09-01 12:14:48,Sanok ➔ Wrocław,Poranny II (06:35),03.09.2026,06:35,Niebylec ➔ Rzeszów,Niebylec,Rzeszów,07:40,14.00,56,9,65,➡️ 0,126.00
2026-09-01 12:14:48,Sanok ➔ Wrocław,Poranny II (06:35),03.09.2026,06:35,Rzeszów ➔ Kraków MDA,Rzeszów,Kraków MDA,08:40,42.40,45,20,65,📈 +11,848.00
2026-09-01 12:14:48,Sanok ➔ Wrocław,Poranny II (06:35),03.09.2026,06:35,Kraków MDA ➔ Balice,Kraków MDA,Balice,10:55,27.00,53,12,65,📉 -8,324.00
2026-09-01 12:14:48,Sanok ➔ Wrocław,Poranny II (06:35),03.09.2026,06:35,Balice ➔ Katowice,Balice,Katowice,11:30,48.00,58,7,65,📉 -5,336.00
2026-09-01 12:14:48,Sanok ➔ Wrocław,Poranny II (06:35),03.09.2026,06:35,Katowice ➔ Gliwice,Katowice,Gliwice,12:30,18.90,60,5,65,📉 -2,94.50
2026-09-01 12:14:48,Sanok ➔ Wrocław,Poranny II (06:35),03.09.2026,06:35,Gliwice ➔ Wrocław,Gliwice,Wrocław,13:00,34.45,60,5,65,➡️ 0,172.25
2026-09-01 12:14:48,Wrocław ➔ Sanok,Poranny (07:45),03.09.2026,07:45,Wrocław ➔ Gliwice,Wrocław,Gliwice,07:45,34.45,90,0,90,Start trasy,0.00
2026-09-01 12:14:48,Wrocław ➔ Sanok,Poranny (07:45),03.09.2026,07:45,Gliwice ➔ Katowice,Gliwice,Katowice,09:45,19.95,90,0,90,➡️ 0,0.00
2026-09-01 12:14:48,Wrocław ➔ Sanok,Poranny (07:45),03.09.2026,07:45,Katowice ➔ Balice,Katowice,Balice,10:15,45.60,89,1,90,📈 +1,45.60
2026-09-01 12:14:48,Wrocław ➔ Sanok,Poranny (07:45),03.09.2026,07:45,Balice ➔ Kraków MDA,Balice,Kraków MDA,11:05,27.00,89,1,90,➡️ 0,27.00
2026-09-01 12:14:48,Wrocław ➔ Sanok,Poranny (07:45),03.09.2026,07:45,Kraków MDA ➔ Rzeszów,Kraków MDA,Rzeszów,11:45,42.40,87,3,90,📈 +2,127.20
2026-09-01 12:14:48,Wrocław ➔ Sanok,Poranny (07:45),03.09.2026,07:45,Rzeszów ➔ Niebylec,Rzeszów,Niebylec,13:50,13.30,3,62,65,📈 +59,824.60
2026-09-01 12:14:48,Wrocław ➔ Sanok,Poranny (07:45),03.09.2026,07:45,Niebylec ➔ Sanok,Niebylec,Sanok,14:35,25.00,63,2,65,📉 -60,50.00
2026-09-01 12:14:48,Sanok ➔ Wrocław,Południowy (10:10),03.09.2026,10:10,Sanok ➔ Niebylec,Sanok,Niebylec,10:10,23.75,63,2,65,Start trasy,47.50
2026-09-01 12:14:48,Sanok ➔ Wrocław,Południowy (10:10),03.09.2026,10:10,Niebylec ➔ Rzeszów,Niebylec,Rzeszów,11:25,0.00,B/D,0,65,📉 -2,0.00
2026-09-01 12:14:48,Sanok ➔ Wrocław,Południowy (10:10),03.09.2026,10:10,Rzeszów ➔ Kraków MDA,Rzeszów,Kraków MDA,12:20,42.40,70,20,90,📈 +20,848.00
2026-09-01 12:14:48,Sanok ➔ Wrocław,Południowy (10:10),03.09.2026,10:10,Kraków MDA ➔ Balice,Kraków MDA,Balice,14:40,27.00,73,17,90,📉 -3,459.00
2026-09-01 12:14:48,Sanok ➔ Wrocław,Południowy (10:10),03.09.2026,10:10,Balice ➔ Katowice,Balice,Katowice,15:15,48.00,87,3,90,📉 -14,144.00
2026-09-01 12:14:48,Sanok ➔ Wrocław,Południowy (10:10),03.09.2026,10:10,Katowice ➔ Gliwice,Katowice,Gliwice,16:25,18.90,90,0,90,📉 -3,0.00
2026-09-01 12:14:48,Sanok ➔ Wrocław,Południowy (10:10),03.09.2026,10:10,Gliwice ➔ Wrocław,Gliwice,Wrocław,16:55,34.45,88,2,90,📈 +2,68.90
2026-09-01 12:14:48,Wrocław ➔ Sanok,Południowy (12:00),03.09.2026,12:00,Wrocław ➔ Gliwice,Wrocław,Gliwice,12:00,34.45,1,64,65,Start trasy,2204.80
2026-09-01 12:14:48,Wrocław ➔ Sanok,Południowy (12:00),03.09.2026,12:00,Gliwice ➔ Katowice,Gliwice,Katowice,14:00,19.95,64,1,65,📉 -63,19.95
2026-09-01 12:14:48,Wrocław ➔ Sanok,Południowy (12:00),03.09.2026,12:00,Katowice ➔ Balice,Katowice,Balice,14:30,45.60,62,3,65,📈 +2,136.80
2026-09-01 12:14:48,Wrocław ➔ Sanok,Południowy (12:00),03.09.2026,12:00,Balice ➔ Kraków MDA,Balice,Kraków MDA,15:20,27.00,59,6,65,📈 +3,162.00
2026-09-01 12:14:48,Wrocław ➔ Sanok,Południowy (12:00),03.09.2026,12:00,Kraków MDA ➔ Rzeszów,Kraków MDA,Rzeszów,16:15,42.40,57,8,65,📈 +2,339.20
2026-09-01 12:14:48,Wrocław ➔ Sanok,Południowy (12:00),03.09.2026,12:00,Rzeszów ➔ Niebylec,Rzeszów,Niebylec,18:40,13.30,31,34,65,📈 +26,452.20
2026-09-01 12:14:48,Wrocław ➔ Sanok,Południowy (12:00),03.09.2026,12:00,Niebylec ➔ Sanok,Niebylec,Sanok,19:20,25.00,56,9,65,📉 -25,225.00
2026-09-01 12:14:48,Wrocław ➔ Sanok,Popołudniowy (15:35),03.09.2026,15:35,Wrocław ➔ Gliwice,Wrocław,Gliwice,15:35,34.45,61,4,65,Start trasy,137.80
2026-09-01 12:14:48,Wrocław ➔ Sanok,Popołudniowy (15:35),03.09.2026,15:35,Gliwice ➔ Katowice,Gliwice,Katowice,17:40,19.95,60,5,65,📈 +1,99.75
2026-09-01 12:14:48,Wrocław ➔ Sanok,Popołudniowy (15:35),03.09.2026,15:35,Katowice ➔ Balice,Katowice,Balice,18:15,45.60,59,6,65,📈 +1,273.60
2026-09-01 12:14:48,Wrocław ➔ Sanok,Popołudniowy (15:35),03.09.2026,15:35,Balice ➔ Kraków MDA,Balice,Kraków MDA,19:05,27.00,54,11,65,📈 +5,297.00
2026-09-01 12:14:48,Wrocław ➔ Sanok,Popołudniowy (15:35),03.09.2026,15:35,Kraków MDA ➔ Rzeszów,Kraków MDA,Rzeszów,19:45,42.40,50,15,65,📈 +4,636.00
2026-09-01 12:14:48,Wrocław ➔ Sanok,Popołudniowy (15:35),03.09.2026,15:35,Rzeszów ➔ Niebylec,Rzeszów,Niebylec,21:55,13.30,49,16,65,📈 +1,212.80
2026-09-01 12:14:48,Wrocław ➔ Sanok,Popołudniowy (15:35),03.09.2026,15:35,Niebylec ➔ Sanok,Niebylec,Sanok,22:30,25.00,51,14,65,📉 -2,350.00
2026-09-01 12:14:48,Wrocław ➔ Sanok,Nocny (22:25),03.09.2026,22:25,Wrocław ➔ Gliwice,Wrocław,Gliwice,22:25,34.45,86,4,90,Start trasy,137.80
2026-09-01 12:14:48,Wrocław ➔ Sanok,Nocny (22:25),03.09.2026,22:25,Gliwice ➔ Katowice,Gliwice,Katowice,00:20,19.95,84,6,90,📈 +2,119.70
2026-09-01 12:14:48,Wrocław ➔ Sanok,Nocny (22:25),03.09.2026,22:25,Katowice ➔ Balice,Katowice,Balice,00:50,45.60,74,16,90,📈 +10,729.60
2026-09-01 12:14:48,Wrocław ➔ Sanok,Nocny (22:25),03.09.2026,22:25,Balice ➔ Kraków MDA,Balice,Kraków MDA,01:50,27.00,70,20,90,📈 +4,540.00
2026-09-01 12:14:48,Wrocław ➔ Sanok,Nocny (22:25),03.09.2026,22:25,Kraków MDA ➔ Rzeszów,Kraków MDA,Rzeszów,02:20,42.40,67,23,90,📈 +3,975.20
2026-09-01 12:14:48,Wrocław ➔ Sanok,Nocny (22:25),03.09.2026,22:25,Rzeszów ➔ Niebylec,Rzeszów,Niebylec,04:30,13.30,60,5,65,📉 -18,66.50
2026-09-01 12:14:48,Wrocław ➔ Sanok,Nocny (22:25),03.09.2026,22:25,Niebylec ➔ Sanok,Niebylec,Sanok,05:00,25.00,63,2,65,📉 -3,50.00
2026-09-01 12:14:48,Sanok ➔ Wrocław,Nocny (23:50),03.09.2026,23:50,Sanok ➔ Niebylec,Sanok,Niebylec,23:50,23.75,47,18,65,Start trasy,427.50
2026-09-01 12:14:48,Sanok ➔ Wrocław,Nocny (23:50),03.09.2026,23:50,Niebylec ➔ Rzeszów,Niebylec,Rzeszów,00:50,14.00,56,9,65,📉 -9,126.00
2026-09-01 12:14:48,Sanok ➔ Wrocław,Nocny (23:50),03.09.2026,23:50,Rzeszów ➔ Kraków MDA,Rzeszów,Kraków MDA,01:30,42.40,49,16,65,📈 +7,678.40
2026-09-01 12:14:48,Sanok ➔ Wrocław,Nocny (23:50),03.09.2026,23:50,Kraków MDA ➔ Balice,Kraków MDA,Balice,03:35,27.00,55,10,65,📉 -6,270.00
2026-09-01 12:14:48,Sanok ➔ Wrocław,Nocny (23:50),03.09.2026,23:50,Balice ➔ Katowice,Balice,Katowice,04:00,48.00,84,6,90,📉 -4,288.00
2026-09-01 12:14:48,Sanok ➔ Wrocław,Nocny (23:50),03.09.2026,23:50,Katowice ➔ Gliwice,Katowice,Gliwice,04:55,18.90,88,2,90,📉 -4,37.80
2026-09-01 12:14:48,Sanok ➔ Wrocław,Nocny (23:50),03.09.2026,23:50,Gliwice ➔ Wrocław,Gliwice,Wrocław,05:22,34.45,89,1,90,📉 -1,34.45
2026-09-01 12:43:36,Sanok ➔ Wrocław,Poranny I (03:00),01.09.2026,03:00,Sanok ➔ Niebylec,Sanok,Niebylec,03:00,23.75,55,10,65,Start trasy,237.50
2026-09-01 12:43:36,Sanok ➔ Wrocław,Poranny I (03:00),01.09.2026,03:00,Niebylec ➔ Rzeszów,Niebylec,Rzeszów,04:00,14.00,43,22,65,📈 +12,308.00
2026-09-01 12:43:36,Sanok ➔ Wrocław,Poranny I (03:00),01.09.2026,03:00,Rzeszów ➔ Kraków MDA,Rzeszów,Kraków MDA,04:40,0.00,B/D,0,65,📉 -22,0.00
2026-09-01 12:43:36,Sanok ➔ Wrocław,Poranny I (03:00),01.09.2026,03:00,Kraków MDA ➔ Balice,Kraków MDA,Balice,06:55,27.00,44,21,65,📈 +21,567.00
2026-09-01 12:43:36,Sanok ➔ Wrocław,Poranny I (03:00),01.09.2026,03:00,Balice ➔ Katowice,Balice,Katowice,07:20,48.00,75,15,90,📉 -6,720.00
2026-09-01 12:43:36,Sanok ➔ Wrocław,Poranny I (03:00),01.09.2026,03:00,Katowice ➔ Gliwice,Katowice,Gliwice,08:30,18.90,76,14,90,📉 -1,264.60
2026-09-01 12:43:36,Sanok ➔ Wrocław,Poranny I (03:00),01.09.2026,03:00,Gliwice ➔ Wrocław,Gliwice,Wrocław,09:00,34.45,78,12,90,📉 -2,413.40
2026-09-01 12:43:36,Sanok ➔ Wrocław,Poranny II (06:35),01.09.2026,06:35,Sanok ➔ Niebylec,Sanok,Niebylec,06:35,23.75,55,10,65,Start trasy,237.50
2026-09-01 12:43:36,Sanok ➔ Wrocław,Poranny II (06:35),01.09.2026,06:35,Niebylec ➔ Rzeszów,Niebylec,Rzeszów,07:40,14.00,55,10,65,➡️ 0,140.00
2026-09-01 12:43:36,Sanok ➔ Wrocław,Poranny II (06:35),01.09.2026,06:35,Rzeszów ➔ Kraków MDA,Rzeszów,Kraków MDA,08:40,0.00,B/D,0,65,📉 -10,0.00
2026-09-01 12:43:36,Sanok ➔ Wrocław,Poranny II (06:35),01.09.2026,06:35,Kraków MDA ➔ Balice,Kraków MDA,Balice,10:55,27.00,44,21,65,📈 +21,567.00
2026-09-01 12:43:36,Sanok ➔ Wrocław,Poranny II (06:35),01.09.2026,06:35,Balice ➔ Katowice,Balice,Katowice,11:30,48.00,75,15,90,📉 -6,720.00
2026-09-01 12:43:36,Sanok ➔ Wrocław,Poranny II (06:35),01.09.2026,06:35,Katowice ➔ Gliwice,Katowice,Gliwice,12:30,18.90,76,14,90,📉 -1,264.60
2026-09-01 12:43:36,Sanok ➔ Wrocław,Poranny II (06:35),01.09.2026,06:35,Gliwice ➔ Wrocław,Gliwice,Wrocław,13:00,34.45,78,12,90,📉 -2,413.40
2026-09-01 12:43:36,Wrocław ➔ Sanok,Poranny (07:45),01.09.2026,07:45,Wrocław ➔ Gliwice,Wrocław,Gliwice,07:45,34.45,67,23,90,Start trasy,792.35
2026-09-01 12:43:36,Wrocław ➔ Sanok,Poranny (07:45),01.09.2026,07:45,Gliwice ➔ Katowice,Gliwice,Katowice,09:45,19.95,66,24,90,📈 +1,478.80
2026-09-01 12:43:36,Wrocław ➔ Sanok,Poranny (07:45),01.09.2026,07:45,Katowice ➔ Balice,Katowice,Balice,10:15,45.60,63,2,65,📉 -22,91.20
2026-09-01 12:43:36,Wrocław ➔ Sanok,Poranny (07:45),01.09.2026,07:45,Balice ➔ Kraków MDA,Balice,Kraków MDA,11:05,27.00,47,18,65,📈 +16,486.00
2026-09-01 12:43:36,Wrocław ➔ Sanok,Poranny (07:45),01.09.2026,07:45,Kraków MDA ➔ Rzeszów,Kraków MDA,Rzeszów,11:45,42.40,32,33,65,📈 +15,1399.20
2026-09-01 12:43:36,Wrocław ➔ Sanok,Poranny (07:45),01.09.2026,07:45,Rzeszów ➔ Niebylec,Rzeszów,Niebylec,13:50,0.00,B/D,0,65,📉 -33,0.00
2026-09-01 12:43:36,Wrocław ➔ Sanok,Poranny (07:45),01.09.2026,07:45,Niebylec ➔ Sanok,Niebylec,Sanok,14:35,25.00,78,12,90,📈 +12,300.00
2026-09-01 12:43:36,Sanok ➔ Wrocław,Południowy (10:10),01.09.2026,10:10,Sanok ➔ Niebylec,Sanok,Niebylec,10:10,23.75,55,10,65,Start trasy,237.50
2026-09-01 12:43:36,Sanok ➔ Wrocław,Południowy (10:10),01.09.2026,10:10,Niebylec ➔ Rzeszów,Niebylec,Rzeszów,11:25,14.00,55,10,65,➡️ 0,140.00
2026-09-01 12:43:36,Sanok ➔ Wrocław,Południowy (10:10),01.09.2026,10:10,Rzeszów ➔ Kraków MDA,Rzeszów,Kraków MDA,12:20,0.00,B/D,0,65,📉 -10,0.00
2026-09-01 12:43:36,Sanok ➔ Wrocław,Południowy (10:10),01.09.2026,10:10,Kraków MDA ➔ Balice,Kraków MDA,Balice,14:40,27.00,44,21,65,📈 +21,567.00
2026-09-01 12:43:36,Sanok ➔ Wrocław,Południowy (10:10),01.09.2026,10:10,Balice ➔ Katowice,Balice,Katowice,15:15,48.00,73,17,90,📉 -4,816.00
2026-09-01 12:43:36,Sanok ➔ Wrocław,Południowy (10:10),01.09.2026,10:10,Katowice ➔ Gliwice,Katowice,Gliwice,16:25,18.90,76,14,90,📉 -3,264.60
2026-09-01 12:43:36,Sanok ➔ Wrocław,Południowy (10:10),01.09.2026,10:10,Gliwice ➔ Wrocław,Gliwice,Wrocław,16:55,34.45,78,12,90,📉 -2,413.40
2026-09-01 12:43:36,Wrocław ➔ Sanok,Południowy (12:00),01.09.2026,12:00,Wrocław ➔ Gliwice,Wrocław,Gliwice,12:00,34.45,67,23,90,Start trasy,792.35
2026-09-01 12:43:36,Wrocław ➔ Sanok,Południowy (12:00),01.09.2026,12:00,Gliwice ➔ Katowice,Gliwice,Katowice,14:00,19.95,66,24,90,📈 +1,478.80
2026-09-01 12:43:36,Wrocław ➔ Sanok,Południowy (12:00),01.09.2026,12:00,Katowice ➔ Balice,Katowice,Balice,14:30,45.60,63,2,65,📉 -22,91.20
2026-09-01 12:43:36,Wrocław ➔ Sanok,Południowy (12:00),01.09.2026,12:00,Balice ➔ Kraków MDA,Balice,Kraków MDA,15:20,27.00,47,18,65,📈 +16,486.00
2026-09-01 12:43:36,Wrocław ➔ Sanok,Południowy (12:00),01.09.2026,12:00,Kraków MDA ➔ Rzeszów,Kraków MDA,Rzeszów,16:15,42.40,32,33,65,📈 +15,1399.20
2026-09-01 12:43:36,Wrocław ➔ Sanok,Południowy (12:00),01.09.2026,12:00,Rzeszów ➔ Niebylec,Rzeszów,Niebylec,18:40,13.30,52,13,65,📉 -20,172.90
2026-09-01 12:43:36,Wrocław ➔ Sanok,Południowy (12:00),01.09.2026,12:00,Niebylec ➔ Sanok,Niebylec,Sanok,19:20,25.00,78,12,90,📉 -1,300.00
2026-09-01 12:43:36,Wrocław ➔ Sanok,Popołudniowy (15:35),01.09.2026,15:35,Wrocław ➔ Gliwice,Wrocław,Gliwice,15:35,34.45,67,23,90,Start trasy,792.35
2026-09-01 12:43:36,Wrocław ➔ Sanok,Popołudniowy (15:35),01.09.2026,15:35,Gliwice ➔ Katowice,Gliwice,Katowice,17:40,19.95,66,24,90,📈 +1,478.80
2026-09-01 12:43:36,Wrocław ➔ Sanok,Popołudniowy (15:35),01.09.2026,15:35,Katowice ➔ Balice,Katowice,Balice,18:15,45.60,63,2,65,📉 -22,91.20
2026-09-01 12:43:36,Wrocław ➔ Sanok,Popołudniowy (15:35),01.09.2026,15:35,Balice ➔ Kraków MDA,Balice,Kraków MDA,19:05,27.00,61,4,65,📈 +2,108.00
2026-09-01 12:43:36,Wrocław ➔ Sanok,Popołudniowy (15:35),01.09.2026,15:35,Kraków MDA ➔ Rzeszów,Kraków MDA,Rzeszów,19:45,42.40,55,10,65,📈 +6,424.00
2026-09-01 12:43:36,Wrocław ➔ Sanok,Popołudniowy (15:35),01.09.2026,15:35,Rzeszów ➔ Niebylec,Rzeszów,Niebylec,21:55,0.00,B/D,0,65,📉 -10,0.00
2026-09-01 12:43:36,Wrocław ➔ Sanok,Popołudniowy (15:35),01.09.2026,15:35,Niebylec ➔ Sanok,Niebylec,Sanok,22:30,25.00,55,10,65,📈 +10,250.00
2026-09-01 12:43:36,Wrocław ➔ Sanok,Nocny (22:25),01.09.2026,22:25,Wrocław ➔ Gliwice,Wrocław,Gliwice,22:25,34.45,77,13,90,Start trasy,447.85
2026-09-01 12:43:36,Wrocław ➔ Sanok,Nocny (22:25),01.09.2026,22:25,Gliwice ➔ Katowice,Gliwice,Katowice,00:20,19.95,66,24,90,📈 +11,478.80
2026-09-01 12:43:36,Wrocław ➔ Sanok,Nocny (22:25),01.09.2026,22:25,Katowice ➔ Balice,Katowice,Balice,00:50,45.60,63,2,65,📉 -22,91.20
2026-09-01 12:43:36,Wrocław ➔ Sanok,Nocny (22:25),01.09.2026,22:25,Balice ➔ Kraków MDA,Balice,Kraków MDA,01:50,27.00,47,18,65,📈 +16,486.00
2026-09-01 12:43:36,Wrocław ➔ Sanok,Nocny (22:25),01.09.2026,22:25,Kraków MDA ➔ Rzeszów,Kraków MDA,Rzeszów,02:20,42.40,32,33,65,📈 +15,1399.20
2026-09-01 12:43:36,Wrocław ➔ Sanok,Nocny (22:25),01.09.2026,22:25,Rzeszów ➔ Niebylec,Rzeszów,Niebylec,04:30,13.30,40,25,65,📉 -8,332.50
2026-09-01 12:43:36,Wrocław ➔ Sanok,Nocny (22:25),01.09.2026,22:25,Niebylec ➔ Sanok,Niebylec,Sanok,05:00,25.00,78,12,90,📉 -13,300.00
2026-09-01 12:43:36,Sanok ➔ Wrocław,Nocny (23:50),01.09.2026,23:50,Sanok ➔ Niebylec,Sanok,Niebylec,23:50,23.75,39,26,65,Start trasy,617.50
2026-09-01 12:43:36,Sanok ➔ Wrocław,Nocny (23:50),01.09.2026,23:50,Niebylec ➔ Rzeszów,Niebylec,Rzeszów,00:50,14.00,35,30,65,📈 +4,420.00
2026-09-01 12:43:36,Sanok ➔ Wrocław,Nocny (23:50),01.09.2026,23:50,Rzeszów ➔ Kraków MDA,Rzeszów,Kraków MDA,01:30,0.00,B/D,0,65,📉 -30,0.00
2026-09-01 12:43:36,Sanok ➔ Wrocław,Nocny (23:50),01.09.2026,23:50,Kraków MDA ➔ Balice,Kraków MDA,Balice,03:35,27.00,43,22,65,📈 +22,594.00
2026-09-01 12:43:36,Sanok ➔ Wrocław,Nocny (23:50),01.09.2026,23:50,Balice ➔ Katowice,Balice,Katowice,04:00,48.00,70,20,90,📉 -2,960.00
2026-09-01 12:43:36,Sanok ➔ Wrocław,Nocny (23:50),01.09.2026,23:50,Katowice ➔ Gliwice,Katowice,Gliwice,04:55,18.90,76,14,90,📉 -6,264.60
2026-09-01 12:43:36,Sanok ➔ Wrocław,Nocny (23:50),01.09.2026,23:50,Gliwice ➔ Wrocław,Gliwice,Wrocław,05:22,34.45,78,12,90,📉 -2,413.40
2026-09-01 12:43:36,Wrocław ➔ Sanok,Popołudniowy (15:35),02.09.2026,15:35,Wrocław ➔ Gliwice,Wrocław,Gliwice,15:35,0.00,B/D,0,65,Start trasy,0.00
2026-09-01 12:43:36,Wrocław ➔ Sanok,Popołudniowy (15:35),02.09.2026,15:35,Gliwice ➔ Katowice,Gliwice,Katowice,17:40,0.00,B/D,0,65,➡️ 0,0.00
2026-09-01 12:43:36,Wrocław ➔ Sanok,Popołudniowy (15:35),02.09.2026,15:35,Katowice ➔ Balice,Katowice,Balice,18:15,0.00,B/D,0,65,➡️ 0,0.00
2026-09-01 12:43:36,Wrocław ➔ Sanok,Popołudniowy (15:35),02.09.2026,15:35,Balice ➔ Kraków MDA,Balice,Kraków MDA,19:05,27.00,1,64,65,📈 +64,1728.00
2026-09-01 12:43:36,Wrocław ➔ Sanok,Popołudniowy (15:35),02.09.2026,15:35,Kraków MDA ➔ Rzeszów,Kraków MDA,Rzeszów,19:45,42.40,3,62,65,📉 -2,2628.80
2026-09-01 12:43:36,Wrocław ➔ Sanok,Popołudniowy (15:35),02.09.2026,15:35,Rzeszów ➔ Niebylec,Rzeszów,Niebylec,21:55,0.00,B/D,0,65,📉 -62,0.00
2026-09-01 12:43:36,Wrocław ➔ Sanok,Popołudniowy (15:35),02.09.2026,15:35,Niebylec ➔ Sanok,Niebylec,Sanok,22:30,25.00,3,62,65,📈 +62,1550.00
2026-09-01 12:43:36,Wrocław ➔ Sanok,Nocny (22:25),02.09.2026,22:25,Wrocław ➔ Gliwice,Wrocław,Gliwice,22:25,34.45,1,64,65,Start trasy,2204.80
2026-09-01 12:43:36,Wrocław ➔ Sanok,Nocny (22:25),02.09.2026,22:25,Gliwice ➔ Katowice,Gliwice,Katowice,00:20,19.95,3,62,65,📉 -2,1236.90
2026-09-01 12:43:36,Wrocław ➔ Sanok,Nocny (22:25),02.09.2026,22:25,Katowice ➔ Balice,Katowice,Balice,00:50,45.60,3,62,65,➡️ 0,2827.20
2026-09-01 12:43:36,Wrocław ➔ Sanok,Nocny (22:25),02.09.2026,22:25,Balice ➔ Kraków MDA,Balice,Kraków MDA,01:50,27.00,3,62,65,➡️ 0,1674.00
2026-09-01 12:43:36,Wrocław ➔ Sanok,Nocny (22:25),02.09.2026,22:25,Kraków MDA ➔ Rzeszów,Kraków MDA,Rzeszów,02:20,0.00,B/D,0,65,📉 -62,0.00
2026-09-01 12:43:36,Wrocław ➔ Sanok,Nocny (22:25),02.09.2026,22:25,Rzeszów ➔ Niebylec,Rzeszów,Niebylec,04:30,0.00,B/D,0,65,➡️ 0,0.00
2026-09-01 12:43:36,Wrocław ➔ Sanok,Nocny (22:25),02.09.2026,22:25,Niebylec ➔ Sanok,Niebylec,Sanok,05:00,0.00,B/D,0,65,➡️ 0,0.00
2026-09-01 12:43:36,Sanok ➔ Wrocław,Nocny (23:50),02.09.2026,23:50,Sanok ➔ Niebylec,Sanok,Niebylec,23:50,23.75,48,17,65,Start trasy,403.75
2026-09-01 12:43:36,Sanok ➔ Wrocław,Nocny (23:50),02.09.2026,23:50,Niebylec ➔ Rzeszów,Niebylec,Rzeszów,00:50,14.00,32,33,65,📈 +16,462.00
2026-09-01 12:43:36,Sanok ➔ Wrocław,Nocny (23:50),02.09.2026,23:50,Rzeszów ➔ Kraków MDA,Rzeszów,Kraków MDA,01:30,42.40,16,49,65,📈 +16,2077.60
2026-09-01 12:43:36,Sanok ➔ Wrocław,Nocny (23:50),02.09.2026,23:50,Kraków MDA ➔ Balice,Kraków MDA,Balice,03:35,27.00,1,64,65,📈 +15,1728.00
2026-09-01 12:43:36,Sanok ➔ Wrocław,Nocny (23:50),02.09.2026,23:50,Balice ➔ Katowice,Balice,Katowice,04:00,48.00,1,64,65,➡️ 0,3072.00
2026-09-01 12:43:36,Sanok ➔ Wrocław,Nocny (23:50),02.09.2026,23:50,Katowice ➔ Gliwice,Katowice,Gliwice,04:55,18.90,1,64,65,➡️ 0,1209.60
2026-09-01 12:43:36,Sanok ➔ Wrocław,Nocny (23:50),02.09.2026,23:50,Gliwice ➔ Wrocław,Gliwice,Wrocław,05:22,34.45,1,64,65,➡️ 0,2204.80
2026-09-01 12:43:36,Sanok ➔ Wrocław,Poranny II (06:35),03.09.2026,06:35,Sanok ➔ Niebylec,Sanok,Niebylec,06:35,23.75,48,17,65,Start trasy,403.75
2026-09-01 12:43:36,Sanok ➔ Wrocław,Poranny II (06:35),03.09.2026,06:35,Niebylec ➔ Rzeszów,Niebylec,Rzeszów,07:40,14.00,32,33,65,📈 +16,462.00
2026-09-01 12:43:36,Sanok ➔ Wrocław,Poranny II (06:35),03.09.2026,06:35,Rzeszów ➔ Kraków MDA,Rzeszów,Kraków MDA,08:40,42.40,40,25,65,📉 -8,1060.00
2026-09-01 12:43:36,Sanok ➔ Wrocław,Poranny II (06:35),03.09.2026,06:35,Kraków MDA ➔ Balice,Kraków MDA,Balice,10:55,27.00,36,29,65,📈 +4,783.00
2026-09-01 12:43:36,Sanok ➔ Wrocław,Poranny II (06:35),03.09.2026,06:35,Balice ➔ Katowice,Balice,Katowice,11:30,48.00,40,25,65,📉 -4,1200.00
2026-09-01 12:43:36,Sanok ➔ Wrocław,Poranny II (06:35),03.09.2026,06:35,Katowice ➔ Gliwice,Katowice,Gliwice,12:30,18.90,32,33,65,📈 +8,623.70
2026-09-01 12:43:36,Sanok ➔ Wrocław,Poranny II (06:35),03.09.2026,06:35,Gliwice ➔ Wrocław,Gliwice,Wrocław,13:00,34.45,48,17,65,📉 -16,585.65
2026-09-01 12:43:36,Wrocław ➔ Sanok,Poranny (07:45),03.09.2026,07:45,Wrocław ➔ Gliwice,Wrocław,Gliwice,07:45,34.45,86,4,90,Start trasy,137.80
2026-09-01 12:43:36,Wrocław ➔ Sanok,Poranny (07:45),03.09.2026,07:45,Gliwice ➔ Katowice,Gliwice,Katowice,09:45,19.95,90,0,90,📉 -4,0.00
2026-09-01 12:43:36,Wrocław ➔ Sanok,Poranny (07:45),03.09.2026,07:45,Katowice ➔ Balice,Katowice,Balice,10:15,45.60,86,4,90,📈 +4,182.40
2026-09-01 12:43:36,Wrocław ➔ Sanok,Poranny (07:45),03.09.2026,07:45,Balice ➔ Kraków MDA,Balice,Kraków MDA,11:05,0.00,B/D,0,65,📉 -4,0.00
2026-09-01 12:43:36,Wrocław ➔ Sanok,Poranny (07:45),03.09.2026,07:45,Kraków MDA ➔ Rzeszów,Kraków MDA,Rzeszów,11:45,0.00,B/D,0,65,➡️ 0,0.00
2026-09-01 12:43:36,Wrocław ➔ Sanok,Poranny (07:45),03.09.2026,07:45,Rzeszów ➔ Niebylec,Rzeszów,Niebylec,13:50,0.00,B/D,0,65,➡️ 0,0.00
2026-09-01 12:43:36,Wrocław ➔ Sanok,Poranny (07:45),03.09.2026,07:45,Niebylec ➔ Sanok,Niebylec,Sanok,14:35,0.00,B/D,0,65,➡️ 0,0.00
2026-09-01 12:43:36,Sanok ➔ Wrocław,Południowy (10:10),03.09.2026,10:10,Sanok ➔ Niebylec,Sanok,Niebylec,10:10,23.75,1,64,65,Start trasy,1520.00
2026-09-01 12:43:36,Sanok ➔ Wrocław,Południowy (10:10),03.09.2026,10:10,Niebylec ➔ Rzeszów,Niebylec,Rzeszów,11:25,14.00,1,64,65,➡️ 0,896.00
2026-09-01 12:43:36,Sanok ➔ Wrocław,Południowy (10:10),03.09.2026,10:10,Rzeszów ➔ Kraków MDA,Rzeszów,Kraków MDA,12:20,42.40,1,64,65,➡️ 0,2713.60
2026-09-01 12:43:36,Sanok ➔ Wrocław,Południowy (10:10),03.09.2026,10:10,Kraków MDA ➔ Balice,Kraków MDA,Balice,14:40,27.00,71,19,90,📉 -45,513.00
2026-09-01 12:43:36,Sanok ➔ Wrocław,Południowy (10:10),03.09.2026,10:10,Balice ➔ Katowice,Balice,Katowice,15:15,0.00,B/D,0,65,📉 -19,0.00
2026-09-01 12:43:36,Sanok ➔ Wrocław,Południowy (10:10),03.09.2026,10:10,Katowice ➔ Gliwice,Katowice,Gliwice,16:25,0.00,B/D,0,65,➡️ 0,0.00
2026-09-01 12:43:36,Sanok ➔ Wrocław,Południowy (10:10),03.09.2026,10:10,Gliwice ➔ Wrocław,Gliwice,Wrocław,16:55,34.45,75,15,90,📈 +15,516.75
2026-09-01 12:43:36,Wrocław ➔ Sanok,Południowy (12:00),03.09.2026,12:00,Wrocław ➔ Gliwice,Wrocław,Gliwice,12:00,34.45,1,64,65,Start trasy,2204.80
2026-09-01 12:43:36,Wrocław ➔ Sanok,Południowy (12:00),03.09.2026,12:00,Gliwice ➔ Katowice,Gliwice,Katowice,14:00,19.95,51,14,65,📉 -50,279.30
2026-09-01 12:43:36,Wrocław ➔ Sanok,Południowy (12:00),03.09.2026,12:00,Katowice ➔ Balice,Katowice,Balice,14:30,45.60,51,14,65,➡️ 0,638.40
2026-09-01 12:43:36,Wrocław ➔ Sanok,Południowy (12:00),03.09.2026,12:00,Balice ➔ Kraków MDA,Balice,Kraków MDA,15:20,27.00,48,17,65,📈 +3,459.00
2026-09-01 12:43:36,Wrocław ➔ Sanok,Południowy (12:00),03.09.2026,12:00,Kraków MDA ➔ Rzeszów,Kraków MDA,Rzeszów,16:15,42.40,43,22,65,📈 +5,932.80
2026-09-01 12:43:36,Wrocław ➔ Sanok,Południowy (12:00),03.09.2026,12:00,Rzeszów ➔ Niebylec,Rzeszów,Niebylec,18:40,0.00,B/D,0,65,📉 -22,0.00
2026-09-01 12:43:36,Wrocław ➔ Sanok,Południowy (12:00),03.09.2026,12:00,Niebylec ➔ Sanok,Niebylec,Sanok,19:20,25.00,31,34,65,📈 +34,850.00
2026-09-01 12:43:36,Wrocław ➔ Sanok,Popołudniowy (15:35),03.09.2026,15:35,Wrocław ➔ Gliwice,Wrocław,Gliwice,15:35,0.00,B/D,0,65,Start trasy,0.00
2026-09-01 12:43:36,Wrocław ➔ Sanok,Popołudniowy (15:35),03.09.2026,15:35,Gliwice ➔ Katowice,Gliwice,Katowice,17:40,19.95,31,34,65,📈 +34,678.30
2026-09-01 12:43:36,Wrocław ➔ Sanok,Popołudniowy (15:35),03.09.2026,15:35,Katowice ➔ Balice,Katowice,Balice,18:15,45.60,59,6,65,📉 -28,273.60
2026-09-01 12:43:36,Wrocław ➔ Sanok,Popołudniowy (15:35),03.09.2026,15:35,Balice ➔ Kraków MDA,Balice,Kraków MDA,19:05,27.00,54,11,65,📈 +5,297.00
2026-09-01 12:43:36,Wrocław ➔ Sanok,Popołudniowy (15:35),03.09.2026,15:35,Kraków MDA ➔ Rzeszów,Kraków MDA,Rzeszów,19:45,42.40,50,15,65,📈 +4,636.00
2026-09-01 12:43:36,Wrocław ➔ Sanok,Popołudniowy (15:35),03.09.2026,15:35,Rzeszów ➔ Niebylec,Rzeszów,Niebylec,21:55,0.00,B/D,0,65,📉 -15,0.00
2026-09-01 12:43:36,Wrocław ➔ Sanok,Popołudniowy (15:35),03.09.2026,15:35,Niebylec ➔ Sanok,Niebylec,Sanok,22:30,25.00,51,14,65,📈 +14,350.00
2026-09-01 12:43:36,Wrocław ➔ Sanok,Nocny (22:25),03.09.2026,22:25,Wrocław ➔ Gliwice,Wrocław,Gliwice,22:25,34.45,86,4,90,Start trasy,137.80
2026-09-01 12:43:36,Wrocław ➔ Sanok,Nocny (22:25),03.09.2026,22:25,Gliwice ➔ Katowice,Gliwice,Katowice,00:20,19.95,84,6,90,📈 +2,119.70
2026-09-01 12:43:36,Wrocław ➔ Sanok,Nocny (22:25),03.09.2026,22:25,Katowice ➔ Balice,Katowice,Balice,00:50,45.60,74,16,90,📈 +10,729.60
2026-09-01 12:43:36,Wrocław ➔ Sanok,Nocny (22:25),03.09.2026,22:25,Balice ➔ Kraków MDA,Balice,Kraków MDA,01:50,27.00,67,23,90,📈 +7,621.00
2026-09-01 12:43:36,Wrocław ➔ Sanok,Nocny (22:25),03.09.2026,22:25,Kraków MDA ➔ Rzeszów,Kraków MDA,Rzeszów,02:20,42.40,67,23,90,➡️ 0,975.20
2026-09-01 12:43:36,Wrocław ➔ Sanok,Nocny (22:25),03.09.2026,22:25,Rzeszów ➔ Niebylec,Rzeszów,Niebylec,04:30,0.00,B/D,0,65,📉 -23,0.00
2026-09-01 12:43:36,Wrocław ➔ Sanok,Nocny (22:25),03.09.2026,22:25,Niebylec ➔ Sanok,Niebylec,Sanok,05:00,25.00,63,2,65,📈 +2,50.00
2026-09-01 13:16:50,Sanok ➔ Wrocław,Nocny (23:50),01.09.2026,23:50,Sanok ➔ Niebylec,Sanok,Niebylec,23:50,0.00,B/D,0,65,Start trasy,0.00
2026-09-01 13:16:50,Sanok ➔ Wrocław,Nocny (23:50),01.09.2026,23:50,Niebylec ➔ Rzeszów,Niebylec,Rzeszów,00:50,0.00,B/D,0,65,➡️ 0,0.00
2026-09-01 13:16:50,Sanok ➔ Wrocław,Nocny (23:50),01.09.2026,23:50,Rzeszów ➔ Kraków MDA,Rzeszów,Kraków MDA,01:30,0.00,B/D,0,65,➡️ 0,0.00
2026-09-01 13:16:50,Sanok ➔ Wrocław,Nocny (23:50),01.09.2026,23:50,Kraków MDA ➔ Balice,Kraków MDA,Balice,03:35,0.00,B/D,0,65,➡️ 0,0.00
2026-09-01 13:16:50,Sanok ➔ Wrocław,Nocny (23:50),01.09.2026,23:50,Balice ➔ Katowice,Balice,Katowice,04:00,0.00,B/D,0,65,➡️ 0,0.00
2026-09-01 13:16:50,Sanok ➔ Wrocław,Nocny (23:50),01.09.2026,23:50,Katowice ➔ Gliwice,Katowice,Gliwice,04:55,0.00,B/D,0,65,➡️ 0,0.00
2026-09-01 13:16:50,Sanok ➔ Wrocław,Nocny (23:50),01.09.2026,23:50,Gliwice ➔ Wrocław,Gliwice,Wrocław,05:22,34.45,1,64,65,📈 +64,2204.80
2026-09-01 13:16:50,Sanok ➔ Wrocław,Poranny II (06:35),02.09.2026,06:35,Sanok ➔ Niebylec,Sanok,Niebylec,06:35,23.75,16,49,65,Start trasy,1163.75
2026-09-01 13:16:50,Sanok ➔ Wrocław,Poranny II (06:35),02.09.2026,06:35,Niebylec ➔ Rzeszów,Niebylec,Rzeszów,07:40,14.00,32,33,65,📉 -16,462.00
2026-09-01 13:16:50,Sanok ➔ Wrocław,Poranny II (06:35),02.09.2026,06:35,Rzeszów ➔ Kraków MDA,Rzeszów,Kraków MDA,08:40,42.40,36,29,65,📉 -4,1229.60
2026-09-01 13:16:50,Sanok ➔ Wrocław,Poranny II (06:35),02.09.2026,06:35,Kraków MDA ➔ Balice,Kraków MDA,Balice,10:55,27.00,44,21,65,📉 -8,567.00
2026-09-01 13:16:50,Sanok ➔ Wrocław,Poranny II (06:35),02.09.2026,06:35,Balice ➔ Katowice,Balice,Katowice,11:30,48.00,57,8,65,📉 -13,384.00
2026-09-01 13:16:50,Sanok ➔ Wrocław,Poranny II (06:35),02.09.2026,06:35,Katowice ➔ Gliwice,Katowice,Gliwice,12:30,18.90,56,9,65,📈 +1,170.10
2026-09-01 13:16:50,Sanok ➔ Wrocław,Poranny II (06:35),02.09.2026,06:35,Gliwice ➔ Wrocław,Gliwice,Wrocław,13:00,34.45,11,54,65,📈 +45,1860.30
2026-09-01 13:16:50,Wrocław ➔ Sanok,Poranny (07:45),02.09.2026,07:45,Wrocław ➔ Gliwice,Wrocław,Gliwice,07:45,34.45,64,1,65,Start trasy,34.45
2026-09-01 13:16:50,Wrocław ➔ Sanok,Poranny (07:45),02.09.2026,07:45,Gliwice ➔ Katowice,Gliwice,Katowice,09:45,19.95,64,1,65,➡️ 0,19.95
2026-09-01 13:16:50,Wrocław ➔ Sanok,Poranny (07:45),02.09.2026,07:45,Katowice ➔ Balice,Katowice,Balice,10:15,45.60,64,1,65,➡️ 0,45.60
2026-09-01 13:16:50,Wrocław ➔ Sanok,Poranny (07:45),02.09.2026,07:45,Balice ➔ Kraków MDA,Balice,Kraków MDA,11:05,27.00,72,18,90,📈 +17,486.00
2026-09-01 13:16:50,Wrocław ➔ Sanok,Poranny (07:45),02.09.2026,07:45,Kraków MDA ➔ Rzeszów,Kraków MDA,Rzeszów,11:45,42.40,72,18,90,➡️ 0,763.20
2026-09-01 13:16:50,Wrocław ➔ Sanok,Poranny (07:45),02.09.2026,07:45,Rzeszów ➔ Niebylec,Rzeszów,Niebylec,13:50,13.30,56,9,65,📉 -9,119.70
2026-09-01 13:16:50,Wrocław ➔ Sanok,Poranny (07:45),02.09.2026,07:45,Niebylec ➔ Sanok,Niebylec,Sanok,14:35,25.00,56,9,65,➡️ 0,225.00
2026-09-01 13:16:50,Sanok ➔ Wrocław,Południowy (10:10),02.09.2026,10:10,Sanok ➔ Niebylec,Sanok,Niebylec,10:10,23.75,11,54,65,Start trasy,1282.50
2026-09-01 13:16:50,Sanok ➔ Wrocław,Południowy (10:10),02.09.2026,10:10,Niebylec ➔ Rzeszów,Niebylec,Rzeszów,11:25,0.00,B/D,0,65,📉 -54,0.00
2026-09-01 13:16:50,Sanok ➔ Wrocław,Południowy (10:10),02.09.2026,10:10,Rzeszów ➔ Kraków MDA,Rzeszów,Kraków MDA,12:20,42.40,56,9,65,📈 +9,381.60
2026-09-01 13:16:50,Sanok ➔ Wrocław,Południowy (10:10),02.09.2026,10:10,Kraków MDA ➔ Balice,Kraków MDA,Balice,14:40,27.00,64,1,65,📉 -8,27.00
2026-09-01 13:16:50,Sanok ➔ Wrocław,Południowy (10:10),02.09.2026,10:10,Balice ➔ Katowice,Balice,Katowice,15:15,48.00,64,1,65,➡️ 0,48.00
2026-09-01 13:16:50,Sanok ➔ Wrocław,Południowy (10:10),02.09.2026,10:10,Katowice ➔ Gliwice,Katowice,Gliwice,16:25,18.90,47,18,65,📈 +17,340.20
2026-09-01 13:16:50,Sanok ➔ Wrocław,Południowy (10:10),02.09.2026,10:10,Gliwice ➔ Wrocław,Gliwice,Wrocław,16:55,34.45,90,0,90,📉 -18,0.00
2026-09-01 13:16:50,Wrocław ➔ Sanok,Południowy (12:00),02.09.2026,12:00,Wrocław ➔ Gliwice,Wrocław,Gliwice,12:00,34.45,66,24,90,Start trasy,826.80
2026-09-01 13:16:50,Wrocław ➔ Sanok,Południowy (12:00),02.09.2026,12:00,Gliwice ➔ Katowice,Gliwice,Katowice,14:00,19.95,1,64,65,📈 +40,1276.80
2026-09-01 13:16:50,Wrocław ➔ Sanok,Południowy (12:00),02.09.2026,12:00,Katowice ➔ Balice,Katowice,Balice,14:30,45.60,60,5,65,📉 -59,228.00
2026-09-01 13:16:50,Wrocław ➔ Sanok,Południowy (12:00),02.09.2026,12:00,Balice ➔ Kraków MDA,Balice,Kraków MDA,15:20,27.00,54,11,65,📈 +6,297.00
2026-09-01 13:16:50,Wrocław ➔ Sanok,Południowy (12:00),02.09.2026,12:00,Kraków MDA ➔ Rzeszów,Kraków MDA,Rzeszów,16:15,42.40,48,17,65,📈 +6,720.80
2026-09-01 13:16:50,Wrocław ➔ Sanok,Południowy (12:00),02.09.2026,12:00,Rzeszów ➔ Niebylec,Rzeszów,Niebylec,18:40,13.30,48,17,65,➡️ 0,226.10
2026-09-01 13:16:50,Wrocław ➔ Sanok,Południowy (12:00),02.09.2026,12:00,Niebylec ➔ Sanok,Niebylec,Sanok,19:20,25.00,49,16,65,📉 -1,400.00
2026-09-01 13:16:50,Wrocław ➔ Sanok,Popołudniowy (15:35),02.09.2026,15:35,Wrocław ➔ Gliwice,Wrocław,Gliwice,15:35,34.45,55,10,65,Start trasy,344.50
2026-09-01 13:16:50,Wrocław ➔ Sanok,Popołudniowy (15:35),02.09.2026,15:35,Gliwice ➔ Katowice,Gliwice,Katowice,17:40,19.95,54,11,65,📈 +1,219.45
2026-09-01 13:16:50,Wrocław ➔ Sanok,Popołudniowy (15:35),02.09.2026,15:35,Katowice ➔ Balice,Katowice,Balice,18:15,45.60,54,11,65,➡️ 0,501.60
2026-09-01 13:16:50,Wrocław ➔ Sanok,Popołudniowy (15:35),02.09.2026,15:35,Balice ➔ Kraków MDA,Balice,Kraków MDA,19:05,27.00,54,11,65,➡️ 0,297.00
2026-09-01 13:16:50,Wrocław ➔ Sanok,Popołudniowy (15:35),02.09.2026,15:35,Kraków MDA ➔ Rzeszów,Kraków MDA,Rzeszów,19:45,42.40,54,11,65,➡️ 0,466.40
2026-09-01 13:16:50,Wrocław ➔ Sanok,Popołudniowy (15:35),02.09.2026,15:35,Rzeszów ➔ Niebylec,Rzeszów,Niebylec,21:55,13.30,54,11,65,➡️ 0,146.30
2026-09-01 13:16:50,Wrocław ➔ Sanok,Popołudniowy (15:35),02.09.2026,15:35,Niebylec ➔ Sanok,Niebylec,Sanok,22:30,25.00,54,11,65,➡️ 0,275.00
2026-09-01 13:16:50,Wrocław ➔ Sanok,Nocny (22:25),02.09.2026,22:25,Wrocław ➔ Gliwice,Wrocław,Gliwice,22:25,34.45,82,8,90,Start trasy,275.60
2026-09-01 13:16:50,Wrocław ➔ Sanok,Nocny (22:25),02.09.2026,22:25,Gliwice ➔ Katowice,Gliwice,Katowice,00:20,19.95,81,9,90,📈 +1,179.55
2026-09-01 13:16:50,Wrocław ➔ Sanok,Nocny (22:25),02.09.2026,22:25,Katowice ➔ Balice,Katowice,Balice,00:50,45.60,80,10,90,📈 +1,456.00
2026-09-01 13:16:50,Wrocław ➔ Sanok,Nocny (22:25),02.09.2026,22:25,Balice ➔ Kraków MDA,Balice,Kraków MDA,01:50,27.00,69,21,90,📈 +11,567.00
2026-09-01 13:16:50,Wrocław ➔ Sanok,Nocny (22:25),02.09.2026,22:25,Kraków MDA ➔ Rzeszów,Kraków MDA,Rzeszów,02:20,42.40,63,2,65,📉 -19,84.80
2026-09-01 13:16:50,Wrocław ➔ Sanok,Nocny (22:25),02.09.2026,22:25,Rzeszów ➔ Niebylec,Rzeszów,Niebylec,04:30,13.30,46,19,65,📈 +17,252.70
2026-09-01 13:16:50,Wrocław ➔ Sanok,Nocny (22:25),02.09.2026,22:25,Niebylec ➔ Sanok,Niebylec,Sanok,05:00,25.00,56,9,65,📉 -10,225.00
2026-09-01 13:16:50,Sanok ➔ Wrocław,Nocny (23:50),02.09.2026,23:50,Sanok ➔ Niebylec,Sanok,Niebylec,23:50,0.00,B/D,0,65,Start trasy,0.00
2026-09-01 13:16:50,Sanok ➔ Wrocław,Nocny (23:50),02.09.2026,23:50,Niebylec ➔ Rzeszów,Niebylec,Rzeszów,00:50,0.00,B/D,0,65,➡️ 0,0.00
2026-09-01 13:16:50,Sanok ➔ Wrocław,Nocny (23:50),02.09.2026,23:50,Rzeszów ➔ Kraków MDA,Rzeszów,Kraków MDA,01:30,42.40,20,45,65,📈 +45,1908.00
2026-09-01 13:16:50,Sanok ➔ Wrocław,Nocny (23:50),02.09.2026,23:50,Kraków MDA ➔ Balice,Kraków MDA,Balice,03:35,27.00,27,38,65,📉 -7,1026.00
2026-09-01 13:16:50,Sanok ➔ Wrocław,Nocny (23:50),02.09.2026,23:50,Balice ➔ Katowice,Balice,Katowice,04:00,48.00,63,2,65,📉 -36,96.00
2026-09-01 13:16:50,Sanok ➔ Wrocław,Nocny (23:50),02.09.2026,23:50,Katowice ➔ Gliwice,Katowice,Gliwice,04:55,18.90,64,1,65,📉 -1,18.90
2026-09-01 13:16:50,Sanok ➔ Wrocław,Nocny (23:50),02.09.2026,23:50,Gliwice ➔ Wrocław,Gliwice,Wrocław,05:22,0.00,B/D,0,65,📉 -1,0.00
2026-09-01 13:16:50,Sanok ➔ Wrocław,Poranny I (03:00),03.09.2026,03:00,Sanok ➔ Niebylec,Sanok,Niebylec,03:00,23.75,23,42,65,Start trasy,997.50
2026-09-01 13:16:50,Sanok ➔ Wrocław,Poranny I (03:00),03.09.2026,03:00,Niebylec ➔ Rzeszów,Niebylec,Rzeszów,04:00,14.00,53,12,65,📉 -30,168.00
2026-09-01 13:16:50,Sanok ➔ Wrocław,Poranny I (03:00),03.09.2026,03:00,Rzeszów ➔ Kraków MDA,Rzeszów,Kraków MDA,04:40,42.40,47,18,65,📈 +6,763.20
2026-09-01 13:16:50,Sanok ➔ Wrocław,Poranny I (03:00),03.09.2026,03:00,Kraków MDA ➔ Balice,Kraków MDA,Balice,06:55,27.00,31,34,65,📈 +16,918.00
2026-09-01 13:16:50,Sanok ➔ Wrocław,Poranny I (03:00),03.09.2026,03:00,Balice ➔ Katowice,Balice,Katowice,07:20,48.00,1,64,65,📈 +30,3072.00
2026-09-01 13:16:50,Sanok ➔ Wrocław,Poranny I (03:00),03.09.2026,03:00,Katowice ➔ Gliwice,Katowice,Gliwice,08:30,18.90,63,2,65,📉 -62,37.80
2026-09-01 13:16:50,Sanok ➔ Wrocław,Poranny I (03:00),03.09.2026,03:00,Gliwice ➔ Wrocław,Gliwice,Wrocław,09:00,34.45,62,3,65,📈 +1,103.35
2026-09-01 13:16:50,Sanok ➔ Wrocław,Poranny II (06:35),03.09.2026,06:35,Sanok ➔ Niebylec,Sanok,Niebylec,06:35,23.75,48,17,65,Start trasy,403.75
2026-09-01 13:16:50,Sanok ➔ Wrocław,Poranny II (06:35),03.09.2026,06:35,Niebylec ➔ Rzeszów,Niebylec,Rzeszów,07:40,14.00,48,17,65,➡️ 0,238.00
2026-09-01 13:16:50,Sanok ➔ Wrocław,Poranny II (06:35),03.09.2026,06:35,Rzeszów ➔ Kraków MDA,Rzeszów,Kraków MDA,08:40,42.40,32,33,65,📈 +16,1399.20
2026-09-01 13:16:50,Sanok ➔ Wrocław,Poranny II (06:35),03.09.2026,06:35,Kraków MDA ➔ Balice,Kraków MDA,Balice,10:55,27.00,17,48,65,📈 +15,1296.00
2026-09-01 13:16:50,Sanok ➔ Wrocław,Poranny II (06:35),03.09.2026,06:35,Balice ➔ Katowice,Balice,Katowice,11:30,48.00,3,62,65,📈 +14,2976.00
2026-09-01 13:16:50,Sanok ➔ Wrocław,Poranny II (06:35),03.09.2026,06:35,Katowice ➔ Gliwice,Katowice,Gliwice,12:30,18.90,3,62,65,➡️ 0,1171.80
2026-09-01 13:16:50,Sanok ➔ Wrocław,Poranny II (06:35),03.09.2026,06:35,Gliwice ➔ Wrocław,Gliwice,Wrocław,13:00,34.45,3,62,65,➡️ 0,2135.90
2026-09-01 13:16:50,Wrocław ➔ Sanok,Południowy (12:00),03.09.2026,12:00,Wrocław ➔ Gliwice,Wrocław,Gliwice,12:00,0.00,B/D,0,65,Start trasy,0.00
2026-09-01 13:16:50,Wrocław ➔ Sanok,Południowy (12:00),03.09.2026,12:00,Gliwice ➔ Katowice,Gliwice,Katowice,14:00,0.00,B/D,0,65,➡️ 0,0.00
2026-09-01 13:16:50,Wrocław ➔ Sanok,Południowy (12:00),03.09.2026,12:00,Katowice ➔ Balice,Katowice,Balice,14:30,0.00,B/D,0,65,➡️ 0,0.00
2026-09-01 13:16:50,Wrocław ➔ Sanok,Południowy (12:00),03.09.2026,12:00,Balice ➔ Kraków MDA,Balice,Kraków MDA,15:20,27.00,48,17,65,📈 +17,459.00
2026-09-01 13:16:50,Wrocław ➔ Sanok,Południowy (12:00),03.09.2026,12:00,Kraków MDA ➔ Rzeszów,Kraków MDA,Rzeszów,16:15,0.00,B/D,0,65,📉 -17,0.00
2026-09-01 13:16:50,Wrocław ➔ Sanok,Południowy (12:00),03.09.2026,12:00,Rzeszów ➔ Niebylec,Rzeszów,Niebylec,18:40,0.00,B/D,0,65,➡️ 0,0.00
2026-09-01 13:16:50,Wrocław ➔ Sanok,Południowy (12:00),03.09.2026,12:00,Niebylec ➔ Sanok,Niebylec,Sanok,19:20,25.00,56,9,65,📈 +9,225.00
2026-09-01 13:16:50,Wrocław ➔ Sanok,Popołudniowy (15:35),03.09.2026,15:35,Wrocław ➔ Gliwice,Wrocław,Gliwice,15:35,34.45,61,4,65,Start trasy,137.80
2026-09-01 13:16:50,Wrocław ➔ Sanok,Popołudniowy (15:35),03.09.2026,15:35,Gliwice ➔ Katowice,Gliwice,Katowice,17:40,19.95,60,5,65,📈 +1,99.75
2026-09-01 13:16:50,Wrocław ➔ Sanok,Popołudniowy (15:35),03.09.2026,15:35,Katowice ➔ Balice,Katowice,Balice,18:15,45.60,59,6,65,📈 +1,273.60
2026-09-01 13:16:50,Wrocław ➔ Sanok,Popołudniowy (15:35),03.09.2026,15:35,Balice ➔ Kraków MDA,Balice,Kraków MDA,19:05,27.00,54,11,65,📈 +5,297.00
2026-09-01 13:16:50,Wrocław ➔ Sanok,Popołudniowy (15:35),03.09.2026,15:35,Kraków MDA ➔ Rzeszów,Kraków MDA,Rzeszów,19:45,42.40,50,15,65,📈 +4,636.00
2026-09-01 13:16:50,Wrocław ➔ Sanok,Popołudniowy (15:35),03.09.2026,15:35,Rzeszów ➔ Niebylec,Rzeszów,Niebylec,21:55,13.30,31,34,65,📈 +19,452.20
2026-09-01 13:16:50,Wrocław ➔ Sanok,Popołudniowy (15:35),03.09.2026,15:35,Niebylec ➔ Sanok,Niebylec,Sanok,22:30,25.00,51,14,65,📉 -20,350.00
2026-09-01 13:16:50,Wrocław ➔ Sanok,Nocny (22:25),03.09.2026,22:25,Wrocław ➔ Gliwice,Wrocław,Gliwice,22:25,34.45,86,4,90,Start trasy,137.80
2026-09-01 13:16:50,Wrocław ➔ Sanok,Nocny (22:25),03.09.2026,22:25,Gliwice ➔ Katowice,Gliwice,Katowice,00:20,19.95,84,6,90,📈 +2,119.70
2026-09-01 13:16:50,Wrocław ➔ Sanok,Nocny (22:25),03.09.2026,22:25,Katowice ➔ Balice,Katowice,Balice,00:50,45.60,74,16,90,📈 +10,729.60
2026-09-01 13:16:50,Wrocław ➔ Sanok,Nocny (22:25),03.09.2026,22:25,Balice ➔ Kraków MDA,Balice,Kraków MDA,01:50,27.00,69,21,90,📈 +5,567.00
2026-09-01 13:16:50,Wrocław ➔ Sanok,Nocny (22:25),03.09.2026,22:25,Kraków MDA ➔ Rzeszów,Kraków MDA,Rzeszów,02:20,42.40,66,24,90,📈 +3,1017.60
2026-09-01 13:16:50,Wrocław ➔ Sanok,Nocny (22:25),03.09.2026,22:25,Rzeszów ➔ Niebylec,Rzeszów,Niebylec,04:30,13.30,60,5,65,📉 -19,66.50
2026-09-01 13:16:50,Wrocław ➔ Sanok,Nocny (22:25),03.09.2026,22:25,Niebylec ➔ Sanok,Niebylec,Sanok,05:00,25.00,63,2,65,📉 -3,50.00
2026-09-01 13:16:50,Sanok ➔ Wrocław,Nocny (23:50),03.09.2026,23:50,Sanok ➔ Niebylec,Sanok,Niebylec,23:50,23.75,46,19,65,Start trasy,451.25
2026-09-01 13:16:50,Sanok ➔ Wrocław,Nocny (23:50),03.09.2026,23:50,Niebylec ➔ Rzeszów,Niebylec,Rzeszów,00:50,14.00,56,9,65,📉 -10,126.00
2026-09-01 13:16:50,Sanok ➔ Wrocław,Nocny (23:50),03.09.2026,23:50,Rzeszów ➔ Kraków MDA,Rzeszów,Kraków MDA,01:30,42.40,49,16,65,📈 +7,678.40
2026-09-01 13:16:50,Sanok ➔ Wrocław,Nocny (23:50),03.09.2026,23:50,Kraków MDA ➔ Balice,Kraków MDA,Balice,03:35,27.00,55,10,65,📉 -6,270.00
2026-09-01 13:16:50,Sanok ➔ Wrocław,Nocny (23:50),03.09.2026,23:50,Balice ➔ Katowice,Balice,Katowice,04:00,48.00,81,9,90,📉 -1,432.00
2026-09-01 13:16:50,Sanok ➔ Wrocław,Nocny (23:50),03.09.2026,23:50,Katowice ➔ Gliwice,Katowice,Gliwice,04:55,18.90,88,2,90,📉 -7,37.80
2026-09-01 13:16:50,Sanok ➔ Wrocław,Nocny (23:50),03.09.2026,23:50,Gliwice ➔ Wrocław,Gliwice,Wrocław,05:22,34.45,81,9,90,📈 +7,310.05
2026-09-01 14:16:00,Wrocław ➔ Sanok,Poranny (07:45),01.09.2026,07:45,Wrocław ➔ Gliwice,Wrocław,Gliwice,07:45,0.00,B/D,0,65,Start trasy,0.00
2026-09-01 14:16:00,Wrocław ➔ Sanok,Poranny (07:45),01.09.2026,07:45,Gliwice ➔ Katowice,Gliwice,Katowice,09:45,0.00,B/D,0,65,➡️ 0,0.00
2026-09-01 14:16:00,Wrocław ➔ Sanok,Poranny (07:45),01.09.2026,07:45,Katowice ➔ Balice,Katowice,Balice,10:15,45.60,63,2,65,📈 +2,91.20
2026-09-01 14:16:00,Wrocław ➔ Sanok,Poranny (07:45),01.09.2026,07:45,Balice ➔ Kraków MDA,Balice,Kraków MDA,11:05,27.00,61,4,65,📈 +2,108.00
2026-09-01 14:16:00,Wrocław ➔ Sanok,Poranny (07:45),01.09.2026,07:45,Kraków MDA ➔ Rzeszów,Kraków MDA,Rzeszów,11:45,42.40,32,33,65,📈 +29,1399.20
2026-09-01 14:16:00,Wrocław ➔ Sanok,Poranny (07:45),01.09.2026,07:45,Rzeszów ➔ Niebylec,Rzeszów,Niebylec,13:50,0.00,B/D,0,65,📉 -33,0.00
2026-09-01 14:16:00,Wrocław ➔ Sanok,Poranny (07:45),01.09.2026,07:45,Niebylec ➔ Sanok,Niebylec,Sanok,14:35,25.00,77,13,90,📈 +13,325.00
2026-09-01 14:16:00,Wrocław ➔ Sanok,Południowy (12:00),01.09.2026,12:00,Wrocław ➔ Gliwice,Wrocław,Gliwice,12:00,0.00,B/D,0,65,Start trasy,0.00
2026-09-01 14:16:00,Wrocław ➔ Sanok,Południowy (12:00),01.09.2026,12:00,Gliwice ➔ Katowice,Gliwice,Katowice,14:00,19.95,66,24,90,📈 +24,478.80
2026-09-01 14:16:00,Wrocław ➔ Sanok,Południowy (12:00),01.09.2026,12:00,Katowice ➔ Balice,Katowice,Balice,14:30,45.60,63,2,65,📉 -22,91.20
2026-09-01 14:16:00,Wrocław ➔ Sanok,Południowy (12:00),01.09.2026,12:00,Balice ➔ Kraków MDA,Balice,Kraków MDA,15:20,27.00,61,4,65,📈 +2,108.00
2026-09-01 14:16:00,Wrocław ➔ Sanok,Południowy (12:00),01.09.2026,12:00,Kraków MDA ➔ Rzeszów,Kraków MDA,Rzeszów,16:15,42.40,32,33,65,📈 +29,1399.20
2026-09-01 14:16:00,Wrocław ➔ Sanok,Południowy (12:00),01.09.2026,12:00,Rzeszów ➔ Niebylec,Rzeszów,Niebylec,18:40,13.30,71,19,90,📉 -14,252.70
2026-09-01 14:16:00,Wrocław ➔ Sanok,Południowy (12:00),01.09.2026,12:00,Niebylec ➔ Sanok,Niebylec,Sanok,19:20,25.00,77,13,90,📉 -6,325.00
2026-09-01 14:16:00,Wrocław ➔ Sanok,Popołudniowy (15:35),01.09.2026,15:35,Wrocław ➔ Gliwice,Wrocław,Gliwice,15:35,34.45,83,7,90,Start trasy,241.15
2026-09-01 14:16:00,Wrocław ➔ Sanok,Popołudniowy (15:35),01.09.2026,15:35,Gliwice ➔ Katowice,Gliwice,Katowice,17:40,19.95,66,24,90,📈 +17,478.80
2026-09-01 14:16:00,Wrocław ➔ Sanok,Popołudniowy (15:35),01.09.2026,15:35,Katowice ➔ Balice,Katowice,Balice,18:15,45.60,63,2,65,📉 -22,91.20
2026-09-01 14:16:00,Wrocław ➔ Sanok,Popołudniowy (15:35),01.09.2026,15:35,Balice ➔ Kraków MDA,Balice,Kraków MDA,19:05,27.00,31,34,65,📈 +32,918.00
2026-09-01 14:16:00,Wrocław ➔ Sanok,Popołudniowy (15:35),01.09.2026,15:35,Kraków MDA ➔ Rzeszów,Kraków MDA,Rzeszów,19:45,42.40,55,10,65,📉 -24,424.00
2026-09-01 14:16:00,Wrocław ➔ Sanok,Popołudniowy (15:35),01.09.2026,15:35,Rzeszów ➔ Niebylec,Rzeszów,Niebylec,21:55,0.00,B/D,0,65,📉 -10,0.00
2026-09-01 14:16:00,Wrocław ➔ Sanok,Popołudniowy (15:35),01.09.2026,15:35,Niebylec ➔ Sanok,Niebylec,Sanok,22:30,25.00,54,11,65,📈 +11,275.00
2026-09-01 14:16:00,Wrocław ➔ Sanok,Nocny (22:25),01.09.2026,22:25,Wrocław ➔ Gliwice,Wrocław,Gliwice,22:25,34.45,64,1,65,Start trasy,34.45
2026-09-01 14:16:00,Wrocław ➔ Sanok,Nocny (22:25),01.09.2026,22:25,Gliwice ➔ Katowice,Gliwice,Katowice,00:20,19.95,66,24,90,📈 +23,478.80
2026-09-01 14:16:00,Wrocław ➔ Sanok,Nocny (22:25),01.09.2026,22:25,Katowice ➔ Balice,Katowice,Balice,00:50,0.00,B/D,0,65,📉 -24,0.00
2026-09-01 14:16:00,Wrocław ➔ Sanok,Nocny (22:25),01.09.2026,22:25,Balice ➔ Kraków MDA,Balice,Kraków MDA,01:50,27.00,61,4,65,📈 +4,108.00
2026-09-01 14:16:00,Wrocław ➔ Sanok,Nocny (22:25),01.09.2026,22:25,Kraków MDA ➔ Rzeszów,Kraków MDA,Rzeszów,02:20,42.40,32,33,65,📈 +29,1399.20
2026-09-01 14:16:00,Wrocław ➔ Sanok,Nocny (22:25),01.09.2026,22:25,Rzeszów ➔ Niebylec,Rzeszów,Niebylec,04:30,13.30,75,15,90,📉 -18,199.50
2026-09-01 14:16:00,Wrocław ➔ Sanok,Nocny (22:25),01.09.2026,22:25,Niebylec ➔ Sanok,Niebylec,Sanok,05:00,25.00,77,13,90,📉 -2,325.00
2026-09-01 14:16:00,Sanok ➔ Wrocław,Poranny I (03:00),02.09.2026,03:00,Sanok ➔ Niebylec,Sanok,Niebylec,03:00,23.75,54,11,65,Start trasy,261.25
2026-09-01 14:16:00,Sanok ➔ Wrocław,Poranny I (03:00),02.09.2026,03:00,Niebylec ➔ Rzeszów,Niebylec,Rzeszów,04:00,14.00,54,11,65,➡️ 0,154.00
2026-09-01 14:16:00,Sanok ➔ Wrocław,Poranny I (03:00),02.09.2026,03:00,Rzeszów ➔ Kraków MDA,Rzeszów,Kraków MDA,04:40,42.40,40,25,65,📈 +14,1060.00
2026-09-01 14:16:00,Sanok ➔ Wrocław,Poranny I (03:00),02.09.2026,03:00,Kraków MDA ➔ Balice,Kraków MDA,Balice,06:55,27.00,40,25,65,➡️ 0,675.00
2026-09-01 14:16:00,Sanok ➔ Wrocław,Poranny I (03:00),02.09.2026,03:00,Balice ➔ Katowice,Balice,Katowice,07:20,48.00,63,2,65,📉 -23,96.00
2026-09-01 14:16:00,Sanok ➔ Wrocław,Poranny I (03:00),02.09.2026,03:00,Katowice ➔ Gliwice,Katowice,Gliwice,08:30,18.90,1,64,65,📈 +62,1209.60
2026-09-01 14:16:00,Sanok ➔ Wrocław,Poranny I (03:00),02.09.2026,03:00,Gliwice ➔ Wrocław,Gliwice,Wrocław,09:00,34.45,1,64,65,➡️ 0,2204.80
2026-09-01 14:16:00,Sanok ➔ Wrocław,Poranny II (06:35),02.09.2026,06:35,Sanok ➔ Niebylec,Sanok,Niebylec,06:35,23.75,44,21,65,Start trasy,498.75
2026-09-01 14:16:00,Sanok ➔ Wrocław,Poranny II (06:35),02.09.2026,06:35,Niebylec ➔ Rzeszów,Niebylec,Rzeszów,07:40,14.00,43,22,65,📈 +1,308.00
2026-09-01 14:16:00,Sanok ➔ Wrocław,Poranny II (06:35),02.09.2026,06:35,Rzeszów ➔ Kraków MDA,Rzeszów,Kraków MDA,08:40,42.40,36,29,65,📈 +7,1229.60
2026-09-01 14:16:00,Sanok ➔ Wrocław,Poranny II (06:35),02.09.2026,06:35,Kraków MDA ➔ Balice,Kraków MDA,Balice,10:55,27.00,46,19,65,📉 -10,513.00
2026-09-01 14:16:00,Sanok ➔ Wrocław,Poranny II (06:35),02.09.2026,06:35,Balice ➔ Katowice,Balice,Katowice,11:30,48.00,57,8,65,📉 -11,384.00
2026-09-01 14:16:00,Sanok ➔ Wrocław,Poranny II (06:35),02.09.2026,06:35,Katowice ➔ Gliwice,Katowice,Gliwice,12:30,18.90,58,7,65,📉 -1,132.30
2026-09-01 14:16:00,Sanok ➔ Wrocław,Poranny II (06:35),02.09.2026,06:35,Gliwice ➔ Wrocław,Gliwice,Wrocław,13:00,34.45,58,7,65,➡️ 0,241.15
2026-09-01 14:16:00,Wrocław ➔ Sanok,Poranny (07:45),02.09.2026,07:45,Wrocław ➔ Gliwice,Wrocław,Gliwice,07:45,34.45,90,0,90,Start trasy,0.00
2026-09-01 14:16:00,Wrocław ➔ Sanok,Poranny (07:45),02.09.2026,07:45,Gliwice ➔ Katowice,Gliwice,Katowice,09:45,19.95,87,3,90,📈 +3,59.85
2026-09-01 14:16:00,Wrocław ➔ Sanok,Poranny (07:45),02.09.2026,07:45,Katowice ➔ Balice,Katowice,Balice,10:15,45.60,75,15,90,📈 +12,684.00
2026-09-01 14:16:00,Wrocław ➔ Sanok,Poranny (07:45),02.09.2026,07:45,Balice ➔ Kraków MDA,Balice,Kraków MDA,11:05,27.00,72,18,90,📈 +3,486.00
2026-09-01 14:16:00,Wrocław ➔ Sanok,Poranny (07:45),02.09.2026,07:45,Kraków MDA ➔ Rzeszów,Kraków MDA,Rzeszów,11:45,42.40,72,18,90,➡️ 0,763.20
2026-09-01 14:16:00,Wrocław ➔ Sanok,Poranny (07:45),02.09.2026,07:45,Rzeszów ➔ Niebylec,Rzeszów,Niebylec,13:50,13.30,56,9,65,📉 -9,119.70
2026-09-01 14:16:00,Wrocław ➔ Sanok,Poranny (07:45),02.09.2026,07:45,Niebylec ➔ Sanok,Niebylec,Sanok,14:35,25.00,56,9,65,➡️ 0,225.00
2026-09-01 14:16:00,Sanok ➔ Wrocław,Południowy (10:10),02.09.2026,10:10,Sanok ➔ Niebylec,Sanok,Niebylec,10:10,23.75,52,13,65,Start trasy,308.75
2026-09-01 14:16:00,Sanok ➔ Wrocław,Południowy (10:10),02.09.2026,10:10,Niebylec ➔ Rzeszów,Niebylec,Rzeszów,11:25,14.00,52,13,65,➡️ 0,182.00
2026-09-01 14:16:00,Sanok ➔ Wrocław,Południowy (10:10),02.09.2026,10:10,Rzeszów ➔ Kraków MDA,Rzeszów,Kraków MDA,12:20,42.40,54,11,65,📉 -2,466.40
2026-09-01 14:16:00,Sanok ➔ Wrocław,Południowy (10:10),02.09.2026,10:10,Kraków MDA ➔ Balice,Kraków MDA,Balice,14:40,27.00,72,18,90,📈 +7,486.00
2026-09-01 14:16:00,Sanok ➔ Wrocław,Południowy (10:10),02.09.2026,10:10,Balice ➔ Katowice,Balice,Katowice,15:15,48.00,85,5,90,📉 -13,240.00
2026-09-01 14:16:00,Sanok ➔ Wrocław,Południowy (10:10),02.09.2026,10:10,Katowice ➔ Gliwice,Katowice,Gliwice,16:25,18.90,88,2,90,📉 -3,37.80
2026-09-01 14:16:00,Sanok ➔ Wrocław,Południowy (10:10),02.09.2026,10:10,Gliwice ➔ Wrocław,Gliwice,Wrocław,16:55,34.45,90,0,90,📉 -2,0.00
2026-09-01 14:16:00,Wrocław ➔ Sanok,Południowy (12:00),02.09.2026,12:00,Wrocław ➔ Gliwice,Wrocław,Gliwice,12:00,34.45,66,24,90,Start trasy,826.80
2026-09-01 14:16:00,Wrocław ➔ Sanok,Południowy (12:00),02.09.2026,12:00,Gliwice ➔ Katowice,Gliwice,Katowice,14:00,19.95,1,64,65,📈 +40,1276.80
2026-09-01 14:16:00,Wrocław ➔ Sanok,Południowy (12:00),02.09.2026,12:00,Katowice ➔ Balice,Katowice,Balice,14:30,45.60,60,5,65,📉 -59,228.00
2026-09-01 14:16:00,Wrocław ➔ Sanok,Południowy (12:00),02.09.2026,12:00,Balice ➔ Kraków MDA,Balice,Kraków MDA,15:20,27.00,55,10,65,📈 +5,270.00
2026-09-01 14:16:00,Wrocław ➔ Sanok,Południowy (12:00),02.09.2026,12:00,Kraków MDA ➔ Rzeszów,Kraków MDA,Rzeszów,16:15,42.40,49,16,65,📈 +6,678.40
2026-09-01 14:16:00,Wrocław ➔ Sanok,Południowy (12:00),02.09.2026,12:00,Rzeszów ➔ Niebylec,Rzeszów,Niebylec,18:40,13.30,47,18,65,📈 +2,239.40
2026-09-01 14:16:00,Wrocław ➔ Sanok,Południowy (12:00),02.09.2026,12:00,Niebylec ➔ Sanok,Niebylec,Sanok,19:20,25.00,48,17,65,📉 -1,425.00
2026-09-01 14:16:00,Wrocław ➔ Sanok,Popołudniowy (15:35),02.09.2026,15:35,Wrocław ➔ Gliwice,Wrocław,Gliwice,15:35,34.45,55,10,65,Start trasy,344.50
2026-09-01 14:16:00,Wrocław ➔ Sanok,Popołudniowy (15:35),02.09.2026,15:35,Gliwice ➔ Katowice,Gliwice,Katowice,17:40,19.95,54,11,65,📈 +1,219.45
2026-09-01 14:16:00,Wrocław ➔ Sanok,Popołudniowy (15:35),02.09.2026,15:35,Katowice ➔ Balice,Katowice,Balice,18:15,45.60,54,11,65,➡️ 0,501.60
2026-09-01 14:16:00,Wrocław ➔ Sanok,Popołudniowy (15:35),02.09.2026,15:35,Balice ➔ Kraków MDA,Balice,Kraków MDA,19:05,27.00,54,11,65,➡️ 0,297.00
2026-09-01 14:16:00,Wrocław ➔ Sanok,Popołudniowy (15:35),02.09.2026,15:35,Kraków MDA ➔ Rzeszów,Kraków MDA,Rzeszów,19:45,42.40,54,11,65,➡️ 0,466.40
2026-09-01 14:16:00,Wrocław ➔ Sanok,Popołudniowy (15:35),02.09.2026,15:35,Rzeszów ➔ Niebylec,Rzeszów,Niebylec,21:55,13.30,54,11,65,➡️ 0,146.30
2026-09-01 14:16:00,Wrocław ➔ Sanok,Popołudniowy (15:35),02.09.2026,15:35,Niebylec ➔ Sanok,Niebylec,Sanok,22:30,25.00,54,11,65,➡️ 0,275.00
2026-09-01 14:16:00,Wrocław ➔ Sanok,Nocny (22:25),02.09.2026,22:25,Wrocław ➔ Gliwice,Wrocław,Gliwice,22:25,34.45,82,8,90,Start trasy,275.60
2026-09-01 14:16:00,Wrocław ➔ Sanok,Nocny (22:25),02.09.2026,22:25,Gliwice ➔ Katowice,Gliwice,Katowice,00:20,19.95,81,9,90,📈 +1,179.55
2026-09-01 14:16:00,Wrocław ➔ Sanok,Nocny (22:25),02.09.2026,22:25,Katowice ➔ Balice,Katowice,Balice,00:50,45.60,80,10,90,📈 +1,456.00
2026-09-01 14:16:00,Wrocław ➔ Sanok,Nocny (22:25),02.09.2026,22:25,Balice ➔ Kraków MDA,Balice,Kraków MDA,01:50,27.00,68,22,90,📈 +12,594.00
2026-09-01 14:16:00,Wrocław ➔ Sanok,Nocny (22:25),02.09.2026,22:25,Kraków MDA ➔ Rzeszów,Kraków MDA,Rzeszów,02:20,42.40,62,3,65,📉 -19,127.20
2026-09-01 14:16:00,Wrocław ➔ Sanok,Nocny (22:25),02.09.2026,22:25,Rzeszów ➔ Niebylec,Rzeszów,Niebylec,04:30,13.30,46,19,65,📈 +16,252.70
2026-09-01 14:16:00,Wrocław ➔ Sanok,Nocny (22:25),02.09.2026,22:25,Niebylec ➔ Sanok,Niebylec,Sanok,05:00,25.00,56,9,65,📉 -10,225.00
2026-09-01 14:16:00,Sanok ➔ Wrocław,Nocny (23:50),02.09.2026,23:50,Sanok ➔ Niebylec,Sanok,Niebylec,23:50,23.75,57,8,65,Start trasy,190.00
2026-09-01 14:16:00,Sanok ➔ Wrocław,Nocny (23:50),02.09.2026,23:50,Niebylec ➔ Rzeszów,Niebylec,Rzeszów,00:50,14.00,43,22,65,📈 +14,308.00
2026-09-01 14:16:00,Sanok ➔ Wrocław,Nocny (23:50),02.09.2026,23:50,Rzeszów ➔ Kraków MDA,Rzeszów,Kraków MDA,01:30,42.40,20,45,65,📈 +23,1908.00
2026-09-01 14:16:00,Sanok ➔ Wrocław,Nocny (23:50),02.09.2026,23:50,Kraków MDA ➔ Balice,Kraków MDA,Balice,03:35,27.00,28,37,65,📉 -8,999.00
2026-09-01 14:16:00,Sanok ➔ Wrocław,Nocny (23:50),02.09.2026,23:50,Balice ➔ Katowice,Balice,Katowice,04:00,48.00,66,24,90,📉 -13,1152.00
2026-09-01 14:16:00,Sanok ➔ Wrocław,Nocny (23:50),02.09.2026,23:50,Katowice ➔ Gliwice,Katowice,Gliwice,04:55,18.90,81,9,90,📉 -15,170.10
2026-09-01 14:16:00,Sanok ➔ Wrocław,Nocny (23:50),02.09.2026,23:50,Gliwice ➔ Wrocław,Gliwice,Wrocław,05:22,34.45,83,7,90,📉 -2,241.15
2026-09-01 14:16:00,Sanok ➔ Wrocław,Poranny I (03:00),03.09.2026,03:00,Sanok ➔ Niebylec,Sanok,Niebylec,03:00,23.75,53,12,65,Start trasy,285.00
2026-09-01 14:16:00,Sanok ➔ Wrocław,Poranny I (03:00),03.09.2026,03:00,Niebylec ➔ Rzeszów,Niebylec,Rzeszów,04:00,14.00,53,12,65,➡️ 0,168.00
2026-09-01 14:16:00,Sanok ➔ Wrocław,Poranny I (03:00),03.09.2026,03:00,Rzeszów ➔ Kraków MDA,Rzeszów,Kraków MDA,04:40,42.40,61,4,65,📉 -8,169.60
2026-09-01 14:16:00,Sanok ➔ Wrocław,Poranny I (03:00),03.09.2026,03:00,Kraków MDA ➔ Balice,Kraków MDA,Balice,06:55,27.00,61,4,65,➡️ 0,108.00
2026-09-01 14:16:00,Sanok ➔ Wrocław,Poranny I (03:00),03.09.2026,03:00,Balice ➔ Katowice,Balice,Katowice,07:20,48.00,1,64,65,📈 +60,3072.00
2026-09-01 14:16:00,Sanok ➔ Wrocław,Poranny I (03:00),03.09.2026,03:00,Katowice ➔ Gliwice,Katowice,Gliwice,08:30,18.90,1,64,65,➡️ 0,1209.60
2026-09-01 14:16:00,Sanok ➔ Wrocław,Poranny I (03:00),03.09.2026,03:00,Gliwice ➔ Wrocław,Gliwice,Wrocław,09:00,34.45,1,64,65,➡️ 0,2204.80
2026-09-01 14:16:00,Sanok ➔ Wrocław,Poranny II (06:35),03.09.2026,06:35,Sanok ➔ Niebylec,Sanok,Niebylec,06:35,23.75,54,11,65,Start trasy,261.25
2026-09-01 14:16:00,Sanok ➔ Wrocław,Poranny II (06:35),03.09.2026,06:35,Niebylec ➔ Rzeszów,Niebylec,Rzeszów,07:40,14.00,54,11,65,➡️ 0,154.00
2026-09-01 14:16:00,Sanok ➔ Wrocław,Poranny II (06:35),03.09.2026,06:35,Rzeszów ➔ Kraków MDA,Rzeszów,Kraków MDA,08:40,42.40,45,20,65,📈 +9,848.00
2026-09-01 14:16:00,Sanok ➔ Wrocław,Poranny II (06:35),03.09.2026,06:35,Kraków MDA ➔ Balice,Kraków MDA,Balice,10:55,27.00,53,12,65,📉 -8,324.00
2026-09-01 14:16:00,Sanok ➔ Wrocław,Poranny II (06:35),03.09.2026,06:35,Balice ➔ Katowice,Balice,Katowice,11:30,48.00,58,7,65,📉 -5,336.00
2026-09-01 14:16:00,Sanok ➔ Wrocław,Poranny II (06:35),03.09.2026,06:35,Katowice ➔ Gliwice,Katowice,Gliwice,12:30,18.90,60,5,65,📉 -2,94.50
2026-09-01 14:16:00,Sanok ➔ Wrocław,Poranny II (06:35),03.09.2026,06:35,Gliwice ➔ Wrocław,Gliwice,Wrocław,13:00,34.45,60,5,65,➡️ 0,172.25
2026-09-01 14:16:00,Wrocław ➔ Sanok,Poranny (07:45),03.09.2026,07:45,Wrocław ➔ Gliwice,Wrocław,Gliwice,07:45,34.45,1,64,65,Start trasy,2204.80
2026-09-01 14:16:00,Wrocław ➔ Sanok,Poranny (07:45),03.09.2026,07:45,Gliwice ➔ Katowice,Gliwice,Katowice,09:45,19.95,1,64,65,➡️ 0,1276.80
2026-09-01 14:16:00,Wrocław ➔ Sanok,Poranny (07:45),03.09.2026,07:45,Katowice ➔ Balice,Katowice,Balice,10:15,45.60,3,62,65,📉 -2,2827.20
2026-09-01 14:16:00,Wrocław ➔ Sanok,Poranny (07:45),03.09.2026,07:45,Balice ➔ Kraków MDA,Balice,Kraków MDA,11:05,0.00,B/D,0,65,📉 -62,0.00
2026-09-01 14:16:00,Wrocław ➔ Sanok,Poranny (07:45),03.09.2026,07:45,Kraków MDA ➔ Rzeszów,Kraków MDA,Rzeszów,11:45,0.00,B/D,0,65,➡️ 0,0.00
2026-09-01 14:16:00,Wrocław ➔ Sanok,Poranny (07:45),03.09.2026,07:45,Rzeszów ➔ Niebylec,Rzeszów,Niebylec,13:50,0.00,B/D,0,65,➡️ 0,0.00
2026-09-01 14:16:00,Wrocław ➔ Sanok,Poranny (07:45),03.09.2026,07:45,Niebylec ➔ Sanok,Niebylec,Sanok,14:35,25.00,39,26,65,📈 +26,650.00
2026-09-01 14:16:00,Sanok ➔ Wrocław,Południowy (10:10),03.09.2026,10:10,Sanok ➔ Niebylec,Sanok,Niebylec,10:10,23.75,62,3,65,Start trasy,71.25
2026-09-01 14:16:00,Sanok ➔ Wrocław,Południowy (10:10),03.09.2026,10:10,Niebylec ➔ Rzeszów,Niebylec,Rzeszów,11:25,14.00,60,5,65,📈 +2,70.00
2026-09-01 14:16:00,Sanok ➔ Wrocław,Południowy (10:10),03.09.2026,10:10,Rzeszów ➔ Kraków MDA,Rzeszów,Kraków MDA,12:20,42.40,69,21,90,📈 +16,890.40
2026-09-01 14:16:00,Sanok ➔ Wrocław,Południowy (10:10),03.09.2026,10:10,Kraków MDA ➔ Balice,Kraków MDA,Balice,14:40,27.00,71,19,90,📉 -2,513.00
2026-09-01 14:16:00,Sanok ➔ Wrocław,Południowy (10:10),03.09.2026,10:10,Balice ➔ Katowice,Balice,Katowice,15:15,48.00,87,3,90,📉 -16,144.00
2026-09-01 14:16:00,Sanok ➔ Wrocław,Południowy (10:10),03.09.2026,10:10,Katowice ➔ Gliwice,Katowice,Gliwice,16:25,18.90,90,0,90,📉 -3,0.00
2026-09-01 14:16:00,Sanok ➔ Wrocław,Południowy (10:10),03.09.2026,10:10,Gliwice ➔ Wrocław,Gliwice,Wrocław,16:55,34.45,78,12,90,📈 +12,413.40
2026-09-01 14:16:00,Wrocław ➔ Sanok,Południowy (12:00),03.09.2026,12:00,Wrocław ➔ Gliwice,Wrocław,Gliwice,12:00,0.00,B/D,0,65,Start trasy,0.00
2026-09-01 14:16:00,Wrocław ➔ Sanok,Południowy (12:00),03.09.2026,12:00,Gliwice ➔ Katowice,Gliwice,Katowice,14:00,19.95,15,50,65,📈 +50,997.50
2026-09-01 14:16:00,Wrocław ➔ Sanok,Południowy (12:00),03.09.2026,12:00,Katowice ➔ Balice,Katowice,Balice,14:30,0.00,B/D,0,65,📉 -50,0.00
2026-09-01 14:16:00,Wrocław ➔ Sanok,Południowy (12:00),03.09.2026,12:00,Balice ➔ Kraków MDA,Balice,Kraków MDA,15:20,0.00,B/D,0,65,➡️ 0,0.00
2026-09-01 14:16:00,Wrocław ➔ Sanok,Południowy (12:00),03.09.2026,12:00,Kraków MDA ➔ Rzeszów,Kraków MDA,Rzeszów,16:15,0.00,B/D,0,65,➡️ 0,0.00
2026-09-01 14:16:00,Wrocław ➔ Sanok,Południowy (12:00),03.09.2026,12:00,Rzeszów ➔ Niebylec,Rzeszów,Niebylec,18:40,0.00,B/D,0,65,➡️ 0,0.00
2026-09-01 14:16:00,Wrocław ➔ Sanok,Południowy (12:00),03.09.2026,12:00,Niebylec ➔ Sanok,Niebylec,Sanok,19:20,0.00,B/D,0,65,➡️ 0,0.00
2026-09-01 14:16:00,Wrocław ➔ Sanok,Nocny (22:25),03.09.2026,22:25,Wrocław ➔ Gliwice,Wrocław,Gliwice,22:25,0.00,B/D,0,65,Start trasy,0.00
2026-09-01 14:16:00,Wrocław ➔ Sanok,Nocny (22:25),03.09.2026,22:25,Gliwice ➔ Katowice,Gliwice,Katowice,00:20,0.00,B/D,0,65,➡️ 0,0.00
2026-09-01 14:16:00,Wrocław ➔ Sanok,Nocny (22:25),03.09.2026,22:25,Katowice ➔ Balice,Katowice,Balice,00:50,0.00,B/D,0,65,➡️ 0,0.00
2026-09-01 14:16:00,Wrocław ➔ Sanok,Nocny (22:25),03.09.2026,22:25,Balice ➔ Kraków MDA,Balice,Kraków MDA,01:50,27.00,68,22,90,📈 +22,594.00
2026-09-01 14:16:00,Wrocław ➔ Sanok,Nocny (22:25),03.09.2026,22:25,Kraków MDA ➔ Rzeszów,Kraków MDA,Rzeszów,02:20,0.00,B/D,0,65,📉 -22,0.00
2026-09-01 14:16:00,Wrocław ➔ Sanok,Nocny (22:25),03.09.2026,22:25,Rzeszów ➔ Niebylec,Rzeszów,Niebylec,04:30,0.00,B/D,0,65,➡️ 0,0.00
2026-09-01 14:16:00,Wrocław ➔ Sanok,Nocny (22:25),03.09.2026,22:25,Niebylec ➔ Sanok,Niebylec,Sanok,05:00,25.00,63,2,65,📈 +2,50.00
2026-09-01 14:16:00,Sanok ➔ Wrocław,Nocny (23:50),03.09.2026,23:50,Sanok ➔ Niebylec,Sanok,Niebylec,23:50,23.75,47,18,65,Start trasy,427.50
2026-09-01 14:16:00,Sanok ➔ Wrocław,Nocny (23:50),03.09.2026,23:50,Niebylec ➔ Rzeszów,Niebylec,Rzeszów,00:50,14.00,56,9,65,📉 -9,126.00
2026-09-01 14:16:00,Sanok ➔ Wrocław,Nocny (23:50),03.09.2026,23:50,Rzeszów ➔ Kraków MDA,Rzeszów,Kraków MDA,01:30,42.40,49,16,65,📈 +7,678.40
2026-09-01 14:16:00,Sanok ➔ Wrocław,Nocny (23:50),03.09.2026,23:50,Kraków MDA ➔ Balice,Kraków MDA,Balice,03:35,27.00,55,10,65,📉 -6,270.00
2026-09-01 14:16:00,Sanok ➔ Wrocław,Nocny (23:50),03.09.2026,23:50,Balice ➔ Katowice,Balice,Katowice,04:00,48.00,84,6,90,📉 -4,288.00
2026-09-01 14:16:00,Sanok ➔ Wrocław,Nocny (23:50),03.09.2026,23:50,Katowice ➔ Gliwice,Katowice,Gliwice,04:55,18.90,88,2,90,📉 -4,37.80
2026-09-01 14:16:00,Sanok ➔ Wrocław,Nocny (23:50),03.09.2026,23:50,Gliwice ➔ Wrocław,Gliwice,Wrocław,05:22,34.45,89,1,90,📉 -1,34.45
2026-09-01 14:39:49,Sanok ➔ Wrocław,Poranny I (03:00),01.09.2026,03:00,Sanok ➔ Niebylec,Sanok,Niebylec,03:00,23.75,43,22,65,Start trasy,522.50
2026-09-01 14:39:49,Sanok ➔ Wrocław,Poranny I (03:00),01.09.2026,03:00,Niebylec ➔ Rzeszów,Niebylec,Rzeszów,04:00,14.00,55,10,65,📉 -12,140.00
2026-09-01 14:39:49,Sanok ➔ Wrocław,Poranny I (03:00),01.09.2026,03:00,Rzeszów ➔ Kraków MDA,Rzeszów,Kraków MDA,04:40,0.00,B/D,0,65,📉 -10,0.00
2026-09-01 14:39:49,Sanok ➔ Wrocław,Poranny I (03:00),01.09.2026,03:00,Kraków MDA ➔ Balice,Kraków MDA,Balice,06:55,0.00,B/D,0,65,➡️ 0,0.00
2026-09-01 14:39:49,Sanok ➔ Wrocław,Poranny I (03:00),01.09.2026,03:00,Balice ➔ Katowice,Balice,Katowice,07:20,0.00,B/D,0,65,➡️ 0,0.00
2026-09-01 14:39:49,Sanok ➔ Wrocław,Poranny I (03:00),01.09.2026,03:00,Katowice ➔ Gliwice,Katowice,Gliwice,08:30,0.00,B/D,0,65,➡️ 0,0.00
2026-09-01 14:39:49,Sanok ➔ Wrocław,Poranny I (03:00),01.09.2026,03:00,Gliwice ➔ Wrocław,Gliwice,Wrocław,09:00,34.45,79,11,90,📈 +11,378.95
2026-09-01 14:39:49,Sanok ➔ Wrocław,Poranny II (06:35),01.09.2026,06:35,Sanok ➔ Niebylec,Sanok,Niebylec,06:35,23.75,43,22,65,Start trasy,522.50
2026-09-01 14:39:49,Sanok ➔ Wrocław,Poranny II (06:35),01.09.2026,06:35,Niebylec ➔ Rzeszów,Niebylec,Rzeszów,07:40,14.00,55,10,65,📉 -12,140.00
2026-09-01 14:39:49,Sanok ➔ Wrocław,Poranny II (06:35),01.09.2026,06:35,Rzeszów ➔ Kraków MDA,Rzeszów,Kraków MDA,08:40,0.00,B/D,0,65,📉 -10,0.00
2026-09-01 14:39:49,Sanok ➔ Wrocław,Poranny II (06:35),01.09.2026,06:35,Kraków MDA ➔ Balice,Kraków MDA,Balice,10:55,0.00,B/D,0,65,➡️ 0,0.00
2026-09-01 14:39:49,Sanok ➔ Wrocław,Poranny II (06:35),01.09.2026,06:35,Balice ➔ Katowice,Balice,Katowice,11:30,0.00,B/D,0,65,➡️ 0,0.00
2026-09-01 14:39:49,Sanok ➔ Wrocław,Poranny II (06:35),01.09.2026,06:35,Katowice ➔ Gliwice,Katowice,Gliwice,12:30,0.00,B/D,0,65,➡️ 0,0.00
2026-09-01 14:39:49,Sanok ➔ Wrocław,Poranny II (06:35),01.09.2026,06:35,Gliwice ➔ Wrocław,Gliwice,Wrocław,13:00,34.45,79,11,90,📈 +11,378.95
2026-09-01 14:39:49,Wrocław ➔ Sanok,Poranny (07:45),01.09.2026,07:45,Wrocław ➔ Gliwice,Wrocław,Gliwice,07:45,34.45,85,5,90,Start trasy,172.25
2026-09-01 14:39:49,Wrocław ➔ Sanok,Poranny (07:45),01.09.2026,07:45,Gliwice ➔ Katowice,Gliwice,Katowice,09:45,19.95,66,24,90,📈 +19,478.80
2026-09-01 14:39:49,Wrocław ➔ Sanok,Poranny (07:45),01.09.2026,07:45,Katowice ➔ Balice,Katowice,Balice,10:15,45.60,63,2,65,📉 -22,91.20
2026-09-01 14:39:49,Wrocław ➔ Sanok,Poranny (07:45),01.09.2026,07:45,Balice ➔ Kraków MDA,Balice,Kraków MDA,11:05,27.00,61,4,65,📈 +2,108.00
2026-09-01 14:39:49,Wrocław ➔ Sanok,Poranny (07:45),01.09.2026,07:45,Kraków MDA ➔ Rzeszów,Kraków MDA,Rzeszów,11:45,42.40,55,10,65,📈 +6,424.00
2026-09-01 14:39:49,Wrocław ➔ Sanok,Poranny (07:45),01.09.2026,07:45,Rzeszów ➔ Niebylec,Rzeszów,Niebylec,13:50,13.30,75,15,90,📈 +5,199.50
2026-09-01 14:39:49,Wrocław ➔ Sanok,Poranny (07:45),01.09.2026,07:45,Niebylec ➔ Sanok,Niebylec,Sanok,14:35,25.00,77,13,90,📉 -2,325.00
2026-09-01 14:39:49,Sanok ➔ Wrocław,Południowy (10:10),01.09.2026,10:10,Sanok ➔ Niebylec,Sanok,Niebylec,10:10,23.75,43,22,65,Start trasy,522.50
2026-09-01 14:39:49,Sanok ➔ Wrocław,Południowy (10:10),01.09.2026,10:10,Niebylec ➔ Rzeszów,Niebylec,Rzeszów,11:25,14.00,55,10,65,📉 -12,140.00
2026-09-01 14:39:49,Sanok ➔ Wrocław,Południowy (10:10),01.09.2026,10:10,Rzeszów ➔ Kraków MDA,Rzeszów,Kraków MDA,12:20,0.00,B/D,0,65,📉 -10,0.00
2026-09-01 14:39:49,Sanok ➔ Wrocław,Południowy (10:10),01.09.2026,10:10,Kraków MDA ➔ Balice,Kraków MDA,Balice,14:40,0.00,B/D,0,65,➡️ 0,0.00
2026-09-01 14:39:49,Sanok ➔ Wrocław,Południowy (10:10),01.09.2026,10:10,Balice ➔ Katowice,Balice,Katowice,15:15,0.00,B/D,0,65,➡️ 0,0.00
2026-09-01 14:39:49,Sanok ➔ Wrocław,Południowy (10:10),01.09.2026,10:10,Katowice ➔ Gliwice,Katowice,Gliwice,16:25,0.00,B/D,0,65,➡️ 0,0.00
2026-09-01 14:39:49,Sanok ➔ Wrocław,Południowy (10:10),01.09.2026,10:10,Gliwice ➔ Wrocław,Gliwice,Wrocław,16:55,34.45,79,11,90,📈 +11,378.95
2026-09-01 14:39:49,Wrocław ➔ Sanok,Południowy (12:00),01.09.2026,12:00,Wrocław ➔ Gliwice,Wrocław,Gliwice,12:00,34.45,85,5,90,Start trasy,172.25
2026-09-01 14:39:49,Wrocław ➔ Sanok,Południowy (12:00),01.09.2026,12:00,Gliwice ➔ Katowice,Gliwice,Katowice,14:00,19.95,66,24,90,📈 +19,478.80
2026-09-01 14:39:49,Wrocław ➔ Sanok,Południowy (12:00),01.09.2026,12:00,Katowice ➔ Balice,Katowice,Balice,14:30,45.60,63,2,65,📉 -22,91.20
2026-09-01 14:39:49,Wrocław ➔ Sanok,Południowy (12:00),01.09.2026,12:00,Balice ➔ Kraków MDA,Balice,Kraków MDA,15:20,27.00,61,4,65,📈 +2,108.00
2026-09-01 14:39:49,Wrocław ➔ Sanok,Południowy (12:00),01.09.2026,12:00,Kraków MDA ➔ Rzeszów,Kraków MDA,Rzeszów,16:15,42.40,55,10,65,📈 +6,424.00
2026-09-01 14:39:49,Wrocław ➔ Sanok,Południowy (12:00),01.09.2026,12:00,Rzeszów ➔ Niebylec,Rzeszów,Niebylec,18:40,13.30,73,17,90,📈 +7,226.10
2026-09-01 14:39:49,Wrocław ➔ Sanok,Południowy (12:00),01.09.2026,12:00,Niebylec ➔ Sanok,Niebylec,Sanok,19:20,25.00,77,13,90,📉 -4,325.00
2026-09-01 14:39:49,Wrocław ➔ Sanok,Popołudniowy (15:35),01.09.2026,15:35,Wrocław ➔ Gliwice,Wrocław,Gliwice,15:35,34.45,85,5,90,Start trasy,172.25
2026-09-01 14:39:49,Wrocław ➔ Sanok,Popołudniowy (15:35),01.09.2026,15:35,Gliwice ➔ Katowice,Gliwice,Katowice,17:40,19.95,66,24,90,📈 +19,478.80
2026-09-01 14:39:49,Wrocław ➔ Sanok,Popołudniowy (15:35),01.09.2026,15:35,Katowice ➔ Balice,Katowice,Balice,18:15,45.60,63,2,65,📉 -22,91.20
2026-09-01 14:39:49,Wrocław ➔ Sanok,Popołudniowy (15:35),01.09.2026,15:35,Balice ➔ Kraków MDA,Balice,Kraków MDA,19:05,27.00,61,4,65,📈 +2,108.00
2026-09-01 14:39:49,Wrocław ➔ Sanok,Popołudniowy (15:35),01.09.2026,15:35,Kraków MDA ➔ Rzeszów,Kraków MDA,Rzeszów,19:45,0.00,B/D,0,65,📉 -4,0.00
2026-09-01 14:39:49,Wrocław ➔ Sanok,Popołudniowy (15:35),01.09.2026,15:35,Rzeszów ➔ Niebylec,Rzeszów,Niebylec,21:55,13.30,53,12,65,📈 +12,159.60
2026-09-01 14:39:49,Wrocław ➔ Sanok,Popołudniowy (15:35),01.09.2026,15:35,Niebylec ➔ Sanok,Niebylec,Sanok,22:30,25.00,54,11,65,📉 -1,275.00
2026-09-01 14:39:49,Wrocław ➔ Sanok,Nocny (22:25),01.09.2026,22:25,Wrocław ➔ Gliwice,Wrocław,Gliwice,22:25,34.45,85,5,90,Start trasy,172.25
2026-09-01 14:39:49,Wrocław ➔ Sanok,Nocny (22:25),01.09.2026,22:25,Gliwice ➔ Katowice,Gliwice,Katowice,00:20,19.95,66,24,90,📈 +19,478.80
2026-09-01 14:39:49,Wrocław ➔ Sanok,Nocny (22:25),01.09.2026,22:25,Katowice ➔ Balice,Katowice,Balice,00:50,45.60,63,2,65,📉 -22,91.20
2026-09-01 14:39:49,Wrocław ➔ Sanok,Nocny (22:25),01.09.2026,22:25,Balice ➔ Kraków MDA,Balice,Kraków MDA,01:50,27.00,61,4,65,📈 +2,108.00
2026-09-01 14:39:49,Wrocław ➔ Sanok,Nocny (22:25),01.09.2026,22:25,Kraków MDA ➔ Rzeszów,Kraków MDA,Rzeszów,02:20,42.40,55,10,65,📈 +6,424.00
2026-09-01 14:39:49,Wrocław ➔ Sanok,Nocny (22:25),01.09.2026,22:25,Rzeszów ➔ Niebylec,Rzeszów,Niebylec,04:30,13.30,70,20,90,📈 +10,266.00
2026-09-01 14:39:49,Wrocław ➔ Sanok,Nocny (22:25),01.09.2026,22:25,Niebylec ➔ Sanok,Niebylec,Sanok,05:00,25.00,77,13,90,📉 -7,325.00
2026-09-01 14:39:49,Sanok ➔ Wrocław,Nocny (23:50),01.09.2026,23:50,Sanok ➔ Niebylec,Sanok,Niebylec,23:50,23.75,43,22,65,Start trasy,522.50
2026-09-01 14:39:49,Sanok ➔ Wrocław,Nocny (23:50),01.09.2026,23:50,Niebylec ➔ Rzeszów,Niebylec,Rzeszów,00:50,14.00,54,11,65,📉 -11,154.00
2026-09-01 14:39:49,Sanok ➔ Wrocław,Nocny (23:50),01.09.2026,23:50,Rzeszów ➔ Kraków MDA,Rzeszów,Kraków MDA,01:30,0.00,B/D,0,65,📉 -11,0.00
2026-09-01 14:39:49,Sanok ➔ Wrocław,Nocny (23:50),01.09.2026,23:50,Kraków MDA ➔ Balice,Kraków MDA,Balice,03:35,0.00,B/D,0,65,➡️ 0,0.00
2026-09-01 14:39:49,Sanok ➔ Wrocław,Nocny (23:50),01.09.2026,23:50,Balice ➔ Katowice,Balice,Katowice,04:00,0.00,B/D,0,65,➡️ 0,0.00
2026-09-01 14:39:49,Sanok ➔ Wrocław,Nocny (23:50),01.09.2026,23:50,Katowice ➔ Gliwice,Katowice,Gliwice,04:55,0.00,B/D,0,65,➡️ 0,0.00
2026-09-01 14:39:49,Sanok ➔ Wrocław,Nocny (23:50),01.09.2026,23:50,Gliwice ➔ Wrocław,Gliwice,Wrocław,05:22,34.45,79,11,90,📈 +11,378.95
2026-09-01 14:39:49,Sanok ➔ Wrocław,Poranny I (03:00),02.09.2026,03:00,Sanok ➔ Niebylec,Sanok,Niebylec,03:00,23.75,54,11,65,Start trasy,261.25
2026-09-01 14:39:49,Sanok ➔ Wrocław,Poranny I (03:00),02.09.2026,03:00,Niebylec ➔ Rzeszów,Niebylec,Rzeszów,04:00,14.00,54,11,65,➡️ 0,154.00
2026-09-01 14:39:49,Sanok ➔ Wrocław,Poranny I (03:00),02.09.2026,03:00,Rzeszów ➔ Kraków MDA,Rzeszów,Kraków MDA,04:40,42.40,40,25,65,📈 +14,1060.00
2026-09-01 14:39:49,Sanok ➔ Wrocław,Poranny I (03:00),02.09.2026,03:00,Kraków MDA ➔ Balice,Kraków MDA,Balice,06:55,27.00,39,26,65,📈 +1,702.00
2026-09-01 14:39:49,Sanok ➔ Wrocław,Poranny I (03:00),02.09.2026,03:00,Balice ➔ Katowice,Balice,Katowice,07:20,48.00,60,5,65,📉 -21,240.00
2026-09-01 14:39:49,Sanok ➔ Wrocław,Poranny I (03:00),02.09.2026,03:00,Katowice ➔ Gliwice,Katowice,Gliwice,08:30,18.90,1,64,65,📈 +59,1209.60
2026-09-01 14:39:49,Sanok ➔ Wrocław,Poranny I (03:00),02.09.2026,03:00,Gliwice ➔ Wrocław,Gliwice,Wrocław,09:00,0.00,B/D,0,65,📉 -64,0.00
2026-09-01 14:39:49,Sanok ➔ Wrocław,Poranny II (06:35),02.09.2026,06:35,Sanok ➔ Niebylec,Sanok,Niebylec,06:35,23.75,32,33,65,Start trasy,783.75
2026-09-01 14:39:49,Sanok ➔ Wrocław,Poranny II (06:35),02.09.2026,06:35,Niebylec ➔ Rzeszów,Niebylec,Rzeszów,07:40,14.00,32,33,65,➡️ 0,462.00
2026-09-01 14:39:49,Sanok ➔ Wrocław,Poranny II (06:35),02.09.2026,06:35,Rzeszów ➔ Kraków MDA,Rzeszów,Kraków MDA,08:40,42.40,32,33,65,➡️ 0,1399.20
2026-09-01 14:39:49,Sanok ➔ Wrocław,Poranny II (06:35),02.09.2026,06:35,Kraków MDA ➔ Balice,Kraków MDA,Balice,10:55,0.00,B/D,0,65,📉 -33,0.00
2026-09-01 14:39:49,Sanok ➔ Wrocław,Poranny II (06:35),02.09.2026,06:35,Balice ➔ Katowice,Balice,Katowice,11:30,48.00,1,64,65,📈 +64,3072.00
2026-09-01 14:39:49,Sanok ➔ Wrocław,Poranny II (06:35),02.09.2026,06:35,Katowice ➔ Gliwice,Katowice,Gliwice,12:30,18.90,1,64,65,➡️ 0,1209.60
2026-09-01 14:39:49,Sanok ➔ Wrocław,Poranny II (06:35),02.09.2026,06:35,Gliwice ➔ Wrocław,Gliwice,Wrocław,13:00,34.45,1,64,65,➡️ 0,2204.80
2026-09-01 14:39:49,Sanok ➔ Wrocław,Południowy (10:10),02.09.2026,10:10,Sanok ➔ Niebylec,Sanok,Niebylec,10:10,23.75,1,64,65,Start trasy,1520.00
2026-09-01 14:39:49,Sanok ➔ Wrocław,Południowy (10:10),02.09.2026,10:10,Niebylec ➔ Rzeszów,Niebylec,Rzeszów,11:25,0.00,B/D,0,65,📉 -64,0.00
2026-09-01 14:39:49,Sanok ➔ Wrocław,Południowy (10:10),02.09.2026,10:10,Rzeszów ➔ Kraków MDA,Rzeszów,Kraków MDA,12:20,0.00,B/D,0,65,➡️ 0,0.00
2026-09-01 14:39:49,Sanok ➔ Wrocław,Południowy (10:10),02.09.2026,10:10,Kraków MDA ➔ Balice,Kraków MDA,Balice,14:40,0.00,B/D,0,65,➡️ 0,0.00
2026-09-01 14:39:49,Sanok ➔ Wrocław,Południowy (10:10),02.09.2026,10:10,Balice ➔ Katowice,Balice,Katowice,15:15,0.00,B/D,0,65,➡️ 0,0.00
2026-09-01 14:39:49,Sanok ➔ Wrocław,Południowy (10:10),02.09.2026,10:10,Katowice ➔ Gliwice,Katowice,Gliwice,16:25,0.00,B/D,0,65,➡️ 0,0.00
2026-09-01 14:39:49,Sanok ➔ Wrocław,Południowy (10:10),02.09.2026,10:10,Gliwice ➔ Wrocław,Gliwice,Wrocław,16:55,0.00,B/D,0,65,➡️ 0,0.00
2026-09-01 14:39:49,Wrocław ➔ Sanok,Popołudniowy (15:35),02.09.2026,15:35,Wrocław ➔ Gliwice,Wrocław,Gliwice,15:35,34.45,55,10,65,Start trasy,344.50
2026-09-01 14:39:49,Wrocław ➔ Sanok,Popołudniowy (15:35),02.09.2026,15:35,Gliwice ➔ Katowice,Gliwice,Katowice,17:40,19.95,54,11,65,📈 +1,219.45
2026-09-01 14:39:49,Wrocław ➔ Sanok,Popołudniowy (15:35),02.09.2026,15:35,Katowice ➔ Balice,Katowice,Balice,18:15,0.00,B/D,0,65,📉 -11,0.00
2026-09-01 14:39:49,Wrocław ➔ Sanok,Popołudniowy (15:35),02.09.2026,15:35,Balice ➔ Kraków MDA,Balice,Kraków MDA,19:05,0.00,B/D,0,65,➡️ 0,0.00
2026-09-01 14:39:49,Wrocław ➔ Sanok,Popołudniowy (15:35),02.09.2026,15:35,Kraków MDA ➔ Rzeszów,Kraków MDA,Rzeszów,19:45,42.40,54,11,65,📈 +11,466.40
2026-09-01 14:39:49,Wrocław ➔ Sanok,Popołudniowy (15:35),02.09.2026,15:35,Rzeszów ➔ Niebylec,Rzeszów,Niebylec,21:55,0.00,B/D,0,65,📉 -11,0.00
2026-09-01 14:39:49,Wrocław ➔ Sanok,Popołudniowy (15:35),02.09.2026,15:35,Niebylec ➔ Sanok,Niebylec,Sanok,22:30,0.00,B/D,0,65,➡️ 0,0.00
2026-09-01 14:39:49,Wrocław ➔ Sanok,Nocny (22:25),02.09.2026,22:25,Wrocław ➔ Gliwice,Wrocław,Gliwice,22:25,0.00,B/D,0,65,Start trasy,0.00
2026-09-01 14:39:49,Wrocław ➔ Sanok,Nocny (22:25),02.09.2026,22:25,Gliwice ➔ Katowice,Gliwice,Katowice,00:20,0.00,B/D,0,65,➡️ 0,0.00
2026-09-01 14:39:49,Wrocław ➔ Sanok,Nocny (22:25),02.09.2026,22:25,Katowice ➔ Balice,Katowice,Balice,00:50,45.60,80,10,90,📈 +10,456.00
2026-09-01 14:39:49,Wrocław ➔ Sanok,Nocny (22:25),02.09.2026,22:25,Balice ➔ Kraków MDA,Balice,Kraków MDA,01:50,27.00,68,22,90,📈 +12,594.00
2026-09-01 14:39:49,Wrocław ➔ Sanok,Nocny (22:25),02.09.2026,22:25,Kraków MDA ➔ Rzeszów,Kraków MDA,Rzeszów,02:20,42.40,62,3,65,📉 -19,127.20
2026-09-01 14:39:49,Wrocław ➔ Sanok,Nocny (22:25),02.09.2026,22:25,Rzeszów ➔ Niebylec,Rzeszów,Niebylec,04:30,0.00,B/D,0,65,📉 -3,0.00
2026-09-01 14:39:49,Wrocław ➔ Sanok,Nocny (22:25),02.09.2026,22:25,Niebylec ➔ Sanok,Niebylec,Sanok,05:00,25.00,55,10,65,📈 +10,250.00
2026-09-01 14:39:49,Sanok ➔ Wrocław,Nocny (23:50),02.09.2026,23:50,Sanok ➔ Niebylec,Sanok,Niebylec,23:50,23.75,57,8,65,Start trasy,190.00
2026-09-01 14:39:49,Sanok ➔ Wrocław,Nocny (23:50),02.09.2026,23:50,Niebylec ➔ Rzeszów,Niebylec,Rzeszów,00:50,14.00,43,22,65,📈 +14,308.00
2026-09-01 14:39:49,Sanok ➔ Wrocław,Nocny (23:50),02.09.2026,23:50,Rzeszów ➔ Kraków MDA,Rzeszów,Kraków MDA,01:30,42.40,20,45,65,📈 +23,1908.00
2026-09-01 14:39:49,Sanok ➔ Wrocław,Nocny (23:50),02.09.2026,23:50,Kraków MDA ➔ Balice,Kraków MDA,Balice,03:35,27.00,28,37,65,📉 -8,999.00
2026-09-01 14:39:49,Sanok ➔ Wrocław,Nocny (23:50),02.09.2026,23:50,Balice ➔ Katowice,Balice,Katowice,04:00,48.00,66,24,90,📉 -13,1152.00
2026-09-01 14:39:49,Sanok ➔ Wrocław,Nocny (23:50),02.09.2026,23:50,Katowice ➔ Gliwice,Katowice,Gliwice,04:55,18.90,81,9,90,📉 -15,170.10
2026-09-01 14:39:49,Sanok ➔ Wrocław,Nocny (23:50),02.09.2026,23:50,Gliwice ➔ Wrocław,Gliwice,Wrocław,05:22,34.45,83,7,90,📉 -2,241.15
2026-09-01 14:39:49,Sanok ➔ Wrocław,Poranny I (03:00),03.09.2026,03:00,Sanok ➔ Niebylec,Sanok,Niebylec,03:00,23.75,52,13,65,Start trasy,308.75
2026-09-01 14:39:49,Sanok ➔ Wrocław,Poranny I (03:00),03.09.2026,03:00,Niebylec ➔ Rzeszów,Niebylec,Rzeszów,04:00,14.00,1,64,65,📈 +51,896.00
2026-09-01 14:39:49,Sanok ➔ Wrocław,Poranny I (03:00),03.09.2026,03:00,Rzeszów ➔ Kraków MDA,Rzeszów,Kraków MDA,04:40,42.40,60,5,65,📉 -59,212.00
2026-09-01 14:39:49,Sanok ➔ Wrocław,Poranny I (03:00),03.09.2026,03:00,Kraków MDA ➔ Balice,Kraków MDA,Balice,06:55,27.00,51,14,65,📈 +9,378.00
2026-09-01 14:39:49,Sanok ➔ Wrocław,Poranny I (03:00),03.09.2026,03:00,Balice ➔ Katowice,Balice,Katowice,07:20,48.00,1,64,65,📈 +50,3072.00
2026-09-01 14:39:49,Sanok ➔ Wrocław,Poranny I (03:00),03.09.2026,03:00,Katowice ➔ Gliwice,Katowice,Gliwice,08:30,18.90,1,64,65,➡️ 0,1209.60
2026-09-01 14:39:49,Sanok ➔ Wrocław,Poranny I (03:00),03.09.2026,03:00,Gliwice ➔ Wrocław,Gliwice,Wrocław,09:00,0.00,B/D,0,65,📉 -64,0.00
2026-09-01 14:39:49,Sanok ➔ Wrocław,Poranny II (06:35),03.09.2026,06:35,Sanok ➔ Niebylec,Sanok,Niebylec,06:35,0.00,B/D,0,65,Start trasy,0.00
2026-09-01 14:39:49,Sanok ➔ Wrocław,Poranny II (06:35),03.09.2026,06:35,Niebylec ➔ Rzeszów,Niebylec,Rzeszów,07:40,0.00,B/D,0,65,➡️ 0,0.00
2026-09-01 14:39:49,Sanok ➔ Wrocław,Poranny II (06:35),03.09.2026,06:35,Rzeszów ➔ Kraków MDA,Rzeszów,Kraków MDA,08:40,42.40,45,20,65,📈 +20,848.00
2026-09-01 14:39:49,Sanok ➔ Wrocław,Poranny II (06:35),03.09.2026,06:35,Kraków MDA ➔ Balice,Kraków MDA,Balice,10:55,27.00,53,12,65,📉 -8,324.00
2026-09-01 14:39:49,Sanok ➔ Wrocław,Poranny II (06:35),03.09.2026,06:35,Balice ➔ Katowice,Balice,Katowice,11:30,48.00,58,7,65,📉 -5,336.00
2026-09-01 14:39:49,Sanok ➔ Wrocław,Poranny II (06:35),03.09.2026,06:35,Katowice ➔ Gliwice,Katowice,Gliwice,12:30,18.90,60,5,65,📉 -2,94.50
2026-09-01 14:39:49,Sanok ➔ Wrocław,Poranny II (06:35),03.09.2026,06:35,Gliwice ➔ Wrocław,Gliwice,Wrocław,13:00,34.45,60,5,65,➡️ 0,172.25
2026-09-01 14:39:49,Wrocław ➔ Sanok,Poranny (07:45),03.09.2026,07:45,Wrocław ➔ Gliwice,Wrocław,Gliwice,07:45,34.45,90,0,90,Start trasy,0.00
2026-09-01 14:39:49,Wrocław ➔ Sanok,Poranny (07:45),03.09.2026,07:45,Gliwice ➔ Katowice,Gliwice,Katowice,09:45,19.95,90,0,90,➡️ 0,0.00
2026-09-01 14:39:49,Wrocław ➔ Sanok,Poranny (07:45),03.09.2026,07:45,Katowice ➔ Balice,Katowice,Balice,10:15,45.60,78,12,90,📈 +12,547.20
2026-09-01 14:39:49,Wrocław ➔ Sanok,Poranny (07:45),03.09.2026,07:45,Balice ➔ Kraków MDA,Balice,Kraków MDA,11:05,27.00,70,20,90,📈 +8,540.00
2026-09-01 14:39:49,Wrocław ➔ Sanok,Poranny (07:45),03.09.2026,07:45,Kraków MDA ➔ Rzeszów,Kraków MDA,Rzeszów,11:45,42.40,77,13,90,📉 -7,551.20
2026-09-01 14:39:49,Wrocław ➔ Sanok,Poranny (07:45),03.09.2026,07:45,Rzeszów ➔ Niebylec,Rzeszów,Niebylec,13:50,13.30,1,64,65,📈 +51,851.20
2026-09-01 14:39:49,Wrocław ➔ Sanok,Poranny (07:45),03.09.2026,07:45,Niebylec ➔ Sanok,Niebylec,Sanok,14:35,25.00,63,2,65,📉 -62,50.00
2026-09-01 14:39:49,Sanok ➔ Wrocław,Południowy (10:10),03.09.2026,10:10,Sanok ➔ Niebylec,Sanok,Niebylec,10:10,23.75,63,2,65,Start trasy,47.50
2026-09-01 14:39:49,Sanok ➔ Wrocław,Południowy (10:10),03.09.2026,10:10,Niebylec ➔ Rzeszów,Niebylec,Rzeszów,11:25,14.00,31,34,65,📈 +32,476.00
2026-09-01 14:39:49,Sanok ➔ Wrocław,Południowy (10:10),03.09.2026,10:10,Rzeszów ➔ Kraków MDA,Rzeszów,Kraków MDA,12:20,42.40,69,21,90,📉 -13,890.40
2026-09-01 14:39:49,Sanok ➔ Wrocław,Południowy (10:10),03.09.2026,10:10,Kraków MDA ➔ Balice,Kraków MDA,Balice,14:40,27.00,73,17,90,📉 -4,459.00
2026-09-01 14:39:49,Sanok ➔ Wrocław,Południowy (10:10),03.09.2026,10:10,Balice ➔ Katowice,Balice,Katowice,15:15,48.00,87,3,90,📉 -14,144.00
2026-09-01 14:39:49,Sanok ➔ Wrocław,Południowy (10:10),03.09.2026,10:10,Katowice ➔ Gliwice,Katowice,Gliwice,16:25,18.90,90,0,90,📉 -3,0.00
2026-09-01 14:39:49,Sanok ➔ Wrocław,Południowy (10:10),03.09.2026,10:10,Gliwice ➔ Wrocław,Gliwice,Wrocław,16:55,34.45,86,4,90,📈 +4,137.80
2026-09-01 14:39:49,Wrocław ➔ Sanok,Południowy (12:00),03.09.2026,12:00,Wrocław ➔ Gliwice,Wrocław,Gliwice,12:00,34.45,31,34,65,Start trasy,1171.30
2026-09-01 14:39:49,Wrocław ➔ Sanok,Południowy (12:00),03.09.2026,12:00,Gliwice ➔ Katowice,Gliwice,Katowice,14:00,19.95,31,34,65,➡️ 0,678.30
2026-09-01 14:39:49,Wrocław ➔ Sanok,Południowy (12:00),03.09.2026,12:00,Katowice ➔ Balice,Katowice,Balice,14:30,45.60,51,14,65,📉 -20,638.40
2026-09-01 14:39:49,Wrocław ➔ Sanok,Południowy (12:00),03.09.2026,12:00,Balice ➔ Kraków MDA,Balice,Kraków MDA,15:20,0.00,B/D,0,65,📉 -14,0.00
2026-09-01 14:39:49,Wrocław ➔ Sanok,Południowy (12:00),03.09.2026,12:00,Kraków MDA ➔ Rzeszów,Kraków MDA,Rzeszów,16:15,0.00,B/D,0,65,➡️ 0,0.00
2026-09-01 14:39:49,Wrocław ➔ Sanok,Południowy (12:00),03.09.2026,12:00,Rzeszów ➔ Niebylec,Rzeszów,Niebylec,18:40,0.00,B/D,0,65,➡️ 0,0.00
2026-09-01 14:39:49,Wrocław ➔ Sanok,Południowy (12:00),03.09.2026,12:00,Niebylec ➔ Sanok,Niebylec,Sanok,19:20,25.00,48,17,65,📈 +17,425.00
2026-09-01 14:39:49,Wrocław ➔ Sanok,Popołudniowy (15:35),03.09.2026,15:35,Wrocław ➔ Gliwice,Wrocław,Gliwice,15:35,34.45,48,17,65,Start trasy,585.65
2026-09-01 14:39:49,Wrocław ➔ Sanok,Popołudniowy (15:35),03.09.2026,15:35,Gliwice ➔ Katowice,Gliwice,Katowice,17:40,19.95,1,64,65,📈 +47,1276.80
2026-09-01 14:39:49,Wrocław ➔ Sanok,Popołudniowy (15:35),03.09.2026,15:35,Katowice ➔ Balice,Katowice,Balice,18:15,45.60,1,64,65,➡️ 0,2918.40
2026-09-01 14:39:49,Wrocław ➔ Sanok,Popołudniowy (15:35),03.09.2026,15:35,Balice ➔ Kraków MDA,Balice,Kraków MDA,19:05,27.00,1,64,65,➡️ 0,1728.00
2026-09-01 14:39:49,Wrocław ➔ Sanok,Popołudniowy (15:35),03.09.2026,15:35,Kraków MDA ➔ Rzeszów,Kraków MDA,Rzeszów,19:45,42.40,1,64,65,➡️ 0,2713.60
2026-09-01 14:39:49,Wrocław ➔ Sanok,Popołudniowy (15:35),03.09.2026,15:35,Rzeszów ➔ Niebylec,Rzeszów,Niebylec,21:55,0.00,B/D,0,65,📉 -64,0.00
2026-09-01 14:39:49,Wrocław ➔ Sanok,Popołudniowy (15:35),03.09.2026,15:35,Niebylec ➔ Sanok,Niebylec,Sanok,22:30,0.00,B/D,0,65,➡️ 0,0.00
2026-09-01 14:39:49,Sanok ➔ Wrocław,Nocny (23:50),03.09.2026,23:50,Sanok ➔ Niebylec,Sanok,Niebylec,23:50,23.75,47,18,65,Start trasy,427.50
2026-09-01 14:39:49,Sanok ➔ Wrocław,Nocny (23:50),03.09.2026,23:50,Niebylec ➔ Rzeszów,Niebylec,Rzeszów,00:50,14.00,56,9,65,📉 -9,126.00
2026-09-01 14:39:49,Sanok ➔ Wrocław,Nocny (23:50),03.09.2026,23:50,Rzeszów ➔ Kraków MDA,Rzeszów,Kraków MDA,01:30,42.40,49,16,65,📈 +7,678.40
2026-09-01 14:39:49,Sanok ➔ Wrocław,Nocny (23:50),03.09.2026,23:50,Kraków MDA ➔ Balice,Kraków MDA,Balice,03:35,27.00,55,10,65,📉 -6,270.00
2026-09-01 14:39:49,Sanok ➔ Wrocław,Nocny (23:50),03.09.2026,23:50,Balice ➔ Katowice,Balice,Katowice,04:00,48.00,84,6,90,📉 -4,288.00
2026-09-01 14:39:49,Sanok ➔ Wrocław,Nocny (23:50),03.09.2026,23:50,Katowice ➔ Gliwice,Katowice,Gliwice,04:55,18.90,87,3,90,📉 -3,56.70
2026-09-01 14:39:49,Sanok ➔ Wrocław,Nocny (23:50),03.09.2026,23:50,Gliwice ➔ Wrocław,Gliwice,Wrocław,05:22,34.45,87,3,90,➡️ 0,103.35
2026-09-01 15:11:01,Sanok ➔ Wrocław,Poranny I (03:00),01.09.2026,03:00,Sanok ➔ Niebylec,Sanok,Niebylec,03:00,23.75,43,22,65,Start trasy,522.50
2026-09-01 15:11:01,Sanok ➔ Wrocław,Poranny I (03:00),01.09.2026,03:00,Niebylec ➔ Rzeszów,Niebylec,Rzeszów,04:00,14.00,55,10,65,📉 -12,140.00
2026-09-01 15:11:01,Sanok ➔ Wrocław,Poranny I (03:00),01.09.2026,03:00,Rzeszów ➔ Kraków MDA,Rzeszów,Kraków MDA,04:40,0.00,B/D,0,65,📉 -10,0.00
2026-09-01 15:11:01,Sanok ➔ Wrocław,Poranny I (03:00),01.09.2026,03:00,Kraków MDA ➔ Balice,Kraków MDA,Balice,06:55,0.00,B/D,0,65,➡️ 0,0.00
2026-09-01 15:11:01,Sanok ➔ Wrocław,Poranny I (03:00),01.09.2026,03:00,Balice ➔ Katowice,Balice,Katowice,07:20,0.00,B/D,0,65,➡️ 0,0.00
2026-09-01 15:11:01,Sanok ➔ Wrocław,Poranny I (03:00),01.09.2026,03:00,Katowice ➔ Gliwice,Katowice,Gliwice,08:30,0.00,B/D,0,65,➡️ 0,0.00
2026-09-01 15:11:01,Sanok ➔ Wrocław,Poranny I (03:00),01.09.2026,03:00,Gliwice ➔ Wrocław,Gliwice,Wrocław,09:00,0.00,B/D,0,65,➡️ 0,0.00
2026-09-01 15:11:01,Sanok ➔ Wrocław,Poranny II (06:35),01.09.2026,06:35,Sanok ➔ Niebylec,Sanok,Niebylec,06:35,23.75,43,22,65,Start trasy,522.50
2026-09-01 15:11:01,Sanok ➔ Wrocław,Poranny II (06:35),01.09.2026,06:35,Niebylec ➔ Rzeszów,Niebylec,Rzeszów,07:40,14.00,47,18,65,📉 -4,252.00
2026-09-01 15:11:01,Sanok ➔ Wrocław,Poranny II (06:35),01.09.2026,06:35,Rzeszów ➔ Kraków MDA,Rzeszów,Kraków MDA,08:40,0.00,B/D,0,65,📉 -18,0.00
2026-09-01 15:11:01,Sanok ➔ Wrocław,Poranny II (06:35),01.09.2026,06:35,Kraków MDA ➔ Balice,Kraków MDA,Balice,10:55,0.00,B/D,0,65,➡️ 0,0.00
2026-09-01 15:11:01,Sanok ➔ Wrocław,Poranny II (06:35),01.09.2026,06:35,Balice ➔ Katowice,Balice,Katowice,11:30,0.00,B/D,0,65,➡️ 0,0.00
2026-09-01 15:11:01,Sanok ➔ Wrocław,Poranny II (06:35),01.09.2026,06:35,Katowice ➔ Gliwice,Katowice,Gliwice,12:30,0.00,B/D,0,65,➡️ 0,0.00
2026-09-01 15:11:01,Sanok ➔ Wrocław,Poranny II (06:35),01.09.2026,06:35,Gliwice ➔ Wrocław,Gliwice,Wrocław,13:00,0.00,B/D,0,65,➡️ 0,0.00
2026-09-01 15:11:01,Wrocław ➔ Sanok,Poranny (07:45),01.09.2026,07:45,Wrocław ➔ Gliwice,Wrocław,Gliwice,07:45,34.45,85,5,90,Start trasy,172.25
2026-09-01 15:11:01,Wrocław ➔ Sanok,Poranny (07:45),01.09.2026,07:45,Gliwice ➔ Katowice,Gliwice,Katowice,09:45,19.95,66,24,90,📈 +19,478.80
2026-09-01 15:11:01,Wrocław ➔ Sanok,Poranny (07:45),01.09.2026,07:45,Katowice ➔ Balice,Katowice,Balice,10:15,45.60,60,5,65,📉 -19,228.00
2026-09-01 15:11:01,Wrocław ➔ Sanok,Poranny (07:45),01.09.2026,07:45,Balice ➔ Kraków MDA,Balice,Kraków MDA,11:05,27.00,60,5,65,➡️ 0,135.00
2026-09-01 15:11:01,Wrocław ➔ Sanok,Poranny (07:45),01.09.2026,07:45,Kraków MDA ➔ Rzeszów,Kraków MDA,Rzeszów,11:45,42.40,48,17,65,📈 +12,720.80
2026-09-01 15:11:01,Wrocław ➔ Sanok,Poranny (07:45),01.09.2026,07:45,Rzeszów ➔ Niebylec,Rzeszów,Niebylec,13:50,13.30,1,64,65,📈 +47,851.20
2026-09-01 15:11:01,Wrocław ➔ Sanok,Poranny (07:45),01.09.2026,07:45,Niebylec ➔ Sanok,Niebylec,Sanok,14:35,25.00,1,64,65,➡️ 0,1600.00
2026-09-01 15:11:01,Sanok ➔ Wrocław,Południowy (10:10),01.09.2026,10:10,Sanok ➔ Niebylec,Sanok,Niebylec,10:10,23.75,42,23,65,Start trasy,546.25
2026-09-01 15:11:01,Sanok ➔ Wrocław,Południowy (10:10),01.09.2026,10:10,Niebylec ➔ Rzeszów,Niebylec,Rzeszów,11:25,14.00,29,36,65,📈 +13,504.00
2026-09-01 15:11:01,Sanok ➔ Wrocław,Południowy (10:10),01.09.2026,10:10,Rzeszów ➔ Kraków MDA,Rzeszów,Kraków MDA,12:20,0.00,B/D,0,65,📉 -36,0.00
2026-09-01 15:11:01,Sanok ➔ Wrocław,Południowy (10:10),01.09.2026,10:10,Kraków MDA ➔ Balice,Kraków MDA,Balice,14:40,0.00,B/D,0,65,➡️ 0,0.00
2026-09-01 15:11:01,Sanok ➔ Wrocław,Południowy (10:10),01.09.2026,10:10,Balice ➔ Katowice,Balice,Katowice,15:15,0.00,B/D,0,65,➡️ 0,0.00
2026-09-01 15:11:01,Sanok ➔ Wrocław,Południowy (10:10),01.09.2026,10:10,Katowice ➔ Gliwice,Katowice,Gliwice,16:25,0.00,B/D,0,65,➡️ 0,0.00
2026-09-01 15:11:01,Sanok ➔ Wrocław,Południowy (10:10),01.09.2026,10:10,Gliwice ➔ Wrocław,Gliwice,Wrocław,16:55,0.00,B/D,0,65,➡️ 0,0.00
2026-09-01 15:11:01,Wrocław ➔ Sanok,Południowy (12:00),01.09.2026,12:00,Wrocław ➔ Gliwice,Wrocław,Gliwice,12:00,34.45,78,12,90,Start trasy,413.40
2026-09-01 15:11:01,Wrocław ➔ Sanok,Południowy (12:00),01.09.2026,12:00,Gliwice ➔ Katowice,Gliwice,Katowice,14:00,19.95,1,64,65,📈 +52,1276.80
2026-09-01 15:11:01,Wrocław ➔ Sanok,Południowy (12:00),01.09.2026,12:00,Katowice ➔ Balice,Katowice,Balice,14:30,45.60,1,64,65,➡️ 0,2918.40
2026-09-01 15:11:01,Wrocław ➔ Sanok,Południowy (12:00),01.09.2026,12:00,Balice ➔ Kraków MDA,Balice,Kraków MDA,15:20,27.00,1,64,65,➡️ 0,1728.00
2026-09-01 15:11:01,Wrocław ➔ Sanok,Południowy (12:00),01.09.2026,12:00,Kraków MDA ➔ Rzeszów,Kraków MDA,Rzeszów,16:15,0.00,B/D,0,65,📉 -64,0.00
2026-09-01 15:11:01,Wrocław ➔ Sanok,Południowy (12:00),01.09.2026,12:00,Rzeszów ➔ Niebylec,Rzeszów,Niebylec,18:40,0.00,B/D,0,65,➡️ 0,0.00
2026-09-01 15:11:01,Wrocław ➔ Sanok,Południowy (12:00),01.09.2026,12:00,Niebylec ➔ Sanok,Niebylec,Sanok,19:20,0.00,B/D,0,65,➡️ 0,0.00
2026-09-01 15:11:01,Sanok ➔ Wrocław,Nocny (23:50),01.09.2026,23:50,Sanok ➔ Niebylec,Sanok,Niebylec,23:50,23.75,43,22,65,Start trasy,522.50
2026-09-01 15:11:01,Sanok ➔ Wrocław,Nocny (23:50),01.09.2026,23:50,Niebylec ➔ Rzeszów,Niebylec,Rzeszów,00:50,14.00,55,10,65,📉 -12,140.00
2026-09-01 15:11:01,Sanok ➔ Wrocław,Nocny (23:50),01.09.2026,23:50,Rzeszów ➔ Kraków MDA,Rzeszów,Kraków MDA,01:30,0.00,B/D,0,65,📉 -10,0.00
2026-09-01 15:11:01,Sanok ➔ Wrocław,Nocny (23:50),01.09.2026,23:50,Kraków MDA ➔ Balice,Kraków MDA,Balice,03:35,0.00,B/D,0,65,➡️ 0,0.00
2026-09-01 15:11:01,Sanok ➔ Wrocław,Nocny (23:50),01.09.2026,23:50,Balice ➔ Katowice,Balice,Katowice,04:00,0.00,B/D,0,65,➡️ 0,0.00
2026-09-01 15:11:01,Sanok ➔ Wrocław,Nocny (23:50),01.09.2026,23:50,Katowice ➔ Gliwice,Katowice,Gliwice,04:55,0.00,B/D,0,65,➡️ 0,0.00
2026-09-01 15:11:01,Sanok ➔ Wrocław,Nocny (23:50),01.09.2026,23:50,Gliwice ➔ Wrocław,Gliwice,Wrocław,05:22,0.00,B/D,0,65,➡️ 0,0.00
2026-09-01 15:53:16,Sanok ➔ Wrocław,Poranny I (03:00),01.09.2026,03:00,Sanok ➔ Niebylec,Sanok,Niebylec,03:00,23.75,43,22,65,Start trasy,522.50
2026-09-01 15:53:16,Sanok ➔ Wrocław,Poranny I (03:00),01.09.2026,03:00,Niebylec ➔ Rzeszów,Niebylec,Rzeszów,04:00,0.00,B/D,0,65,📉 -22,0.00
2026-09-01 15:53:16,Sanok ➔ Wrocław,Poranny I (03:00),01.09.2026,03:00,Rzeszów ➔ Kraków MDA,Rzeszów,Kraków MDA,04:40,0.00,B/D,0,65,➡️ 0,0.00
2026-09-01 15:53:16,Sanok ➔ Wrocław,Poranny I (03:00),01.09.2026,03:00,Kraków MDA ➔ Balice,Kraków MDA,Balice,06:55,0.00,B/D,0,65,➡️ 0,0.00
2026-09-01 15:53:16,Sanok ➔ Wrocław,Poranny I (03:00),01.09.2026,03:00,Balice ➔ Katowice,Balice,Katowice,07:20,0.00,B/D,0,65,➡️ 0,0.00
2026-09-01 15:53:16,Sanok ➔ Wrocław,Poranny I (03:00),01.09.2026,03:00,Katowice ➔ Gliwice,Katowice,Gliwice,08:30,0.00,B/D,0,65,➡️ 0,0.00
2026-09-01 15:53:16,Sanok ➔ Wrocław,Poranny I (03:00),01.09.2026,03:00,Gliwice ➔ Wrocław,Gliwice,Wrocław,09:00,0.00,B/D,0,65,➡️ 0,0.00
2026-09-01 15:53:16,Sanok ➔ Wrocław,Poranny II (06:35),01.09.2026,06:35,Sanok ➔ Niebylec,Sanok,Niebylec,06:35,23.75,43,22,65,Start trasy,522.50
2026-09-01 15:53:16,Sanok ➔ Wrocław,Poranny II (06:35),01.09.2026,06:35,Niebylec ➔ Rzeszów,Niebylec,Rzeszów,07:40,0.00,B/D,0,65,📉 -22,0.00
2026-09-01 15:53:16,Sanok ➔ Wrocław,Poranny II (06:35),01.09.2026,06:35,Rzeszów ➔ Kraków MDA,Rzeszów,Kraków MDA,08:40,0.00,B/D,0,65,➡️ 0,0.00
2026-09-01 15:53:16,Sanok ➔ Wrocław,Poranny II (06:35),01.09.2026,06:35,Kraków MDA ➔ Balice,Kraków MDA,Balice,10:55,0.00,B/D,0,65,➡️ 0,0.00
2026-09-01 15:53:16,Sanok ➔ Wrocław,Poranny II (06:35),01.09.2026,06:35,Balice ➔ Katowice,Balice,Katowice,11:30,0.00,B/D,0,65,➡️ 0,0.00
2026-09-01 15:53:16,Sanok ➔ Wrocław,Poranny II (06:35),01.09.2026,06:35,Katowice ➔ Gliwice,Katowice,Gliwice,12:30,0.00,B/D,0,65,➡️ 0,0.00
2026-09-01 15:53:16,Sanok ➔ Wrocław,Poranny II (06:35),01.09.2026,06:35,Gliwice ➔ Wrocław,Gliwice,Wrocław,13:00,0.00,B/D,0,65,➡️ 0,0.00
2026-09-01 15:53:16,Wrocław ➔ Sanok,Poranny (07:45),01.09.2026,07:45,Wrocław ➔ Gliwice,Wrocław,Gliwice,07:45,34.45,85,5,90,Start trasy,172.25
2026-09-01 15:53:16,Wrocław ➔ Sanok,Poranny (07:45),01.09.2026,07:45,Gliwice ➔ Katowice,Gliwice,Katowice,09:45,0.00,B/D,0,65,📉 -5,0.00
2026-09-01 15:53:16,Wrocław ➔ Sanok,Poranny (07:45),01.09.2026,07:45,Katowice ➔ Balice,Katowice,Balice,10:15,45.60,63,2,65,📈 +2,91.20
2026-09-01 15:53:16,Wrocław ➔ Sanok,Poranny (07:45),01.09.2026,07:45,Balice ➔ Kraków MDA,Balice,Kraków MDA,11:05,27.00,61,4,65,📈 +2,108.00
2026-09-01 15:53:16,Wrocław ➔ Sanok,Poranny (07:45),01.09.2026,07:45,Kraków MDA ➔ Rzeszów,Kraków MDA,Rzeszów,11:45,42.40,54,11,65,📈 +7,466.40
2026-09-01 15:53:16,Wrocław ➔ Sanok,Poranny (07:45),01.09.2026,07:45,Rzeszów ➔ Niebylec,Rzeszów,Niebylec,13:50,13.30,74,16,90,📈 +5,212.80
2026-09-01 15:53:16,Wrocław ➔ Sanok,Poranny (07:45),01.09.2026,07:45,Niebylec ➔ Sanok,Niebylec,Sanok,14:35,25.00,76,14,90,📉 -2,350.00
2026-09-01 15:53:16,Sanok ➔ Wrocław,Południowy (10:10),01.09.2026,10:10,Sanok ➔ Niebylec,Sanok,Niebylec,10:10,23.75,43,22,65,Start trasy,522.50
2026-09-01 15:53:16,Sanok ➔ Wrocław,Południowy (10:10),01.09.2026,10:10,Niebylec ➔ Rzeszów,Niebylec,Rzeszów,11:25,0.00,B/D,0,65,📉 -22,0.00
2026-09-01 15:53:16,Sanok ➔ Wrocław,Południowy (10:10),01.09.2026,10:10,Rzeszów ➔ Kraków MDA,Rzeszów,Kraków MDA,12:20,0.00,B/D,0,65,➡️ 0,0.00
2026-09-01 15:53:16,Sanok ➔ Wrocław,Południowy (10:10),01.09.2026,10:10,Kraków MDA ➔ Balice,Kraków MDA,Balice,14:40,0.00,B/D,0,65,➡️ 0,0.00
2026-09-01 15:53:16,Sanok ➔ Wrocław,Południowy (10:10),01.09.2026,10:10,Balice ➔ Katowice,Balice,Katowice,15:15,0.00,B/D,0,65,➡️ 0,0.00
2026-09-01 15:53:16,Sanok ➔ Wrocław,Południowy (10:10),01.09.2026,10:10,Katowice ➔ Gliwice,Katowice,Gliwice,16:25,0.00,B/D,0,65,➡️ 0,0.00
2026-09-01 15:53:16,Sanok ➔ Wrocław,Południowy (10:10),01.09.2026,10:10,Gliwice ➔ Wrocław,Gliwice,Wrocław,16:55,0.00,B/D,0,65,➡️ 0,0.00
2026-09-01 15:53:16,Wrocław ➔ Sanok,Południowy (12:00),01.09.2026,12:00,Wrocław ➔ Gliwice,Wrocław,Gliwice,12:00,34.45,85,5,90,Start trasy,172.25
2026-09-01 15:53:16,Wrocław ➔ Sanok,Południowy (12:00),01.09.2026,12:00,Gliwice ➔ Katowice,Gliwice,Katowice,14:00,0.00,B/D,0,65,📉 -5,0.00
2026-09-01 15:53:16,Wrocław ➔ Sanok,Południowy (12:00),01.09.2026,12:00,Katowice ➔ Balice,Katowice,Balice,14:30,45.60,63,2,65,📈 +2,91.20
2026-09-01 15:53:16,Wrocław ➔ Sanok,Południowy (12:00),01.09.2026,12:00,Balice ➔ Kraków MDA,Balice,Kraków MDA,15:20,27.00,61,4,65,📈 +2,108.00
2026-09-01 15:53:16,Wrocław ➔ Sanok,Południowy (12:00),01.09.2026,12:00,Kraków MDA ➔ Rzeszów,Kraków MDA,Rzeszów,16:15,42.40,54,11,65,📈 +7,466.40
2026-09-01 15:53:16,Wrocław ➔ Sanok,Południowy (12:00),01.09.2026,12:00,Rzeszów ➔ Niebylec,Rzeszów,Niebylec,18:40,13.30,74,16,90,📈 +5,212.80
2026-09-01 15:53:16,Wrocław ➔ Sanok,Południowy (12:00),01.09.2026,12:00,Niebylec ➔ Sanok,Niebylec,Sanok,19:20,25.00,76,14,90,📉 -2,350.00
2026-09-01 15:53:16,Wrocław ➔ Sanok,Popołudniowy (15:35),01.09.2026,15:35,Wrocław ➔ Gliwice,Wrocław,Gliwice,15:35,34.45,85,5,90,Start trasy,172.25
2026-09-01 15:53:16,Wrocław ➔ Sanok,Popołudniowy (15:35),01.09.2026,15:35,Gliwice ➔ Katowice,Gliwice,Katowice,17:40,0.00,B/D,0,65,📉 -5,0.00
2026-09-01 15:53:16,Wrocław ➔ Sanok,Popołudniowy (15:35),01.09.2026,15:35,Katowice ➔ Balice,Katowice,Balice,18:15,45.60,63,2,65,📈 +2,91.20
2026-09-01 15:53:16,Wrocław ➔ Sanok,Popołudniowy (15:35),01.09.2026,15:35,Balice ➔ Kraków MDA,Balice,Kraków MDA,19:05,27.00,61,4,65,📈 +2,108.00
2026-09-01 15:53:16,Wrocław ➔ Sanok,Popołudniowy (15:35),01.09.2026,15:35,Kraków MDA ➔ Rzeszów,Kraków MDA,Rzeszów,19:45,42.40,54,11,65,📈 +7,466.40
2026-09-01 15:53:16,Wrocław ➔ Sanok,Popołudniowy (15:35),01.09.2026,15:35,Rzeszów ➔ Niebylec,Rzeszów,Niebylec,21:55,13.30,51,14,65,📈 +3,186.20
2026-09-01 15:53:16,Wrocław ➔ Sanok,Popołudniowy (15:35),01.09.2026,15:35,Niebylec ➔ Sanok,Niebylec,Sanok,22:30,25.00,53,12,65,📉 -2,300.00
2026-09-01 15:53:16,Wrocław ➔ Sanok,Nocny (22:25),01.09.2026,22:25,Wrocław ➔ Gliwice,Wrocław,Gliwice,22:25,34.45,85,5,90,Start trasy,172.25
2026-09-01 15:53:16,Wrocław ➔ Sanok,Nocny (22:25),01.09.2026,22:25,Gliwice ➔ Katowice,Gliwice,Katowice,00:20,0.00,B/D,0,65,📉 -5,0.00
2026-09-01 15:53:16,Wrocław ➔ Sanok,Nocny (22:25),01.09.2026,22:25,Katowice ➔ Balice,Katowice,Balice,00:50,45.60,59,6,65,📈 +6,273.60
2026-09-01 15:53:16,Wrocław ➔ Sanok,Nocny (22:25),01.09.2026,22:25,Balice ➔ Kraków MDA,Balice,Kraków MDA,01:50,27.00,55,10,65,📈 +4,270.00
2026-09-01 15:53:16,Wrocław ➔ Sanok,Nocny (22:25),01.09.2026,22:25,Kraków MDA ➔ Rzeszów,Kraków MDA,Rzeszów,02:20,42.40,54,11,65,📈 +1,466.40
2026-09-01 15:53:16,Wrocław ➔ Sanok,Nocny (22:25),01.09.2026,22:25,Rzeszów ➔ Niebylec,Rzeszów,Niebylec,04:30,13.30,74,16,90,📈 +5,212.80
2026-09-01 15:53:16,Wrocław ➔ Sanok,Nocny (22:25),01.09.2026,22:25,Niebylec ➔ Sanok,Niebylec,Sanok,05:00,25.00,76,14,90,📉 -2,350.00
2026-09-01 15:53:16,Sanok ➔ Wrocław,Nocny (23:50),01.09.2026,23:50,Sanok ➔ Niebylec,Sanok,Niebylec,23:50,23.75,43,22,65,Start trasy,522.50
2026-09-01 15:53:16,Sanok ➔ Wrocław,Nocny (23:50),01.09.2026,23:50,Niebylec ➔ Rzeszów,Niebylec,Rzeszów,00:50,0.00,B/D,0,65,📉 -22,0.00
2026-09-01 15:53:16,Sanok ➔ Wrocław,Nocny (23:50),01.09.2026,23:50,Rzeszów ➔ Kraków MDA,Rzeszów,Kraków MDA,01:30,0.00,B/D,0,65,➡️ 0,0.00
2026-09-01 15:53:16,Sanok ➔ Wrocław,Nocny (23:50),01.09.2026,23:50,Kraków MDA ➔ Balice,Kraków MDA,Balice,03:35,0.00,B/D,0,65,➡️ 0,0.00
2026-09-01 15:53:16,Sanok ➔ Wrocław,Nocny (23:50),01.09.2026,23:50,Balice ➔ Katowice,Balice,Katowice,04:00,0.00,B/D,0,65,➡️ 0,0.00
2026-09-01 15:53:16,Sanok ➔ Wrocław,Nocny (23:50),01.09.2026,23:50,Katowice ➔ Gliwice,Katowice,Gliwice,04:55,0.00,B/D,0,65,➡️ 0,0.00
2026-09-01 15:53:16,Sanok ➔ Wrocław,Nocny (23:50),01.09.2026,23:50,Gliwice ➔ Wrocław,Gliwice,Wrocław,05:22,0.00,B/D,0,65,➡️ 0,0.00
2026-09-01 15:53:16,Sanok ➔ Wrocław,Poranny I (03:00),02.09.2026,03:00,Sanok ➔ Niebylec,Sanok,Niebylec,03:00,23.75,52,13,65,Start trasy,308.75
2026-09-01 15:53:16,Sanok ➔ Wrocław,Poranny I (03:00),02.09.2026,03:00,Niebylec ➔ Rzeszów,Niebylec,Rzeszów,04:00,14.00,52,13,65,➡️ 0,182.00
2026-09-01 15:53:16,Sanok ➔ Wrocław,Poranny I (03:00),02.09.2026,03:00,Rzeszów ➔ Kraków MDA,Rzeszów,Kraków MDA,04:40,42.40,40,25,65,📈 +12,1060.00
2026-09-01 15:53:16,Sanok ➔ Wrocław,Poranny I (03:00),02.09.2026,03:00,Kraków MDA ➔ Balice,Kraków MDA,Balice,06:55,27.00,40,25,65,➡️ 0,675.00
2026-09-01 15:53:16,Sanok ➔ Wrocław,Poranny I (03:00),02.09.2026,03:00,Balice ➔ Katowice,Balice,Katowice,07:20,48.00,63,2,65,📉 -23,96.00
2026-09-01 15:53:16,Sanok ➔ Wrocław,Poranny I (03:00),02.09.2026,03:00,Katowice ➔ Gliwice,Katowice,Gliwice,08:30,18.90,1,64,65,📈 +62,1209.60
2026-09-01 15:53:16,Sanok ➔ Wrocław,Poranny I (03:00),02.09.2026,03:00,Gliwice ➔ Wrocław,Gliwice,Wrocław,09:00,34.45,1,64,65,➡️ 0,2204.80
2026-09-01 15:53:16,Sanok ➔ Wrocław,Poranny II (06:35),02.09.2026,06:35,Sanok ➔ Niebylec,Sanok,Niebylec,06:35,23.75,44,21,65,Start trasy,498.75
2026-09-01 15:53:16,Sanok ➔ Wrocław,Poranny II (06:35),02.09.2026,06:35,Niebylec ➔ Rzeszów,Niebylec,Rzeszów,07:40,14.00,43,22,65,📈 +1,308.00
2026-09-01 15:53:16,Sanok ➔ Wrocław,Poranny II (06:35),02.09.2026,06:35,Rzeszów ➔ Kraków MDA,Rzeszów,Kraków MDA,08:40,42.40,36,29,65,📈 +7,1229.60
2026-09-01 15:53:16,Sanok ➔ Wrocław,Poranny II (06:35),02.09.2026,06:35,Kraków MDA ➔ Balice,Kraków MDA,Balice,10:55,27.00,46,19,65,📉 -10,513.00
2026-09-01 15:53:16,Sanok ➔ Wrocław,Poranny II (06:35),02.09.2026,06:35,Balice ➔ Katowice,Balice,Katowice,11:30,48.00,57,8,65,📉 -11,384.00
2026-09-01 15:53:16,Sanok ➔ Wrocław,Poranny II (06:35),02.09.2026,06:35,Katowice ➔ Gliwice,Katowice,Gliwice,12:30,18.90,58,7,65,📉 -1,132.30
2026-09-01 15:53:16,Sanok ➔ Wrocław,Poranny II (06:35),02.09.2026,06:35,Gliwice ➔ Wrocław,Gliwice,Wrocław,13:00,34.45,58,7,65,➡️ 0,241.15
2026-09-01 15:53:16,Wrocław ➔ Sanok,Poranny (07:45),02.09.2026,07:45,Wrocław ➔ Gliwice,Wrocław,Gliwice,07:45,34.45,90,0,90,Start trasy,0.00
2026-09-01 15:53:16,Wrocław ➔ Sanok,Poranny (07:45),02.09.2026,07:45,Gliwice ➔ Katowice,Gliwice,Katowice,09:45,19.95,87,3,90,📈 +3,59.85
2026-09-01 15:53:16,Wrocław ➔ Sanok,Poranny (07:45),02.09.2026,07:45,Katowice ➔ Balice,Katowice,Balice,10:15,45.60,75,15,90,📈 +12,684.00
2026-09-01 15:53:16,Wrocław ➔ Sanok,Poranny (07:45),02.09.2026,07:45,Balice ➔ Kraków MDA,Balice,Kraków MDA,11:05,27.00,72,18,90,📈 +3,486.00
2026-09-01 15:53:16,Wrocław ➔ Sanok,Poranny (07:45),02.09.2026,07:45,Kraków MDA ➔ Rzeszów,Kraków MDA,Rzeszów,11:45,42.40,72,18,90,➡️ 0,763.20
2026-09-01 15:53:16,Wrocław ➔ Sanok,Poranny (07:45),02.09.2026,07:45,Rzeszów ➔ Niebylec,Rzeszów,Niebylec,13:50,13.30,53,12,65,📉 -6,159.60
2026-09-01 15:53:16,Wrocław ➔ Sanok,Poranny (07:45),02.09.2026,07:45,Niebylec ➔ Sanok,Niebylec,Sanok,14:35,25.00,53,12,65,➡️ 0,300.00
2026-09-01 15:53:16,Sanok ➔ Wrocław,Południowy (10:10),02.09.2026,10:10,Sanok ➔ Niebylec,Sanok,Niebylec,10:10,23.75,51,14,65,Start trasy,332.50
2026-09-01 15:53:16,Sanok ➔ Wrocław,Południowy (10:10),02.09.2026,10:10,Niebylec ➔ Rzeszów,Niebylec,Rzeszów,11:25,14.00,51,14,65,➡️ 0,196.00
2026-09-01 15:53:16,Sanok ➔ Wrocław,Południowy (10:10),02.09.2026,10:10,Rzeszów ➔ Kraków MDA,Rzeszów,Kraków MDA,12:20,42.40,50,15,65,📈 +1,636.00
2026-09-01 15:53:16,Sanok ➔ Wrocław,Południowy (10:10),02.09.2026,10:10,Kraków MDA ➔ Balice,Kraków MDA,Balice,14:40,27.00,71,19,90,📈 +4,513.00
2026-09-01 15:53:16,Sanok ➔ Wrocław,Południowy (10:10),02.09.2026,10:10,Balice ➔ Katowice,Balice,Katowice,15:15,48.00,85,5,90,📉 -14,240.00
2026-09-01 15:53:16,Sanok ➔ Wrocław,Południowy (10:10),02.09.2026,10:10,Katowice ➔ Gliwice,Katowice,Gliwice,16:25,18.90,88,2,90,📉 -3,37.80
2026-09-01 15:53:16,Sanok ➔ Wrocław,Południowy (10:10),02.09.2026,10:10,Gliwice ➔ Wrocław,Gliwice,Wrocław,16:55,34.45,90,0,90,📉 -2,0.00
2026-09-01 15:53:16,Wrocław ➔ Sanok,Południowy (12:00),02.09.2026,12:00,Wrocław ➔ Gliwice,Wrocław,Gliwice,12:00,34.45,66,24,90,Start trasy,826.80
2026-09-01 15:53:16,Wrocław ➔ Sanok,Południowy (12:00),02.09.2026,12:00,Gliwice ➔ Katowice,Gliwice,Katowice,14:00,19.95,1,64,65,📈 +40,1276.80
2026-09-01 15:53:16,Wrocław ➔ Sanok,Południowy (12:00),02.09.2026,12:00,Katowice ➔ Balice,Katowice,Balice,14:30,45.60,60,5,65,📉 -59,228.00
2026-09-01 15:53:16,Wrocław ➔ Sanok,Południowy (12:00),02.09.2026,12:00,Balice ➔ Kraków MDA,Balice,Kraków MDA,15:20,27.00,55,10,65,📈 +5,270.00
2026-09-01 15:53:16,Wrocław ➔ Sanok,Południowy (12:00),02.09.2026,12:00,Kraków MDA ➔ Rzeszów,Kraków MDA,Rzeszów,16:15,42.40,49,16,65,📈 +6,678.40
2026-09-01 15:53:16,Wrocław ➔ Sanok,Południowy (12:00),02.09.2026,12:00,Rzeszów ➔ Niebylec,Rzeszów,Niebylec,18:40,13.30,44,21,65,📈 +5,279.30
2026-09-01 15:53:16,Wrocław ➔ Sanok,Południowy (12:00),02.09.2026,12:00,Niebylec ➔ Sanok,Niebylec,Sanok,19:20,25.00,47,18,65,📉 -3,450.00
2026-09-01 15:53:16,Wrocław ➔ Sanok,Popołudniowy (15:35),02.09.2026,15:35,Wrocław ➔ Gliwice,Wrocław,Gliwice,15:35,34.45,55,10,65,Start trasy,344.50
2026-09-01 15:53:16,Wrocław ➔ Sanok,Popołudniowy (15:35),02.09.2026,15:35,Gliwice ➔ Katowice,Gliwice,Katowice,17:40,19.95,54,11,65,📈 +1,219.45
2026-09-01 15:53:16,Wrocław ➔ Sanok,Popołudniowy (15:35),02.09.2026,15:35,Katowice ➔ Balice,Katowice,Balice,18:15,45.60,52,13,65,📈 +2,592.80
2026-09-01 15:53:16,Wrocław ➔ Sanok,Popołudniowy (15:35),02.09.2026,15:35,Balice ➔ Kraków MDA,Balice,Kraków MDA,19:05,27.00,52,13,65,➡️ 0,351.00
2026-09-01 15:53:16,Wrocław ➔ Sanok,Popołudniowy (15:35),02.09.2026,15:35,Kraków MDA ➔ Rzeszów,Kraków MDA,Rzeszów,19:45,42.40,51,14,65,📈 +1,593.60
2026-09-01 15:53:16,Wrocław ➔ Sanok,Popołudniowy (15:35),02.09.2026,15:35,Rzeszów ➔ Niebylec,Rzeszów,Niebylec,21:55,13.30,1,64,65,📈 +50,851.20
2026-09-01 15:53:16,Wrocław ➔ Sanok,Popołudniowy (15:35),02.09.2026,15:35,Niebylec ➔ Sanok,Niebylec,Sanok,22:30,25.00,54,11,65,📉 -53,275.00
2026-09-01 15:53:16,Wrocław ➔ Sanok,Nocny (22:25),02.09.2026,22:25,Wrocław ➔ Gliwice,Wrocław,Gliwice,22:25,34.45,82,8,90,Start trasy,275.60
2026-09-01 15:53:16,Wrocław ➔ Sanok,Nocny (22:25),02.09.2026,22:25,Gliwice ➔ Katowice,Gliwice,Katowice,00:20,19.95,47,18,65,📈 +10,359.10
2026-09-01 15:53:16,Wrocław ➔ Sanok,Nocny (22:25),02.09.2026,22:25,Katowice ➔ Balice,Katowice,Balice,00:50,0.00,B/D,0,65,📉 -18,0.00
2026-09-01 15:53:16,Wrocław ➔ Sanok,Nocny (22:25),02.09.2026,22:25,Balice ➔ Kraków MDA,Balice,Kraków MDA,01:50,0.00,B/D,0,65,➡️ 0,0.00
2026-09-01 15:53:16,Wrocław ➔ Sanok,Nocny (22:25),02.09.2026,22:25,Kraków MDA ➔ Rzeszów,Kraków MDA,Rzeszów,02:20,42.40,31,34,65,📈 +34,1441.60
2026-09-01 15:53:16,Wrocław ➔ Sanok,Nocny (22:25),02.09.2026,22:25,Rzeszów ➔ Niebylec,Rzeszów,Niebylec,04:30,0.00,B/D,0,65,📉 -34,0.00
2026-09-01 15:53:16,Wrocław ➔ Sanok,Nocny (22:25),02.09.2026,22:25,Niebylec ➔ Sanok,Niebylec,Sanok,05:00,0.00,B/D,0,65,➡️ 0,0.00
2026-09-01 15:53:16,Sanok ➔ Wrocław,Nocny (23:50),02.09.2026,23:50,Sanok ➔ Niebylec,Sanok,Niebylec,23:50,0.00,B/D,0,65,Start trasy,0.00
2026-09-01 15:53:16,Sanok ➔ Wrocław,Nocny (23:50),02.09.2026,23:50,Niebylec ➔ Rzeszów,Niebylec,Rzeszów,00:50,0.00,B/D,0,65,➡️ 0,0.00
2026-09-01 15:53:16,Sanok ➔ Wrocław,Nocny (23:50),02.09.2026,23:50,Rzeszów ➔ Kraków MDA,Rzeszów,Kraków MDA,01:30,42.40,10,55,65,📈 +55,2332.00
2026-09-01 15:53:16,Sanok ➔ Wrocław,Nocny (23:50),02.09.2026,23:50,Kraków MDA ➔ Balice,Kraków MDA,Balice,03:35,27.00,21,44,65,📉 -11,1188.00
2026-09-01 15:53:16,Sanok ➔ Wrocław,Nocny (23:50),02.09.2026,23:50,Balice ➔ Katowice,Balice,Katowice,04:00,48.00,1,64,65,📈 +20,3072.00
2026-09-01 15:53:16,Sanok ➔ Wrocław,Nocny (23:50),02.09.2026,23:50,Katowice ➔ Gliwice,Katowice,Gliwice,04:55,18.90,80,10,90,📉 -54,189.00
2026-09-01 15:53:16,Sanok ➔ Wrocław,Nocny (23:50),02.09.2026,23:50,Gliwice ➔ Wrocław,Gliwice,Wrocław,05:22,34.45,82,8,90,📉 -2,275.60
2026-09-01 15:53:16,Sanok ➔ Wrocław,Poranny I (03:00),03.09.2026,03:00,Sanok ➔ Niebylec,Sanok,Niebylec,03:00,0.00,B/D,0,65,Start trasy,0.00
2026-09-01 15:53:16,Sanok ➔ Wrocław,Poranny I (03:00),03.09.2026,03:00,Niebylec ➔ Rzeszów,Niebylec,Rzeszów,04:00,14.00,52,13,65,📈 +13,182.00
2026-09-01 15:53:16,Sanok ➔ Wrocław,Poranny I (03:00),03.09.2026,03:00,Rzeszów ➔ Kraków MDA,Rzeszów,Kraków MDA,04:40,42.40,61,4,65,📉 -9,169.60
2026-09-01 15:53:16,Sanok ➔ Wrocław,Poranny I (03:00),03.09.2026,03:00,Kraków MDA ➔ Balice,Kraków MDA,Balice,06:55,27.00,61,4,65,➡️ 0,108.00
2026-09-01 15:53:16,Sanok ➔ Wrocław,Poranny I (03:00),03.09.2026,03:00,Balice ➔ Katowice,Balice,Katowice,07:20,48.00,1,64,65,📈 +60,3072.00
2026-09-01 15:53:16,Sanok ➔ Wrocław,Poranny I (03:00),03.09.2026,03:00,Katowice ➔ Gliwice,Katowice,Gliwice,08:30,18.90,1,64,65,➡️ 0,1209.60
2026-09-01 15:53:16,Sanok ➔ Wrocław,Poranny I (03:00),03.09.2026,03:00,Gliwice ➔ Wrocław,Gliwice,Wrocław,09:00,34.45,1,64,65,➡️ 0,2204.80
2026-09-01 15:53:16,Sanok ➔ Wrocław,Poranny II (06:35),03.09.2026,06:35,Sanok ➔ Niebylec,Sanok,Niebylec,06:35,23.75,54,11,65,Start trasy,261.25
2026-09-01 15:53:16,Sanok ➔ Wrocław,Poranny II (06:35),03.09.2026,06:35,Niebylec ➔ Rzeszów,Niebylec,Rzeszów,07:40,14.00,54,11,65,➡️ 0,154.00
2026-09-01 15:53:16,Sanok ➔ Wrocław,Poranny II (06:35),03.09.2026,06:35,Rzeszów ➔ Kraków MDA,Rzeszów,Kraków MDA,08:40,42.40,45,20,65,📈 +9,848.00
2026-09-01 15:53:16,Sanok ➔ Wrocław,Poranny II (06:35),03.09.2026,06:35,Kraków MDA ➔ Balice,Kraków MDA,Balice,10:55,27.00,53,12,65,📉 -8,324.00
2026-09-01 15:53:16,Sanok ➔ Wrocław,Poranny II (06:35),03.09.2026,06:35,Balice ➔ Katowice,Balice,Katowice,11:30,48.00,58,7,65,📉 -5,336.00
2026-09-01 15:53:16,Sanok ➔ Wrocław,Poranny II (06:35),03.09.2026,06:35,Katowice ➔ Gliwice,Katowice,Gliwice,12:30,18.90,60,5,65,📉 -2,94.50
2026-09-01 15:53:16,Sanok ➔ Wrocław,Poranny II (06:35),03.09.2026,06:35,Gliwice ➔ Wrocław,Gliwice,Wrocław,13:00,34.45,60,5,65,➡️ 0,172.25
2026-09-01 15:53:16,Wrocław ➔ Sanok,Poranny (07:45),03.09.2026,07:45,Wrocław ➔ Gliwice,Wrocław,Gliwice,07:45,34.45,90,0,90,Start trasy,0.00
2026-09-01 15:53:16,Wrocław ➔ Sanok,Poranny (07:45),03.09.2026,07:45,Gliwice ➔ Katowice,Gliwice,Katowice,09:45,19.95,90,0,90,➡️ 0,0.00
2026-09-01 15:53:16,Wrocław ➔ Sanok,Poranny (07:45),03.09.2026,07:45,Katowice ➔ Balice,Katowice,Balice,10:15,45.60,89,1,90,📈 +1,45.60
2026-09-01 15:53:16,Wrocław ➔ Sanok,Poranny (07:45),03.09.2026,07:45,Balice ➔ Kraków MDA,Balice,Kraków MDA,11:05,27.00,89,1,90,➡️ 0,27.00
2026-09-01 15:53:16,Wrocław ➔ Sanok,Poranny (07:45),03.09.2026,07:45,Kraków MDA ➔ Rzeszów,Kraków MDA,Rzeszów,11:45,42.40,87,3,90,📈 +2,127.20
2026-09-01 15:53:16,Wrocław ➔ Sanok,Poranny (07:45),03.09.2026,07:45,Rzeszów ➔ Niebylec,Rzeszów,Niebylec,13:50,13.30,63,2,65,📉 -1,26.60
2026-09-01 15:53:16,Wrocław ➔ Sanok,Poranny (07:45),03.09.2026,07:45,Niebylec ➔ Sanok,Niebylec,Sanok,14:35,25.00,63,2,65,➡️ 0,50.00
2026-09-01 15:53:16,Sanok ➔ Wrocław,Południowy (10:10),03.09.2026,10:10,Sanok ➔ Niebylec,Sanok,Niebylec,10:10,23.75,63,2,65,Start trasy,47.50
2026-09-01 15:53:16,Sanok ➔ Wrocław,Południowy (10:10),03.09.2026,10:10,Niebylec ➔ Rzeszów,Niebylec,Rzeszów,11:25,14.00,63,2,65,➡️ 0,28.00
2026-09-01 15:53:16,Sanok ➔ Wrocław,Południowy (10:10),03.09.2026,10:10,Rzeszów ➔ Kraków MDA,Rzeszów,Kraków MDA,12:20,42.40,69,21,90,📈 +19,890.40
2026-09-01 15:53:16,Sanok ➔ Wrocław,Południowy (10:10),03.09.2026,10:10,Kraków MDA ➔ Balice,Kraków MDA,Balice,14:40,27.00,73,17,90,📉 -4,459.00
2026-09-01 15:53:16,Sanok ➔ Wrocław,Południowy (10:10),03.09.2026,10:10,Balice ➔ Katowice,Balice,Katowice,15:15,48.00,87,3,90,📉 -14,144.00
2026-09-01 15:53:16,Sanok ➔ Wrocław,Południowy (10:10),03.09.2026,10:10,Katowice ➔ Gliwice,Katowice,Gliwice,16:25,18.90,90,0,90,📉 -3,0.00
2026-09-01 15:53:16,Sanok ➔ Wrocław,Południowy (10:10),03.09.2026,10:10,Gliwice ➔ Wrocław,Gliwice,Wrocław,16:55,34.45,88,2,90,📈 +2,68.90
2026-09-01 15:53:16,Wrocław ➔ Sanok,Południowy (12:00),03.09.2026,12:00,Wrocław ➔ Gliwice,Wrocław,Gliwice,12:00,34.45,1,64,65,Start trasy,2204.80
2026-09-01 15:53:16,Wrocław ➔ Sanok,Południowy (12:00),03.09.2026,12:00,Gliwice ➔ Katowice,Gliwice,Katowice,14:00,19.95,64,1,65,📉 -63,19.95
2026-09-01 15:53:16,Wrocław ➔ Sanok,Południowy (12:00),03.09.2026,12:00,Katowice ➔ Balice,Katowice,Balice,14:30,45.60,51,14,65,📈 +13,638.40
2026-09-01 15:53:16,Wrocław ➔ Sanok,Południowy (12:00),03.09.2026,12:00,Balice ➔ Kraków MDA,Balice,Kraków MDA,15:20,27.00,48,17,65,📈 +3,459.00
2026-09-01 15:53:16,Wrocław ➔ Sanok,Południowy (12:00),03.09.2026,12:00,Kraków MDA ➔ Rzeszów,Kraków MDA,Rzeszów,16:15,42.40,45,20,65,📈 +3,848.00
2026-09-01 15:53:16,Wrocław ➔ Sanok,Południowy (12:00),03.09.2026,12:00,Rzeszów ➔ Niebylec,Rzeszów,Niebylec,18:40,13.30,54,11,65,📉 -9,146.30
2026-09-01 15:53:16,Wrocław ➔ Sanok,Południowy (12:00),03.09.2026,12:00,Niebylec ➔ Sanok,Niebylec,Sanok,19:20,25.00,54,11,65,➡️ 0,275.00
2026-09-01 15:53:16,Wrocław ➔ Sanok,Popołudniowy (15:35),03.09.2026,15:35,Wrocław ➔ Gliwice,Wrocław,Gliwice,15:35,34.45,61,4,65,Start trasy,137.80
2026-09-01 15:53:16,Wrocław ➔ Sanok,Popołudniowy (15:35),03.09.2026,15:35,Gliwice ➔ Katowice,Gliwice,Katowice,17:40,19.95,60,5,65,📈 +1,99.75
2026-09-01 15:53:16,Wrocław ➔ Sanok,Popołudniowy (15:35),03.09.2026,15:35,Katowice ➔ Balice,Katowice,Balice,18:15,45.60,59,6,65,📈 +1,273.60
2026-09-01 15:53:16,Wrocław ➔ Sanok,Popołudniowy (15:35),03.09.2026,15:35,Balice ➔ Kraków MDA,Balice,Kraków MDA,19:05,27.00,54,11,65,📈 +5,297.00
2026-09-01 15:53:16,Wrocław ➔ Sanok,Popołudniowy (15:35),03.09.2026,15:35,Kraków MDA ➔ Rzeszów,Kraków MDA,Rzeszów,19:45,42.40,50,15,65,📈 +4,636.00
2026-09-01 15:53:16,Wrocław ➔ Sanok,Popołudniowy (15:35),03.09.2026,15:35,Rzeszów ➔ Niebylec,Rzeszów,Niebylec,21:55,13.30,49,16,65,📈 +1,212.80
2026-09-01 15:53:16,Wrocław ➔ Sanok,Popołudniowy (15:35),03.09.2026,15:35,Niebylec ➔ Sanok,Niebylec,Sanok,22:30,25.00,51,14,65,📉 -2,350.00
2026-09-01 15:53:16,Wrocław ➔ Sanok,Nocny (22:25),03.09.2026,22:25,Wrocław ➔ Gliwice,Wrocław,Gliwice,22:25,34.45,86,4,90,Start trasy,137.80
2026-09-01 15:53:16,Wrocław ➔ Sanok,Nocny (22:25),03.09.2026,22:25,Gliwice ➔ Katowice,Gliwice,Katowice,00:20,19.95,84,6,90,📈 +2,119.70
2026-09-01 15:53:16,Wrocław ➔ Sanok,Nocny (22:25),03.09.2026,22:25,Katowice ➔ Balice,Katowice,Balice,00:50,45.60,74,16,90,📈 +10,729.60
2026-09-01 15:53:16,Wrocław ➔ Sanok,Nocny (22:25),03.09.2026,22:25,Balice ➔ Kraków MDA,Balice,Kraków MDA,01:50,27.00,68,22,90,📈 +6,594.00
2026-09-01 15:53:16,Wrocław ➔ Sanok,Nocny (22:25),03.09.2026,22:25,Kraków MDA ➔ Rzeszów,Kraków MDA,Rzeszów,02:20,42.40,1,64,65,📈 +42,2713.60
2026-09-01 15:53:16,Wrocław ➔ Sanok,Nocny (22:25),03.09.2026,22:25,Rzeszów ➔ Niebylec,Rzeszów,Niebylec,04:30,13.30,60,5,65,📉 -59,66.50
2026-09-01 15:53:16,Wrocław ➔ Sanok,Nocny (22:25),03.09.2026,22:25,Niebylec ➔ Sanok,Niebylec,Sanok,05:00,25.00,63,2,65,📉 -3,50.00
