Data pomiaru,Data kursu,Godzina,Cena (PLN),Wolne miejsca
2026-09-02 05:35:51,02.09.2026,10:10,120.65,25
2026-09-02 05:35:51,02.09.2026,23:50,120.65,25
2026-09-02 07:16:09,02.09.2026,10:10,120.65,46
2026-09-02 07:16:09,02.09.2026,23:50,120.65,43
2026-09-02 11:59:44,02.09.2026,23:50,120.65,39
2026-09-02 12:42:09,02.09.2026,23:50,120.65,37
2026-09-02 13:30:44,02.09.2026,23:50,120.65,37
2026-09-02 14:11:15,02.09.2026,23:50,120.65,37
2026-09-02 15:11:22,02.09.2026,23:50,120.65,35
2026-09-02 16:51:35,02.09.2026,23:50,120.65,35
2026-09-02 18:01:21,02.09.2026,23:50,120.65,30
2026-09-02 18:53:57,02.09.2026,23:50,120.65,24
2026-09-02 20:57:36,02.09.2026,23:50,120.65,11
2026-09-02 05:35:51,03.09.2026,03:00,120.65,50
2026-09-02 05:35:51,03.09.2026,06:35,120.65,25
2026-09-02 05:35:51,03.09.2026,10:10,120.65,25
2026-09-02 05:35:51,03.09.2026,23:50,120.65,50
2026-09-02 07:16:09,03.09.2026,03:00,120.65,61
2026-09-02 07:16:09,03.09.2026,06:35,120.65,43
2026-09-02 07:16:09,03.09.2026,10:10,120.65,41
2026-09-02 07:16:09,03.09.2026,23:50,120.65,53
2026-09-02 11:59:44,03.09.2026,03:00,120.65,60
2026-09-02 11:59:44,03.09.2026,06:35,120.65,43
2026-09-02 11:59:44,03.09.2026,10:10,120.65,65
2026-09-02 11:59:44,03.09.2026,23:50,120.65,51
2026-09-02 12:42:09,03.09.2026,03:00,120.65,50
2026-09-02 12:42:09,03.09.2026,06:35,120.65,40
2026-09-02 12:42:09,03.09.2026,10:10,120.65,65
2026-09-02 12:42:09,03.09.2026,23:50,120.65,50
2026-09-02 13:30:44,03.09.2026,03:00,120.65,50
2026-09-02 13:30:44,03.09.2026,06:35,120.65,40
2026-09-02 13:30:44,03.09.2026,10:10,120.65,65
2026-09-02 13:30:44,03.09.2026,23:50,120.65,50
2026-09-02 14:11:15,03.09.2026,03:00,120.65,50
2026-09-02 14:11:15,03.09.2026,06:35,120.65,40
2026-09-02 14:11:15,03.09.2026,10:10,120.65,65
2026-09-02 14:11:15,03.09.2026,23:50,120.65,50
2026-09-02 15:11:22,03.09.2026,03:00,120.65,50
2026-09-02 15:11:22,03.09.2026,06:35,120.65,40
2026-09-02 15:11:22,03.09.2026,10:10,120.65,65
2026-09-02 15:11:22,03.09.2026,23:50,120.65,50
2026-09-02 16:51:35,03.09.2026,03:00,120.65,50
2026-09-02 16:51:35,03.09.2026,06:35,120.65,40
2026-09-02 16:51:35,03.09.2026,10:10,120.65,65
2026-09-02 16:51:35,03.09.2026,23:50,120.65,50
2026-09-02 18:01:21,03.09.2026,03:00,120.65,52
2026-09-02 18:01:21,03.09.2026,06:35,120.65,40
2026-09-02 18:01:21,03.09.2026,10:10,120.65,65
2026-09-02 18:01:21,03.09.2026,23:50,120.65,50
2026-09-02 18:53:57,03.09.2026,03:00,120.65,54
2026-09-02 18:53:57,03.09.2026,06:35,120.65,40
2026-09-02 18:53:57,03.09.2026,10:10,120.65,65
2026-09-02 18:53:57,03.09.2026,23:50,120.65,47
2026-09-02 20:57:36,03.09.2026,03:00,120.65,56
2026-09-02 20:57:36,03.09.2026,06:35,120.65,40
2026-09-02 20:57:36,03.09.2026,10:10,120.65,65
2026-09-02 20:57:36,03.09.2026,23:50,120.65,44
2026-09-03 05:51:04,03.09.2026,10:10,120.65,65
2026-09-03 05:51:04,03.09.2026,23:50,120.65,43
2026-09-03 15:34:03,03.09.2026,23:50,120.65,38
2026-09-03 18:19:01,03.09.2026,23:50,120.65,36
2026-09-03 18:40:11,03.09.2026,23:50,120.65,36
2026-09-03 19:13:41,03.09.2026,23:50,120.65,36
2026-09-03 19:34:03,03.09.2026,23:50,120.65,36
2026-09-03 20:08:48,03.09.2026,23:50,120.65,36
2026-09-03 20:35:05,03.09.2026,23:50,120.65,36
2026-09-03 21:08:12,03.09.2026,23:50,120.65,36
2026-09-03 21:34:23,03.09.2026,23:50,120.65,36
2026-09-03 22:07:36,03.09.2026,23:50,120.65,36
2026-09-02 05:35:51,04.09.2026,03:00,120.65,50
2026-09-02 05:35:51,04.09.2026,06:35,120.65,50
2026-09-02 05:35:51,04.09.2026,10:10,120.65,65
2026-09-02 05:35:51,04.09.2026,23:50,120.65,65
2026-09-02 07:16:09,04.09.2026,03:00,120.65,54
2026-09-02 07:16:09,04.09.2026,06:35,120.65,56
2026-09-02 07:16:09,04.09.2026,10:10,120.65,65
2026-09-02 07:16:09,04.09.2026,23:50,120.65,65
2026-09-02 11:59:44,04.09.2026,03:00,120.65,54
2026-09-02 11:59:44,04.09.2026,06:35,120.65,55
2026-09-02 11:59:44,04.09.2026,10:10,120.65,65
2026-09-02 11:59:44,04.09.2026,23:50,120.65,65
2026-09-02 12:42:09,04.09.2026,03:00,120.65,50
2026-09-02 12:42:09,04.09.2026,06:35,120.65,50
2026-09-02 12:42:09,04.09.2026,10:10,120.65,65
2026-09-02 12:42:09,04.09.2026,23:50,120.65,65
2026-09-02 13:30:44,04.09.2026,03:00,120.65,50
2026-09-02 13:30:44,04.09.2026,06:35,120.65,50
2026-09-02 13:30:44,04.09.2026,10:10,120.65,65
2026-09-02 13:30:44,04.09.2026,23:50,120.65,65
2026-09-02 14:11:15,04.09.2026,03:00,120.65,50
2026-09-02 14:11:15,04.09.2026,06:35,120.65,50
2026-09-02 14:11:15,04.09.2026,10:10,120.65,65
2026-09-02 14:11:15,04.09.2026,23:50,120.65,65
2026-09-02 15:11:22,04.09.2026,03:00,120.65,50
2026-09-02 15:11:22,04.09.2026,06:35,120.65,50
2026-09-02 15:11:22,04.09.2026,10:10,120.65,65
2026-09-02 15:11:22,04.09.2026,23:50,120.65,65
2026-09-02 16:51:35,04.09.2026,03:00,120.65,50
2026-09-02 16:51:35,04.09.2026,06:35,120.65,50
2026-09-02 16:51:35,04.09.2026,10:10,120.65,65
2026-09-02 16:51:35,04.09.2026,23:50,120.65,65
2026-09-02 18:01:21,04.09.2026,03:00,120.65,52
2026-09-02 18:01:21,04.09.2026,06:35,120.65,52
2026-09-02 18:01:21,04.09.2026,10:10,120.65,63
2026-09-02 18:01:21,04.09.2026,23:50,120.65,65
2026-09-02 20:57:36,04.09.2026,03:00,120.65,52
2026-09-02 20:57:36,04.09.2026,06:35,120.65,52
2026-09-02 20:57:36,04.09.2026,10:10,120.65,61
2026-09-02 20:57:36,04.09.2026,23:50,120.65,65
2026-09-03 05:51:04,04.09.2026,03:00,120.65,52
2026-09-03 05:51:04,04.09.2026,06:35,120.65,51
2026-09-03 05:51:04,04.09.2026,10:10,120.65,61
2026-09-03 05:51:04,04.09.2026,23:50,120.65,65
2026-09-03 15:34:03,04.09.2026,03:00,120.65,50
2026-09-03 15:34:03,04.09.2026,06:35,120.65,48
2026-09-03 15:34:03,04.09.2026,10:10,120.65,57
2026-09-03 15:34:03,04.09.2026,23:50,120.65,27
2026-09-03 18:19:01,04.09.2026,03:00,120.65,50
2026-09-03 18:19:01,04.09.2026,06:35,120.65,47
2026-09-03 18:19:01,04.09.2026,10:10,120.65,56
2026-09-03 18:19:01,04.09.2026,23:50,120.65,25
2026-09-03 18:40:11,04.09.2026,03:00,120.65,50
2026-09-03 18:40:11,04.09.2026,06:35,120.65,47
2026-09-03 18:40:11,04.09.2026,10:10,120.65,56
2026-09-03 18:40:11,04.09.2026,23:50,120.65,24
2026-09-03 19:13:41,04.09.2026,03:00,120.65,50
2026-09-03 19:13:41,04.09.2026,06:35,120.65,47
2026-09-03 19:13:41,04.09.2026,10:10,120.65,56
2026-09-03 19:13:41,04.09.2026,23:50,120.65,24
2026-09-03 19:34:03,04.09.2026,03:00,120.65,50
2026-09-03 19:34:03,04.09.2026,06:35,120.65,47
2026-09-03 19:34:03,04.09.2026,23:50,120.65,23
2026-09-03 20:08:48,04.09.2026,03:00,120.65,50
2026-09-03 20:08:48,04.09.2026,06:35,120.65,47
2026-09-03 20:08:48,04.09.2026,23:50,120.65,21
2026-09-03 20:35:05,04.09.2026,03:00,120.65,50
2026-09-03 20:35:05,04.09.2026,06:35,120.65,47
2026-09-03 20:35:05,04.09.2026,23:50,120.65,17
2026-09-03 21:08:12,04.09.2026,03:00,120.65,50
2026-09-03 21:08:12,04.09.2026,06:35,120.65,46
2026-09-03 21:08:12,04.09.2026,23:50,120.65,15
2026-09-03 21:34:23,04.09.2026,03:00,120.65,50
2026-09-03 21:34:23,04.09.2026,06:35,120.65,46
2026-09-03 21:34:23,04.09.2026,23:50,120.65,17
2026-09-03 22:07:36,04.09.2026,03:00,120.65,50
2026-09-03 22:07:36,04.09.2026,06:35,120.65,46
2026-09-03 22:07:36,04.09.2026,23:50,120.65,17
2026-09-03 22:34:13,04.09.2026,03:00,120.65,50
2026-09-03 22:34:13,04.09.2026,06:35,120.65,46
2026-09-03 22:34:13,04.09.2026,23:50,120.65,17
2026-09-03 23:17:46,04.09.2026,03:00,120.65,50
2026-09-03 23:17:46,04.09.2026,06:35,120.65,46
2026-09-03 23:17:46,04.09.2026,23:50,120.65,16
2026-09-04 01:27:37,04.09.2026,06:35,120.65,46
2026-09-04 01:27:37,04.09.2026,23:50,120.65,16
2026-09-04 04:31:05,04.09.2026,06:35,120.65,46
2026-09-04 04:31:05,04.09.2026,23:50,120.65,16
2026-09-04 06:43:06,04.09.2026,23:50,120.65,16
2026-09-04 07:12:31,04.09.2026,23:50,120.65,16
2026-09-04 07:35:14,04.09.2026,23:50,120.65,16
2026-09-04 08:10:37,04.09.2026,23:50,120.65,16
2026-09-04 08:37:24,04.09.2026,23:50,120.65,16
2026-09-04 09:11:33,04.09.2026,23:50,120.65,15
2026-09-04 09:35:57,04.09.2026,23:50,120.65,15
2026-09-04 10:09:50,04.09.2026,23:50,120.65,15
2026-09-04 10:35:55,04.09.2026,23:50,120.65,14
2026-09-04 11:10:01,04.09.2026,23:50,120.65,11
2026-09-04 11:34:54,04.09.2026,23:50,120.65,11
2026-09-04 12:08:20,04.09.2026,23:50,120.65,11
2026-09-04 12:41:43,04.09.2026,23:50,120.65,13
2026-09-04 13:13:01,04.09.2026,23:50,120.65,15
2026-09-04 13:36:18,04.09.2026,23:50,120.65,17
2026-09-04 14:10:52,04.09.2026,23:50,120.65,19
2026-09-04 14:34:31,04.09.2026,23:50,120.65,19
2026-09-04 15:10:51,04.09.2026,23:50,120.65,19
2026-09-04 15:35:34,04.09.2026,23:50,120.65,18
2026-09-04 16:08:57,04.09.2026,23:50,120.65,16
2026-09-04 16:36:29,04.09.2026,23:50,120.65,16
2026-09-04 17:08:27,04.09.2026,23:50,120.65,16
2026-09-04 17:34:04,04.09.2026,23:50,120.65,16
2026-09-04 18:08:32,04.09.2026,23:50,120.65,15
2026-09-04 18:37:41,04.09.2026,23:50,120.65,15
2026-09-04 19:08:50,04.09.2026,23:50,120.65,10
2026-09-04 19:31:15,04.09.2026,23:50,120.65,8
2026-09-04 20:07:50,04.09.2026,23:50,120.65,8
2026-09-04 20:34:45,04.09.2026,23:50,120.65,8
2026-09-04 21:07:26,04.09.2026,23:50,120.65,4
2026-09-04 21:33:34,04.09.2026,23:50,120.65,4
2026-09-04 22:07:23,04.09.2026,23:50,120.65,2
2026-09-02 05:35:51,05.09.2026,03:00,120.65,50
2026-09-02 05:35:51,05.09.2026,06:35,120.65,50
2026-09-02 05:35:51,05.09.2026,10:10,120.65,50
2026-09-02 05:35:51,05.09.2026,23:50,120.65,65
2026-09-02 07:16:09,05.09.2026,03:00,120.65,52
2026-09-02 07:16:09,05.09.2026,06:35,120.65,57
2026-09-02 07:16:09,05.09.2026,10:10,120.65,55
2026-09-02 07:16:09,05.09.2026,23:50,120.65,65
2026-09-02 11:59:44,05.09.2026,03:00,120.65,52
2026-09-02 11:59:44,05.09.2026,06:35,120.65,50
2026-09-02 11:59:44,05.09.2026,10:10,120.65,54
2026-09-02 11:59:44,05.09.2026,23:50,120.65,65
2026-09-02 12:42:09,05.09.2026,03:00,120.65,50
2026-09-02 12:42:09,05.09.2026,06:35,120.65,48
2026-09-02 12:42:09,05.09.2026,10:10,120.65,65
2026-09-02 12:42:09,05.09.2026,23:50,120.65,65
2026-09-02 13:30:44,05.09.2026,03:00,120.65,50
2026-09-02 13:30:44,05.09.2026,06:35,120.65,48
2026-09-02 13:30:44,05.09.2026,10:10,120.65,65
2026-09-02 13:30:44,05.09.2026,23:50,120.65,65
2026-09-02 14:11:15,05.09.2026,03:00,120.65,50
2026-09-02 14:11:15,05.09.2026,06:35,120.65,48
2026-09-02 14:11:15,05.09.2026,10:10,120.65,65
2026-09-02 14:11:15,05.09.2026,23:50,120.65,65
2026-09-02 15:11:22,05.09.2026,03:00,120.65,50
2026-09-02 15:11:22,05.09.2026,06:35,120.65,48
2026-09-02 15:11:22,05.09.2026,10:10,120.65,65
2026-09-02 15:11:22,05.09.2026,23:50,120.65,65
2026-09-02 16:51:35,05.09.2026,03:00,120.65,50
2026-09-02 16:51:35,05.09.2026,06:35,120.65,48
2026-09-02 16:51:35,05.09.2026,10:10,120.65,65
2026-09-02 16:51:35,05.09.2026,23:50,120.65,65
2026-09-02 18:01:21,05.09.2026,03:00,120.65,52
2026-09-02 18:01:21,05.09.2026,06:35,120.65,48
2026-09-02 18:01:21,05.09.2026,10:10,120.65,67
2026-09-02 18:01:21,05.09.2026,23:50,120.65,67
2026-09-02 18:53:57,05.09.2026,03:00,120.65,52
2026-09-02 18:53:57,05.09.2026,06:35,120.65,48
2026-09-02 18:53:57,05.09.2026,10:10,120.65,69
2026-09-02 18:53:57,05.09.2026,23:50,120.65,67
2026-09-02 20:57:36,05.09.2026,03:00,120.65,52
2026-09-02 20:57:36,05.09.2026,06:35,120.65,48
2026-09-02 20:57:36,05.09.2026,10:10,120.65,70
2026-09-02 20:57:36,05.09.2026,23:50,120.65,66
2026-09-03 05:51:04,05.09.2026,03:00,120.65,52
2026-09-03 05:51:04,05.09.2026,06:35,120.65,47
2026-09-03 05:51:04,05.09.2026,10:10,120.65,70
2026-09-03 05:51:04,05.09.2026,23:50,120.65,66
2026-09-03 15:34:03,05.09.2026,03:00,120.65,51
2026-09-03 15:34:03,05.09.2026,06:35,120.65,42
2026-09-03 15:34:03,05.09.2026,10:10,120.65,70
2026-09-03 15:34:03,05.09.2026,23:50,120.65,59
2026-09-03 18:19:01,05.09.2026,03:00,120.65,51
2026-09-03 18:19:01,05.09.2026,06:35,120.65,42
2026-09-03 18:19:01,05.09.2026,10:10,120.65,70
2026-09-03 18:19:01,05.09.2026,23:50,120.65,55
2026-09-03 18:40:11,05.09.2026,03:00,120.65,51
2026-09-03 18:40:11,05.09.2026,06:35,120.65,42
2026-09-03 18:40:11,05.09.2026,10:10,120.65,70
2026-09-03 18:40:11,05.09.2026,23:50,120.65,55
2026-09-03 19:13:41,05.09.2026,03:00,120.65,51
2026-09-03 19:13:41,05.09.2026,06:35,120.65,42
2026-09-03 19:13:41,05.09.2026,10:10,120.65,70
2026-09-03 19:13:41,05.09.2026,23:50,120.65,55
2026-09-03 19:34:03,05.09.2026,03:00,120.65,51
2026-09-03 19:34:03,05.09.2026,06:35,120.65,42
2026-09-03 19:34:03,05.09.2026,10:10,120.65,70
2026-09-03 19:34:03,05.09.2026,23:50,120.65,55
2026-09-03 20:08:48,05.09.2026,03:00,120.65,51
2026-09-03 20:08:48,05.09.2026,06:35,120.65,42
2026-09-03 20:08:48,05.09.2026,10:10,120.65,70
2026-09-03 20:08:48,05.09.2026,23:50,120.65,55
2026-09-03 20:35:05,05.09.2026,03:00,120.65,51
2026-09-03 20:35:05,05.09.2026,06:35,120.65,42
2026-09-03 20:35:05,05.09.2026,10:10,120.65,70
2026-09-03 20:35:05,05.09.2026,23:50,120.65,55
2026-09-03 21:08:12,05.09.2026,03:00,120.65,51
2026-09-03 21:08:12,05.09.2026,06:35,120.65,41
2026-09-03 21:08:12,05.09.2026,10:10,120.65,70
2026-09-03 21:08:12,05.09.2026,23:50,120.65,55
2026-09-03 21:34:23,05.09.2026,03:00,120.65,51
2026-09-03 21:34:23,05.09.2026,06:35,120.65,41
2026-09-03 21:34:23,05.09.2026,10:10,120.65,70
2026-09-03 21:34:23,05.09.2026,23:50,120.65,55
2026-09-03 22:07:36,05.09.2026,03:00,120.65,51
2026-09-03 22:07:36,05.09.2026,06:35,120.65,41
2026-09-03 22:07:36,05.09.2026,10:10,120.65,70
2026-09-03 22:07:36,05.09.2026,23:50,120.65,55
2026-09-03 22:34:13,05.09.2026,03:00,120.65,51
2026-09-03 22:34:13,05.09.2026,06:35,120.65,41
2026-09-03 22:34:13,05.09.2026,10:10,120.65,70
2026-09-03 22:34:13,05.09.2026,23:50,120.65,55
2026-09-03 23:17:46,05.09.2026,03:00,120.65,51
2026-09-03 23:17:46,05.09.2026,06:35,120.65,41
2026-09-03 23:17:46,05.09.2026,10:10,120.65,70
2026-09-03 23:17:46,05.09.2026,23:50,120.65,55
2026-09-04 01:27:37,05.09.2026,03:00,120.65,51
2026-09-04 01:27:37,05.09.2026,06:35,120.65,41
2026-09-04 01:27:37,05.09.2026,10:10,120.65,70
2026-09-04 01:27:37,05.09.2026,23:50,120.65,55
2026-09-04 04:31:05,05.09.2026,03:00,120.65,51
2026-09-04 04:31:05,05.09.2026,06:35,120.65,41
2026-09-04 04:31:05,05.09.2026,10:10,120.65,70
2026-09-04 04:31:05,05.09.2026,23:50,120.65,55
2026-09-04 06:43:06,05.09.2026,03:00,120.65,51
2026-09-04 06:43:06,05.09.2026,06:35,120.65,40
2026-09-04 06:43:06,05.09.2026,10:10,120.65,70
2026-09-04 06:43:06,05.09.2026,23:50,120.65,55
2026-09-04 07:12:31,05.09.2026,03:00,120.65,51
2026-09-04 07:12:31,05.09.2026,06:35,120.65,40
2026-09-04 07:12:31,05.09.2026,10:10,120.65,70
2026-09-04 07:12:31,05.09.2026,23:50,120.65,55
2026-09-04 07:35:14,05.09.2026,03:00,120.65,51
2026-09-04 07:35:14,05.09.2026,06:35,120.65,40
2026-09-04 07:35:14,05.09.2026,10:10,120.65,70
2026-09-04 07:35:14,05.09.2026,23:50,120.65,55
2026-09-04 08:10:37,05.09.2026,03:00,120.65,50
2026-09-04 08:10:37,05.09.2026,06:35,120.65,40
2026-09-04 08:10:37,05.09.2026,10:10,120.65,70
2026-09-04 08:10:37,05.09.2026,23:50,120.65,55
2026-09-04 08:37:24,05.09.2026,03:00,120.65,48
2026-09-04 08:37:24,05.09.2026,06:35,120.65,40
2026-09-04 08:37:24,05.09.2026,10:10,120.65,70
2026-09-04 08:37:24,05.09.2026,23:50,120.65,55
2026-09-04 09:11:33,05.09.2026,03:00,120.65,48
2026-09-04 09:11:33,05.09.2026,06:35,120.65,40
2026-09-04 09:11:33,05.09.2026,10:10,120.65,70
2026-09-04 09:11:33,05.09.2026,23:50,120.65,55
2026-09-04 09:35:57,05.09.2026,03:00,120.65,48
2026-09-04 09:35:57,05.09.2026,06:35,120.65,40
2026-09-04 09:35:57,05.09.2026,10:10,120.65,70
2026-09-04 09:35:57,05.09.2026,23:50,120.65,55
2026-09-04 10:09:50,05.09.2026,03:00,120.65,48
2026-09-04 10:09:50,05.09.2026,06:35,120.65,39
2026-09-04 10:09:50,05.09.2026,10:10,120.65,70
2026-09-04 10:09:50,05.09.2026,23:50,120.65,55
2026-09-04 10:35:55,05.09.2026,03:00,120.65,48
2026-09-04 10:35:55,05.09.2026,06:35,120.65,39
2026-09-04 10:35:55,05.09.2026,10:10,120.65,70
2026-09-04 10:35:55,05.09.2026,23:50,120.65,55
2026-09-04 11:10:01,05.09.2026,03:00,120.65,48
2026-09-04 11:10:01,05.09.2026,06:35,120.65,38
2026-09-04 11:10:01,05.09.2026,10:10,120.65,70
2026-09-04 11:10:01,05.09.2026,23:50,120.65,51
2026-09-04 11:34:54,05.09.2026,03:00,120.65,46
2026-09-04 11:34:54,05.09.2026,06:35,120.65,36
2026-09-04 11:34:54,05.09.2026,10:10,120.65,70
2026-09-04 11:34:54,05.09.2026,23:50,120.65,48
2026-09-04 12:08:20,05.09.2026,03:00,120.65,46
2026-09-04 12:08:20,05.09.2026,06:35,120.65,36
2026-09-04 12:08:20,05.09.2026,10:10,120.65,70
2026-09-04 12:08:20,05.09.2026,23:50,120.65,48
2026-09-04 12:41:43,05.09.2026,03:00,120.65,46
2026-09-04 12:41:43,05.09.2026,06:35,120.65,36
2026-09-04 12:41:43,05.09.2026,10:10,120.65,69
2026-09-04 12:41:43,05.09.2026,23:50,120.65,47
2026-09-04 13:13:01,05.09.2026,03:00,120.65,46
2026-09-04 13:13:01,05.09.2026,06:35,120.65,38
2026-09-04 13:13:01,05.09.2026,10:10,120.65,68
2026-09-04 13:13:01,05.09.2026,23:50,120.65,47
2026-09-04 13:36:18,05.09.2026,03:00,120.65,46
2026-09-04 13:36:18,05.09.2026,06:35,120.65,40
2026-09-04 13:36:18,05.09.2026,10:10,120.65,68
2026-09-04 13:36:18,05.09.2026,23:50,120.65,47
2026-09-04 14:10:52,05.09.2026,03:00,120.65,46
2026-09-04 14:10:52,05.09.2026,06:35,120.65,40
2026-09-04 14:10:52,05.09.2026,10:10,120.65,68
2026-09-04 14:10:52,05.09.2026,23:50,120.65,47
2026-09-04 14:34:31,05.09.2026,03:00,120.65,46
2026-09-04 14:34:31,05.09.2026,06:35,120.65,40
2026-09-04 14:34:31,05.09.2026,10:10,120.65,68
2026-09-04 14:34:31,05.09.2026,23:50,120.65,47
2026-09-04 15:10:51,05.09.2026,03:00,120.65,46
2026-09-04 15:10:51,05.09.2026,06:35,120.65,40
2026-09-04 15:10:51,05.09.2026,10:10,120.65,68
2026-09-04 15:10:51,05.09.2026,23:50,120.65,47
2026-09-04 15:35:34,05.09.2026,03:00,120.65,46
2026-09-04 15:35:34,05.09.2026,06:35,120.65,40
2026-09-04 15:35:34,05.09.2026,10:10,120.65,68
2026-09-04 15:35:34,05.09.2026,23:50,120.65,47
2026-09-04 16:08:57,05.09.2026,03:00,120.65,46
2026-09-04 16:08:57,05.09.2026,06:35,120.65,40
2026-09-04 16:08:57,05.09.2026,10:10,120.65,66
2026-09-04 16:08:57,05.09.2026,23:50,120.65,47
2026-09-04 16:36:29,05.09.2026,03:00,120.65,46
2026-09-04 16:36:29,05.09.2026,06:35,120.65,40
2026-09-04 16:36:29,05.09.2026,10:10,120.65,66
2026-09-04 16:36:29,05.09.2026,23:50,120.65,47
2026-09-04 17:08:27,05.09.2026,03:00,120.65,46
2026-09-04 17:08:27,05.09.2026,06:35,120.65,40
2026-09-04 17:08:27,05.09.2026,10:10,120.65,66
2026-09-04 17:08:27,05.09.2026,23:50,120.65,46
2026-09-04 17:34:04,05.09.2026,03:00,120.65,46
2026-09-04 17:34:04,05.09.2026,06:35,120.65,40
2026-09-04 17:34:04,05.09.2026,10:10,120.65,65
2026-09-04 17:34:04,05.09.2026,23:50,120.65,46
2026-09-04 18:08:32,05.09.2026,03:00,120.65,46
2026-09-04 18:08:32,05.09.2026,06:35,120.65,38
2026-09-04 18:08:32,05.09.2026,10:10,120.65,65
2026-09-04 18:08:32,05.09.2026,23:50,120.65,40
2026-09-04 18:37:41,05.09.2026,03:00,120.65,46
2026-09-04 18:37:41,05.09.2026,06:35,120.65,35
2026-09-04 18:37:41,05.09.2026,10:10,120.65,65
2026-09-04 18:37:41,05.09.2026,23:50,120.65,39
2026-09-04 19:08:50,05.09.2026,03:00,120.65,45
2026-09-04 19:08:50,05.09.2026,06:35,120.65,27
2026-09-04 19:08:50,05.09.2026,10:10,120.65,65
2026-09-04 19:08:50,05.09.2026,23:50,120.65,39
2026-09-04 19:31:15,05.09.2026,03:00,120.65,44
2026-09-04 19:31:15,05.09.2026,06:35,120.65,27
2026-09-04 19:31:15,05.09.2026,10:10,120.65,65
2026-09-04 19:31:15,05.09.2026,23:50,120.65,32
2026-09-04 20:07:50,05.09.2026,03:00,120.65,43
2026-09-04 20:07:50,05.09.2026,06:35,120.65,26
2026-09-04 20:07:50,05.09.2026,10:10,120.65,64
2026-09-04 20:07:50,05.09.2026,23:50,120.65,32
2026-09-04 20:34:45,05.09.2026,03:00,120.65,43
2026-09-04 20:34:45,05.09.2026,06:35,120.65,26
2026-09-04 20:34:45,05.09.2026,10:10,120.65,64
2026-09-04 20:34:45,05.09.2026,23:50,120.65,32
2026-09-04 21:07:26,05.09.2026,03:00,120.65,43
2026-09-04 21:07:26,05.09.2026,06:35,120.65,26
2026-09-04 21:07:26,05.09.2026,10:10,120.65,64
2026-09-04 21:07:26,05.09.2026,23:50,120.65,32
2026-09-04 21:33:34,05.09.2026,03:00,120.65,43
2026-09-04 21:33:34,05.09.2026,06:35,120.65,25
2026-09-04 21:33:34,05.09.2026,10:10,120.65,64
2026-09-04 21:33:34,05.09.2026,23:50,120.65,32
2026-09-04 22:07:23,05.09.2026,03:00,120.65,43
2026-09-04 22:07:23,05.09.2026,06:35,120.65,25
2026-09-04 22:07:23,05.09.2026,10:10,120.65,64
2026-09-04 22:07:23,05.09.2026,23:50,120.65,32
2026-09-04 22:33:45,05.09.2026,03:00,120.65,43
2026-09-04 22:33:45,05.09.2026,06:35,120.65,25
2026-09-04 22:33:45,05.09.2026,10:10,120.65,64
2026-09-04 22:33:45,05.09.2026,23:50,120.65,32
2026-09-04 23:12:03,05.09.2026,03:00,120.65,43
2026-09-04 23:12:03,05.09.2026,06:35,120.65,25
2026-09-04 23:12:03,05.09.2026,10:10,120.65,64
2026-09-04 23:12:03,05.09.2026,23:50,120.65,32
2026-09-05 01:28:36,05.09.2026,06:35,120.65,25
2026-09-05 01:28:36,05.09.2026,10:10,120.65,64
2026-09-05 01:28:36,05.09.2026,23:50,120.65,32
2026-09-05 04:30:00,05.09.2026,06:35,120.65,25
2026-09-05 04:30:00,05.09.2026,10:10,120.65,64
2026-09-05 04:30:00,05.09.2026,23:50,120.65,32
2026-09-05 06:42:51,05.09.2026,10:10,120.65,63
2026-09-05 06:42:51,05.09.2026,23:50,120.65,31
2026-09-05 07:08:33,05.09.2026,10:10,120.65,63
2026-09-05 07:08:33,05.09.2026,23:50,120.65,31
2026-09-05 07:32:35,05.09.2026,10:10,120.65,63
2026-09-05 07:32:35,05.09.2026,23:50,120.65,31
2026-09-05 08:07:20,05.09.2026,10:10,120.65,63
2026-09-05 08:07:20,05.09.2026,23:50,120.65,30
2026-09-05 08:34:56,05.09.2026,23:50,120.65,30
2026-09-05 09:07:25,05.09.2026,23:50,120.65,30
2026-09-05 09:33:48,05.09.2026,23:50,120.65,30
2026-09-05 10:07:33,05.09.2026,23:50,120.65,30
2026-09-05 10:33:37,05.09.2026,23:50,120.65,28
2026-09-05 11:07:16,05.09.2026,23:50,120.65,28
2026-09-05 11:33:06,05.09.2026,23:50,120.65,28
2026-09-05 12:06:51,05.09.2026,23:50,120.65,28
2026-09-05 12:37:35,05.09.2026,23:50,120.65,28
2026-09-05 13:10:19,05.09.2026,23:50,120.65,27
2026-09-05 13:32:43,05.09.2026,23:50,120.65,26
2026-09-05 14:07:13,05.09.2026,23:50,120.65,24
2026-09-05 14:32:30,05.09.2026,23:50,120.65,24
2026-09-05 15:06:33,05.09.2026,23:50,120.65,24
2026-09-05 15:33:40,05.09.2026,23:50,120.65,24
2026-09-05 16:06:53,05.09.2026,23:50,120.65,24
2026-09-05 16:34:27,05.09.2026,23:50,120.65,24
2026-09-05 17:07:03,05.09.2026,23:50,120.65,21
2026-09-05 17:32:40,05.09.2026,23:50,120.65,20
2026-09-05 18:06:45,05.09.2026,23:50,120.65,20
2026-09-05 18:36:29,05.09.2026,23:50,120.65,16
2026-09-05 19:09:01,05.09.2026,23:50,120.65,16
2026-09-05 19:32:44,05.09.2026,23:50,120.65,15
2026-09-05 20:07:47,05.09.2026,23:50,120.65,5
2026-09-05 21:06:55,05.09.2026,23:50,120.65,1
2026-09-02 05:35:51,06.09.2026,03:00,120.65,50
2026-09-02 05:35:51,06.09.2026,06:35,120.65,25
2026-09-02 05:35:51,06.09.2026,10:10,120.65,50
2026-09-02 05:35:51,06.09.2026,16:20,120.65,50
2026-09-02 05:35:51,06.09.2026,23:50,120.65,B/D
2026-09-02 07:16:09,06.09.2026,03:00,120.65,58
2026-09-02 07:16:09,06.09.2026,06:35,120.65,49
2026-09-02 07:16:09,06.09.2026,10:10,120.65,65
2026-09-02 07:16:09,06.09.2026,16:20,120.65,58
2026-09-02 07:16:09,06.09.2026,23:50,120.65,61
2026-09-02 11:59:44,06.09.2026,03:00,120.65,58
2026-09-02 11:59:44,06.09.2026,06:35,120.65,49
2026-09-02 11:59:44,06.09.2026,10:10,120.65,65
2026-09-02 11:59:44,06.09.2026,16:20,120.65,58
2026-09-02 11:59:44,06.09.2026,23:50,120.65,60
2026-09-02 12:42:09,06.09.2026,03:00,120.65,50
2026-09-02 12:42:09,06.09.2026,06:35,120.65,49
2026-09-02 12:42:09,06.09.2026,10:10,120.65,65
2026-09-02 12:42:09,06.09.2026,16:20,120.65,50
2026-09-02 12:42:09,06.09.2026,23:50,120.65,50
2026-09-02 13:30:44,06.09.2026,03:00,120.65,50
2026-09-02 13:30:44,06.09.2026,06:35,120.65,49
2026-09-02 13:30:44,06.09.2026,10:10,120.65,65
2026-09-02 13:30:44,06.09.2026,16:20,120.65,50
2026-09-02 13:30:44,06.09.2026,23:50,120.65,50
2026-09-02 14:11:15,06.09.2026,03:00,120.65,50
2026-09-02 14:11:15,06.09.2026,06:35,120.65,49
2026-09-02 14:11:15,06.09.2026,10:10,120.65,65
2026-09-02 14:11:15,06.09.2026,16:20,120.65,50
2026-09-02 14:11:15,06.09.2026,23:50,120.65,50
2026-09-02 15:11:22,06.09.2026,03:00,120.65,50
2026-09-02 15:11:22,06.09.2026,06:35,120.65,49
2026-09-02 15:11:22,06.09.2026,10:10,120.65,50
2026-09-02 15:11:22,06.09.2026,16:20,120.65,50
2026-09-02 15:11:22,06.09.2026,23:50,120.65,50
2026-09-02 16:51:35,06.09.2026,03:00,120.65,50
2026-09-02 16:51:35,06.09.2026,06:35,120.65,49
2026-09-02 16:51:35,06.09.2026,10:10,120.65,65
2026-09-02 16:51:35,06.09.2026,16:20,120.65,50
2026-09-02 16:51:35,06.09.2026,23:50,120.65,50
2026-09-02 18:01:21,06.09.2026,03:00,120.65,52
2026-09-02 18:01:21,06.09.2026,06:35,120.65,49
2026-09-02 18:01:21,06.09.2026,10:10,120.65,67
2026-09-02 18:01:21,06.09.2026,16:20,120.65,52
2026-09-02 18:01:21,06.09.2026,23:50,120.65,52
2026-09-02 18:53:57,06.09.2026,03:00,120.65,54
2026-09-02 18:53:57,06.09.2026,06:35,120.65,49
2026-09-02 18:53:57,06.09.2026,10:10,120.65,69
2026-09-02 18:53:57,06.09.2026,16:20,120.65,54
2026-09-02 18:53:57,06.09.2026,23:50,120.65,54
2026-09-02 20:57:36,06.09.2026,03:00,120.65,56
2026-09-02 20:57:36,06.09.2026,06:35,120.65,49
2026-09-02 20:57:36,06.09.2026,10:10,120.65,70
2026-09-02 20:57:36,06.09.2026,16:20,120.65,56
2026-09-02 20:57:36,06.09.2026,23:50,120.65,54
2026-09-03 05:51:04,06.09.2026,03:00,120.65,56
2026-09-03 05:51:04,06.09.2026,06:35,120.65,49
2026-09-03 05:51:04,06.09.2026,10:10,120.65,70
2026-09-03 05:51:04,06.09.2026,16:20,120.65,56
2026-09-03 05:51:04,06.09.2026,23:50,120.65,53
2026-09-03 15:34:03,06.09.2026,03:00,120.65,51
2026-09-03 15:34:03,06.09.2026,06:35,120.65,49
2026-09-03 15:34:03,06.09.2026,10:10,120.65,70
2026-09-03 15:34:03,06.09.2026,16:20,120.65,52
2026-09-03 15:34:03,06.09.2026,23:50,120.65,53
2026-09-03 18:19:01,06.09.2026,03:00,120.65,51
2026-09-03 18:19:01,06.09.2026,06:35,120.65,49
2026-09-03 18:19:01,06.09.2026,10:10,120.65,70
2026-09-03 18:19:01,06.09.2026,16:20,120.65,52
2026-09-03 18:19:01,06.09.2026,23:50,120.65,53
2026-09-03 18:40:11,06.09.2026,03:00,120.65,51
2026-09-03 18:40:11,06.09.2026,06:35,120.65,49
2026-09-03 18:40:11,06.09.2026,10:10,120.65,70
2026-09-03 18:40:11,06.09.2026,16:20,120.65,51
2026-09-03 18:40:11,06.09.2026,23:50,120.65,53
2026-09-03 19:13:41,06.09.2026,03:00,120.65,51
2026-09-03 19:13:41,06.09.2026,06:35,120.65,49
2026-09-03 19:13:41,06.09.2026,10:10,120.65,69
2026-09-03 19:13:41,06.09.2026,16:20,120.65,51
2026-09-03 19:13:41,06.09.2026,23:50,120.65,53
2026-09-03 19:34:03,06.09.2026,03:00,120.65,51
2026-09-03 19:34:03,06.09.2026,06:35,120.65,49
2026-09-03 19:34:03,06.09.2026,10:10,120.65,69
2026-09-03 19:34:03,06.09.2026,16:20,120.65,51
2026-09-03 19:34:03,06.09.2026,23:50,120.65,53
2026-09-03 20:08:48,06.09.2026,03:00,120.65,51
2026-09-03 20:08:48,06.09.2026,06:35,120.65,49
2026-09-03 20:08:48,06.09.2026,10:10,120.65,68
2026-09-03 20:08:48,06.09.2026,16:20,120.65,51
2026-09-03 20:08:48,06.09.2026,23:50,120.65,52
2026-09-03 20:35:05,06.09.2026,03:00,120.65,51
2026-09-03 20:35:05,06.09.2026,06:35,120.65,49
2026-09-03 20:35:05,06.09.2026,10:10,120.65,68
2026-09-03 20:35:05,06.09.2026,16:20,120.65,51
2026-09-03 20:35:05,06.09.2026,23:50,120.65,51
2026-09-03 21:08:12,06.09.2026,03:00,120.65,51
2026-09-03 21:08:12,06.09.2026,06:35,120.65,49
2026-09-03 21:08:12,06.09.2026,10:10,120.65,68
2026-09-03 21:08:12,06.09.2026,16:20,120.65,51
2026-09-03 21:08:12,06.09.2026,23:50,120.65,51
2026-09-03 21:34:23,06.09.2026,03:00,120.65,51
2026-09-03 21:34:23,06.09.2026,06:35,120.65,49
2026-09-03 21:34:23,06.09.2026,10:10,120.65,68
2026-09-03 21:34:23,06.09.2026,16:20,120.65,51
2026-09-03 21:34:23,06.09.2026,23:50,120.65,51
2026-09-03 22:07:36,06.09.2026,03:00,120.65,51
2026-09-03 22:07:36,06.09.2026,06:35,120.65,49
2026-09-03 22:07:36,06.09.2026,10:10,120.65,68
2026-09-03 22:07:36,06.09.2026,16:20,120.65,51
2026-09-03 22:07:36,06.09.2026,23:50,120.65,51
2026-09-03 22:34:13,06.09.2026,03:00,120.65,51
2026-09-03 22:34:13,06.09.2026,06:35,120.65,49
2026-09-03 22:34:13,06.09.2026,10:10,120.65,68
2026-09-03 22:34:13,06.09.2026,16:20,120.65,51
2026-09-03 22:34:13,06.09.2026,23:50,120.65,51
2026-09-03 23:17:46,06.09.2026,03:00,120.65,51
2026-09-03 23:17:46,06.09.2026,06:35,120.65,49
2026-09-03 23:17:46,06.09.2026,10:10,120.65,68
2026-09-03 23:17:46,06.09.2026,16:20,120.65,51
2026-09-03 23:17:46,06.09.2026,23:50,120.65,51
2026-09-04 01:27:37,06.09.2026,03:00,120.65,51
2026-09-04 01:27:37,06.09.2026,06:35,120.65,49
2026-09-04 01:27:37,06.09.2026,10:10,120.65,68
2026-09-04 01:27:37,06.09.2026,16:20,120.65,51
2026-09-04 01:27:37,06.09.2026,23:50,120.65,50
2026-09-04 04:31:05,06.09.2026,03:00,120.65,51
2026-09-04 04:31:05,06.09.2026,06:35,120.65,49
2026-09-04 04:31:05,06.09.2026,10:10,120.65,68
2026-09-04 04:31:05,06.09.2026,16:20,120.65,51
2026-09-04 04:31:05,06.09.2026,23:50,120.65,50
2026-09-04 06:43:06,06.09.2026,03:00,120.65,51
2026-09-04 06:43:06,06.09.2026,06:35,120.65,48
2026-09-04 06:43:06,06.09.2026,10:10,120.65,66
2026-09-04 06:43:06,06.09.2026,16:20,120.65,51
2026-09-04 06:43:06,06.09.2026,23:50,120.65,49
2026-09-04 07:12:31,06.09.2026,03:00,120.65,51
2026-09-04 07:12:31,06.09.2026,06:35,120.65,48
2026-09-04 07:12:31,06.09.2026,10:10,120.65,66
2026-09-04 07:12:31,06.09.2026,16:20,120.65,51
2026-09-04 07:12:31,06.09.2026,23:50,120.65,49
2026-09-04 07:35:14,06.09.2026,03:00,120.65,51
2026-09-04 07:35:14,06.09.2026,06:35,120.65,48
2026-09-04 07:35:14,06.09.2026,10:10,120.65,66
2026-09-04 07:35:14,06.09.2026,16:20,120.65,50
2026-09-04 07:35:14,06.09.2026,23:50,120.65,47
2026-09-04 08:10:37,06.09.2026,03:00,120.65,51
2026-09-04 08:10:37,06.09.2026,06:35,120.65,48
2026-09-04 08:10:37,06.09.2026,10:10,120.65,65
2026-09-04 08:10:37,06.09.2026,16:20,120.65,50
2026-09-04 08:10:37,06.09.2026,23:50,120.65,45
2026-09-04 08:37:24,06.09.2026,03:00,120.65,51
2026-09-04 08:37:24,06.09.2026,06:35,120.65,47
2026-09-04 08:37:24,06.09.2026,10:10,120.65,64
2026-09-04 08:37:24,06.09.2026,16:20,120.65,50
2026-09-04 08:37:24,06.09.2026,23:50,120.65,45
2026-09-04 09:11:33,06.09.2026,03:00,120.65,51
2026-09-04 09:11:33,06.09.2026,06:35,120.65,47
2026-09-04 09:11:33,06.09.2026,10:10,120.65,64
2026-09-04 09:11:33,06.09.2026,16:20,120.65,50
2026-09-04 09:11:33,06.09.2026,23:50,120.65,45
2026-09-04 09:35:57,06.09.2026,03:00,120.65,51
2026-09-04 09:35:57,06.09.2026,06:35,120.65,46
2026-09-04 09:35:57,06.09.2026,10:10,120.65,63
2026-09-04 09:35:57,06.09.2026,16:20,120.65,50
2026-09-04 09:35:57,06.09.2026,23:50,120.65,45
2026-09-04 10:09:50,06.09.2026,03:00,120.65,51
2026-09-04 10:09:50,06.09.2026,06:35,120.65,46
2026-09-04 10:09:50,06.09.2026,10:10,120.65,63
2026-09-04 10:09:50,06.09.2026,16:20,120.65,50
2026-09-04 10:09:50,06.09.2026,23:50,120.65,45
2026-09-04 10:35:55,06.09.2026,03:00,120.65,51
2026-09-04 10:35:55,06.09.2026,06:35,120.65,46
2026-09-04 10:35:55,06.09.2026,10:10,120.65,63
2026-09-04 10:35:55,06.09.2026,16:20,120.65,50
2026-09-04 10:35:55,06.09.2026,23:50,120.65,45
2026-09-04 11:10:01,06.09.2026,03:00,120.65,51
2026-09-04 11:10:01,06.09.2026,06:35,120.65,46
2026-09-04 11:10:01,06.09.2026,10:10,120.65,63
2026-09-04 11:10:01,06.09.2026,16:20,120.65,50
2026-09-04 11:10:01,06.09.2026,23:50,120.65,45
2026-09-04 11:34:54,06.09.2026,03:00,120.65,51
2026-09-04 11:34:54,06.09.2026,06:35,120.65,46
2026-09-04 11:34:54,06.09.2026,10:10,120.65,63
2026-09-04 11:34:54,06.09.2026,16:20,120.65,50
2026-09-04 11:34:54,06.09.2026,23:50,120.65,45
2026-09-04 12:08:20,06.09.2026,03:00,120.65,51
2026-09-04 12:08:20,06.09.2026,06:35,120.65,46
2026-09-04 12:08:20,06.09.2026,10:10,120.65,63
2026-09-04 12:08:20,06.09.2026,16:20,120.65,50
2026-09-04 12:08:20,06.09.2026,23:50,120.65,45
2026-09-04 12:41:43,06.09.2026,03:00,120.65,51
2026-09-04 12:41:43,06.09.2026,06:35,120.65,46
2026-09-04 12:41:43,06.09.2026,10:10,120.65,63
2026-09-04 12:41:43,06.09.2026,16:20,120.65,50
2026-09-04 12:41:43,06.09.2026,23:50,120.65,45
2026-09-04 13:13:01,06.09.2026,03:00,120.65,51
2026-09-04 13:13:01,06.09.2026,06:35,120.65,46
2026-09-04 13:13:01,06.09.2026,10:10,120.65,63
2026-09-04 13:13:01,06.09.2026,16:20,120.65,50
2026-09-04 13:13:01,06.09.2026,23:50,120.65,45
2026-09-04 13:36:18,06.09.2026,03:00,120.65,51
2026-09-04 13:36:18,06.09.2026,06:35,120.65,46
2026-09-04 13:36:18,06.09.2026,10:10,120.65,63
2026-09-04 13:36:18,06.09.2026,16:20,120.65,50
2026-09-04 13:36:18,06.09.2026,23:50,120.65,45
2026-09-04 14:10:52,06.09.2026,03:00,120.65,51
2026-09-04 14:10:52,06.09.2026,06:35,120.65,46
2026-09-04 14:10:52,06.09.2026,10:10,120.65,63
2026-09-04 14:10:52,06.09.2026,16:20,120.65,50
2026-09-04 14:10:52,06.09.2026,23:50,120.65,45
2026-09-04 14:34:31,06.09.2026,03:00,120.65,51
2026-09-04 14:34:31,06.09.2026,06:35,120.65,46
2026-09-04 14:34:31,06.09.2026,10:10,120.65,63
2026-09-04 14:34:31,06.09.2026,16:20,120.65,50
2026-09-04 14:34:31,06.09.2026,23:50,120.65,45
2026-09-04 15:10:51,06.09.2026,03:00,120.65,50
2026-09-04 15:10:51,06.09.2026,06:35,120.65,46
2026-09-04 15:10:51,06.09.2026,10:10,120.65,63
2026-09-04 15:10:51,06.09.2026,16:20,120.65,49
2026-09-04 15:10:51,06.09.2026,23:50,120.65,45
2026-09-04 15:35:34,06.09.2026,03:00,120.65,50
2026-09-04 15:35:34,06.09.2026,06:35,120.65,46
2026-09-04 15:35:34,06.09.2026,10:10,120.65,63
2026-09-04 15:35:34,06.09.2026,16:20,120.65,49
2026-09-04 15:35:34,06.09.2026,23:50,120.65,45
2026-09-04 16:08:57,06.09.2026,03:00,120.65,49
2026-09-04 16:08:57,06.09.2026,06:35,120.65,46
2026-09-04 16:08:57,06.09.2026,10:10,120.65,63
2026-09-04 16:08:57,06.09.2026,16:20,120.65,49
2026-09-04 16:08:57,06.09.2026,23:50,120.65,45
2026-09-04 16:36:29,06.09.2026,03:00,120.65,49
2026-09-04 16:36:29,06.09.2026,06:35,120.65,46
2026-09-04 16:36:29,06.09.2026,10:10,120.65,63
2026-09-04 16:36:29,06.09.2026,16:20,120.65,49
2026-09-04 16:36:29,06.09.2026,23:50,120.65,45
2026-09-04 17:08:27,06.09.2026,03:00,120.65,49
2026-09-04 17:08:27,06.09.2026,06:35,120.65,46
2026-09-04 17:08:27,06.09.2026,10:10,120.65,62
2026-09-04 17:08:27,06.09.2026,16:20,120.65,49
2026-09-04 17:08:27,06.09.2026,23:50,120.65,45
2026-09-04 17:34:04,06.09.2026,03:00,120.65,49
2026-09-04 17:34:04,06.09.2026,06:35,120.65,46
2026-09-04 17:34:04,06.09.2026,10:10,120.65,62
2026-09-04 17:34:04,06.09.2026,16:20,120.65,49
2026-09-04 17:34:04,06.09.2026,23:50,120.65,45
2026-09-04 18:08:32,06.09.2026,03:00,120.65,49
2026-09-04 18:08:32,06.09.2026,06:35,120.65,46
2026-09-04 18:08:32,06.09.2026,10:10,120.65,62
2026-09-04 18:08:32,06.09.2026,16:20,120.65,49
2026-09-04 18:08:32,06.09.2026,23:50,120.65,45
2026-09-04 18:37:41,06.09.2026,03:00,120.65,49
2026-09-04 18:37:41,06.09.2026,06:35,120.65,46
2026-09-04 18:37:41,06.09.2026,10:10,120.65,62
2026-09-04 18:37:41,06.09.2026,16:20,120.65,49
2026-09-04 18:37:41,06.09.2026,23:50,120.65,44
2026-09-04 19:08:50,06.09.2026,03:00,120.65,49
2026-09-04 19:08:50,06.09.2026,06:35,120.65,46
2026-09-04 19:08:50,06.09.2026,10:10,120.65,62
2026-09-04 19:08:50,06.09.2026,16:20,120.65,49
2026-09-04 19:08:50,06.09.2026,23:50,120.65,44
2026-09-04 19:31:15,06.09.2026,03:00,120.65,49
2026-09-04 19:31:15,06.09.2026,06:35,120.65,46
2026-09-04 19:31:15,06.09.2026,10:10,120.65,62
2026-09-04 19:31:15,06.09.2026,16:20,120.65,49
2026-09-04 19:31:15,06.09.2026,23:50,120.65,44
2026-09-04 20:07:50,06.09.2026,03:00,120.65,49
2026-09-04 20:07:50,06.09.2026,06:35,120.65,46
2026-09-04 20:07:50,06.09.2026,10:10,120.65,62
2026-09-04 20:07:50,06.09.2026,16:20,120.65,49
2026-09-04 20:07:50,06.09.2026,23:50,120.65,44
2026-09-04 20:34:45,06.09.2026,03:00,120.65,49
2026-09-04 20:34:45,06.09.2026,06:35,120.65,46
2026-09-04 20:34:45,06.09.2026,10:10,120.65,62
2026-09-04 20:34:45,06.09.2026,16:20,120.65,49
2026-09-04 20:34:45,06.09.2026,23:50,120.65,43
2026-09-04 21:07:26,06.09.2026,03:00,120.65,49
2026-09-04 21:07:26,06.09.2026,06:35,120.65,46
2026-09-04 21:07:26,06.09.2026,10:10,120.65,62
2026-09-04 21:07:26,06.09.2026,16:20,120.65,49
2026-09-04 21:07:26,06.09.2026,23:50,120.65,43
2026-09-04 21:33:34,06.09.2026,03:00,120.65,49
2026-09-04 21:33:34,06.09.2026,06:35,120.65,46
2026-09-04 21:33:34,06.09.2026,10:10,120.65,62
2026-09-04 21:33:34,06.09.2026,16:20,120.65,49
2026-09-04 21:33:34,06.09.2026,23:50,120.65,43
2026-09-04 22:07:23,06.09.2026,03:00,120.65,49
2026-09-04 22:07:23,06.09.2026,06:35,120.65,46
2026-09-04 22:07:23,06.09.2026,10:10,120.65,62
2026-09-04 22:07:23,06.09.2026,16:20,120.65,48
2026-09-04 22:07:23,06.09.2026,23:50,120.65,43
2026-09-04 22:33:45,06.09.2026,03:00,120.65,49
2026-09-04 22:33:45,06.09.2026,06:35,120.65,46
2026-09-04 22:33:45,06.09.2026,10:10,120.65,62
2026-09-04 22:33:45,06.09.2026,16:20,120.65,48
2026-09-04 22:33:45,06.09.2026,23:50,120.65,43
2026-09-04 23:12:03,06.09.2026,03:00,120.65,49
2026-09-04 23:12:03,06.09.2026,06:35,120.65,46
2026-09-04 23:12:03,06.09.2026,10:10,120.65,62
2026-09-04 23:12:03,06.09.2026,16:20,120.65,48
2026-09-04 23:12:03,06.09.2026,23:50,120.65,43
2026-09-05 01:28:36,06.09.2026,03:00,120.65,49
2026-09-05 01:28:36,06.09.2026,06:35,120.65,46
2026-09-05 01:28:36,06.09.2026,10:10,120.65,62
2026-09-05 01:28:36,06.09.2026,16:20,120.65,48
2026-09-05 01:28:36,06.09.2026,23:50,120.65,43
2026-09-05 04:30:00,06.09.2026,03:00,120.65,49
2026-09-05 04:30:00,06.09.2026,06:35,120.65,46
2026-09-05 04:30:00,06.09.2026,10:10,120.65,62
2026-09-05 04:30:00,06.09.2026,16:20,120.65,48
2026-09-05 04:30:00,06.09.2026,23:50,120.65,43
2026-09-05 06:42:51,06.09.2026,03:00,120.65,49
2026-09-05 06:42:51,06.09.2026,06:35,120.65,44
2026-09-05 06:42:51,06.09.2026,10:10,120.65,62
2026-09-05 06:42:51,06.09.2026,16:20,120.65,48
2026-09-05 06:42:51,06.09.2026,23:50,120.65,43
2026-09-05 07:08:33,06.09.2026,03:00,120.65,49
2026-09-05 07:08:33,06.09.2026,06:35,120.65,44
2026-09-05 07:08:33,06.09.2026,10:10,120.65,62
2026-09-05 07:08:33,06.09.2026,16:20,120.65,48
2026-09-05 07:08:33,06.09.2026,23:50,120.65,43
2026-09-05 07:32:35,06.09.2026,03:00,120.65,49
2026-09-05 07:32:35,06.09.2026,06:35,120.65,44
2026-09-05 07:32:35,06.09.2026,10:10,120.65,62
2026-09-05 07:32:35,06.09.2026,16:20,120.65,48
2026-09-05 07:32:35,06.09.2026,23:50,120.65,43
2026-09-05 08:07:20,06.09.2026,03:00,120.65,49
2026-09-05 08:07:20,06.09.2026,06:35,120.65,44
2026-09-05 08:07:20,06.09.2026,10:10,120.65,62
2026-09-05 08:07:20,06.09.2026,16:20,120.65,48
2026-09-05 08:07:20,06.09.2026,23:50,120.65,43
2026-09-05 08:34:56,06.09.2026,03:00,120.65,49
2026-09-05 08:34:56,06.09.2026,06:35,120.65,44
2026-09-05 08:34:56,06.09.2026,10:10,120.65,62
2026-09-05 08:34:56,06.09.2026,16:20,120.65,41
2026-09-05 08:34:56,06.09.2026,23:50,120.65,43
2026-09-05 09:07:25,06.09.2026,03:00,120.65,46
2026-09-05 09:07:25,06.09.2026,06:35,120.65,44
2026-09-05 09:07:25,06.09.2026,10:10,120.65,62
2026-09-05 09:07:25,06.09.2026,16:20,120.65,41
2026-09-05 09:07:25,06.09.2026,23:50,120.65,42
2026-09-05 09:33:48,06.09.2026,03:00,120.65,46
2026-09-05 09:33:48,06.09.2026,06:35,120.65,44
2026-09-05 09:33:48,06.09.2026,10:10,120.65,62
2026-09-05 09:33:48,06.09.2026,16:20,120.65,41
2026-09-05 09:33:48,06.09.2026,23:50,120.65,42
2026-09-05 10:07:33,06.09.2026,03:00,120.65,45
2026-09-05 10:07:33,06.09.2026,06:35,120.65,44
2026-09-05 10:07:33,06.09.2026,10:10,120.65,61
2026-09-05 10:07:33,06.09.2026,16:20,120.65,40
2026-09-05 10:07:33,06.09.2026,23:50,120.65,41
2026-09-05 10:33:37,06.09.2026,03:00,120.65,45
2026-09-05 10:33:37,06.09.2026,06:35,120.65,44
2026-09-05 10:33:37,06.09.2026,10:10,120.65,61
2026-09-05 10:33:37,06.09.2026,16:20,120.65,40
2026-09-05 10:33:37,06.09.2026,23:50,120.65,41
2026-09-05 11:07:16,06.09.2026,03:00,120.65,44
2026-09-05 11:07:16,06.09.2026,06:35,120.65,44
2026-09-05 11:07:16,06.09.2026,10:10,120.65,61
2026-09-05 11:07:16,06.09.2026,16:20,120.65,40
2026-09-05 11:07:16,06.09.2026,23:50,120.65,41
2026-09-05 11:33:06,06.09.2026,03:00,120.65,44
2026-09-05 11:33:06,06.09.2026,06:35,120.65,44
2026-09-05 11:33:06,06.09.2026,10:10,120.65,61
2026-09-05 11:33:06,06.09.2026,16:20,120.65,40
2026-09-05 11:33:06,06.09.2026,23:50,120.65,41
2026-09-05 12:06:51,06.09.2026,03:00,120.65,44
2026-09-05 12:06:51,06.09.2026,06:35,120.65,46
2026-09-05 12:06:51,06.09.2026,10:10,120.65,61
2026-09-05 12:06:51,06.09.2026,16:20,120.65,40
2026-09-05 12:06:51,06.09.2026,23:50,120.65,40
2026-09-05 12:37:35,06.09.2026,03:00,120.65,44
2026-09-05 12:37:35,06.09.2026,06:35,120.65,48
2026-09-05 12:37:35,06.09.2026,10:10,120.65,61
2026-09-05 12:37:35,06.09.2026,16:20,120.65,38
2026-09-05 12:37:35,06.09.2026,23:50,120.65,40
2026-09-05 13:10:19,06.09.2026,03:00,120.65,44
2026-09-05 13:10:19,06.09.2026,06:35,120.65,48
2026-09-05 13:10:19,06.09.2026,10:10,120.65,61
2026-09-05 13:10:19,06.09.2026,16:20,120.65,38
2026-09-05 13:10:19,06.09.2026,23:50,120.65,40
2026-09-05 13:32:43,06.09.2026,03:00,120.65,44
2026-09-05 13:32:43,06.09.2026,06:35,120.65,48
2026-09-05 13:32:43,06.09.2026,10:10,120.65,61
2026-09-05 13:32:43,06.09.2026,16:20,120.65,38
2026-09-05 13:32:43,06.09.2026,23:50,120.65,39
2026-09-05 14:07:13,06.09.2026,03:00,120.65,44
2026-09-05 14:07:13,06.09.2026,06:35,120.65,48
2026-09-05 14:07:13,06.09.2026,10:10,120.65,61
2026-09-05 14:07:13,06.09.2026,16:20,120.65,38
2026-09-05 14:07:13,06.09.2026,23:50,120.65,39
2026-09-05 14:32:30,06.09.2026,03:00,120.65,44
2026-09-05 14:32:30,06.09.2026,06:35,120.65,48
2026-09-05 14:32:30,06.09.2026,10:10,120.65,61
2026-09-05 14:32:30,06.09.2026,16:20,120.65,38
2026-09-05 14:32:30,06.09.2026,23:50,120.65,39
2026-09-05 15:06:33,06.09.2026,03:00,120.65,44
2026-09-05 15:06:33,06.09.2026,06:35,120.65,48
2026-09-05 15:06:33,06.09.2026,10:10,120.65,61
2026-09-05 15:06:33,06.09.2026,16:20,120.65,38
2026-09-05 15:06:33,06.09.2026,23:50,120.65,39
2026-09-05 15:33:40,06.09.2026,03:00,120.65,44
2026-09-05 15:33:40,06.09.2026,06:35,120.65,48
2026-09-05 15:33:40,06.09.2026,10:10,120.65,61
2026-09-05 15:33:40,06.09.2026,16:20,120.65,38
2026-09-05 15:33:40,06.09.2026,23:50,120.65,38
2026-09-05 16:06:53,06.09.2026,03:00,120.65,44
2026-09-05 16:06:53,06.09.2026,06:35,120.65,48
2026-09-05 16:06:53,06.09.2026,10:10,120.65,61
2026-09-05 16:06:53,06.09.2026,16:20,120.65,32
2026-09-05 16:06:53,06.09.2026,23:50,120.65,37
2026-09-05 16:34:27,06.09.2026,03:00,120.65,44
2026-09-05 16:34:27,06.09.2026,06:35,120.65,48
2026-09-05 16:34:27,06.09.2026,10:10,120.65,60
2026-09-05 16:34:27,06.09.2026,16:20,120.65,31
2026-09-05 16:34:27,06.09.2026,23:50,120.65,37
2026-09-05 17:07:03,06.09.2026,03:00,120.65,44
2026-09-05 17:07:03,06.09.2026,06:35,120.65,48
2026-09-05 17:07:03,06.09.2026,10:10,120.65,60
2026-09-05 17:07:03,06.09.2026,16:20,120.65,31
2026-09-05 17:07:03,06.09.2026,23:50,120.65,37
2026-09-05 17:32:40,06.09.2026,03:00,120.65,44
2026-09-05 17:32:40,06.09.2026,06:35,120.65,48
2026-09-05 17:32:40,06.09.2026,10:10,120.65,60
2026-09-05 17:32:40,06.09.2026,16:20,120.65,31
2026-09-05 17:32:40,06.09.2026,23:50,120.65,36
2026-09-05 18:06:45,06.09.2026,03:00,120.65,44
2026-09-05 18:06:45,06.09.2026,06:35,120.65,48
2026-09-05 18:06:45,06.09.2026,10:10,120.65,60
2026-09-05 18:06:45,06.09.2026,16:20,120.65,29
2026-09-05 18:06:45,06.09.2026,23:50,120.65,36
2026-09-05 18:36:29,06.09.2026,03:00,120.65,44
2026-09-05 18:36:29,06.09.2026,06:35,120.65,48
2026-09-05 18:36:29,06.09.2026,10:10,120.65,59
2026-09-05 18:36:29,06.09.2026,16:20,120.65,29
2026-09-05 18:36:29,06.09.2026,23:50,120.65,36
2026-09-05 19:09:01,06.09.2026,03:00,120.65,44
2026-09-05 19:09:01,06.09.2026,06:35,120.65,48
2026-09-05 19:09:01,06.09.2026,10:10,120.65,59
2026-09-05 19:09:01,06.09.2026,16:20,120.65,29
2026-09-05 19:09:01,06.09.2026,23:50,120.65,35
2026-09-05 19:32:44,06.09.2026,03:00,120.65,44
2026-09-05 19:32:44,06.09.2026,06:35,120.65,48
2026-09-05 19:32:44,06.09.2026,10:10,120.65,59
2026-09-05 19:32:44,06.09.2026,16:20,120.65,28
2026-09-05 19:32:44,06.09.2026,23:50,120.65,34
2026-09-05 20:07:47,06.09.2026,03:00,120.65,44
2026-09-05 20:07:47,06.09.2026,06:35,120.65,48
2026-09-05 20:07:47,06.09.2026,10:10,120.65,58
2026-09-05 20:07:47,06.09.2026,16:20,120.65,27
2026-09-05 20:07:47,06.09.2026,23:50,120.65,34
2026-09-05 20:34:33,06.09.2026,03:00,120.65,44
2026-09-05 20:34:33,06.09.2026,06:35,120.65,48
2026-09-05 20:34:33,06.09.2026,10:10,120.65,58
2026-09-05 20:34:33,06.09.2026,16:20,120.65,27
2026-09-05 20:34:33,06.09.2026,23:50,120.65,34
2026-09-05 21:06:55,06.09.2026,03:00,120.65,44
2026-09-05 21:06:55,06.09.2026,06:35,120.65,48
2026-09-05 21:06:55,06.09.2026,10:10,120.65,58
2026-09-05 21:06:55,06.09.2026,16:20,120.65,27
2026-09-05 21:06:55,06.09.2026,23:50,120.65,34
2026-09-05 21:33:04,06.09.2026,03:00,120.65,44
2026-09-05 21:33:04,06.09.2026,06:35,120.65,48
2026-09-05 21:33:04,06.09.2026,10:10,120.65,58
2026-09-05 21:33:04,06.09.2026,16:20,120.65,27
2026-09-05 21:33:04,06.09.2026,23:50,120.65,34
2026-09-05 22:06:36,06.09.2026,03:00,120.65,44
2026-09-05 22:06:36,06.09.2026,06:35,120.65,48
2026-09-05 22:06:36,06.09.2026,10:10,120.65,58
2026-09-05 22:06:36,06.09.2026,16:20,120.65,26
2026-09-05 22:06:36,06.09.2026,23:50,120.65,34
2026-09-05 22:33:19,06.09.2026,03:00,120.65,44
2026-09-05 22:33:19,06.09.2026,06:35,120.65,48
2026-09-05 22:33:19,06.09.2026,10:10,120.65,58
2026-09-05 22:33:19,06.09.2026,16:20,120.65,26
2026-09-05 22:33:19,06.09.2026,23:50,120.65,34
2026-09-05 23:12:49,06.09.2026,03:00,120.65,44
2026-09-05 23:12:49,06.09.2026,06:35,120.65,48
2026-09-05 23:12:49,06.09.2026,10:10,120.65,56
2026-09-05 23:12:49,06.09.2026,16:20,120.65,26
2026-09-05 23:12:49,06.09.2026,23:50,120.65,34
2026-09-06 01:28:38,06.09.2026,06:35,120.65,48
2026-09-06 01:28:38,06.09.2026,10:10,120.65,56
2026-09-06 01:28:38,06.09.2026,16:20,120.65,26
2026-09-06 01:28:38,06.09.2026,23:50,120.65,34
2026-09-06 04:30:50,06.09.2026,06:35,120.65,48
2026-09-06 04:30:50,06.09.2026,10:10,120.65,56
2026-09-06 04:30:50,06.09.2026,16:20,120.65,26
2026-09-06 04:30:50,06.09.2026,23:50,120.65,34
2026-09-06 06:40:15,06.09.2026,10:10,120.65,55
2026-09-06 06:40:15,06.09.2026,16:20,120.65,26
2026-09-06 06:40:15,06.09.2026,23:50,120.65,34
2026-09-06 07:11:01,06.09.2026,10:10,120.65,55
2026-09-06 07:11:01,06.09.2026,16:20,120.65,26
2026-09-06 07:11:01,06.09.2026,23:50,120.65,34
2026-09-06 07:32:40,06.09.2026,10:10,120.65,55
2026-09-06 07:32:40,06.09.2026,16:20,120.65,26
2026-09-06 07:32:40,06.09.2026,23:50,120.65,33
2026-09-06 08:06:43,06.09.2026,10:10,120.65,55
2026-09-06 08:06:43,06.09.2026,16:20,120.65,22
2026-09-06 08:06:43,06.09.2026,23:50,120.65,33
2026-09-06 08:34:50,06.09.2026,16:20,120.65,22
2026-09-06 08:34:50,06.09.2026,23:50,120.65,33
2026-09-06 09:08:10,06.09.2026,16:20,120.65,22
2026-09-06 09:08:10,06.09.2026,23:50,120.65,33
2026-09-06 09:33:59,06.09.2026,16:20,120.65,22
2026-09-06 09:33:59,06.09.2026,23:50,120.65,33
2026-09-06 10:07:23,06.09.2026,16:20,120.65,20
2026-09-06 10:07:23,06.09.2026,23:50,120.65,31
2026-09-06 10:34:25,06.09.2026,16:20,120.65,19
2026-09-06 10:34:25,06.09.2026,23:50,120.65,31
2026-09-06 11:06:55,06.09.2026,16:20,120.65,18
2026-09-06 11:06:55,06.09.2026,23:50,120.65,30
2026-09-06 11:33:09,06.09.2026,16:20,120.65,18
2026-09-06 11:33:09,06.09.2026,23:50,120.65,29
2026-09-06 12:07:00,06.09.2026,16:20,120.65,18
2026-09-06 12:07:00,06.09.2026,23:50,120.65,29
2026-09-06 12:38:15,06.09.2026,16:20,120.65,18
2026-09-06 12:38:15,06.09.2026,23:50,120.65,29
2026-09-06 13:10:43,06.09.2026,16:20,120.65,18
2026-09-06 13:10:43,06.09.2026,23:50,120.65,29
2026-09-06 13:32:47,06.09.2026,16:20,120.65,18
2026-09-06 13:32:47,06.09.2026,23:50,120.65,29
2026-09-06 14:06:51,06.09.2026,16:20,120.65,17
2026-09-06 14:06:51,06.09.2026,23:50,120.65,29
2026-09-06 14:33:35,06.09.2026,16:20,120.65,17
2026-09-06 14:33:35,06.09.2026,23:50,120.65,28
2026-09-06 15:06:13,06.09.2026,23:50,120.65,27
2026-09-06 15:33:11,06.09.2026,23:50,120.65,27
2026-09-06 16:06:44,06.09.2026,23:50,120.65,27
2026-09-06 16:34:41,06.09.2026,23:50,120.65,26
2026-09-06 17:07:33,06.09.2026,23:50,120.65,25
2026-09-06 17:32:26,06.09.2026,23:50,120.65,23
2026-09-06 18:07:00,06.09.2026,23:50,120.65,23
2026-09-06 18:36:24,06.09.2026,23:50,120.65,21
2026-09-06 19:07:37,06.09.2026,23:50,120.65,19
2026-09-06 19:32:38,06.09.2026,23:50,120.65,17
2026-09-06 20:07:21,06.09.2026,23:50,120.65,17
2026-09-06 20:33:59,06.09.2026,23:50,120.65,14
2026-09-06 21:07:00,06.09.2026,23:50,120.65,6
2026-09-06 21:32:25,06.09.2026,23:50,120.65,6
2026-09-06 22:06:55,06.09.2026,23:50,120.65,6
2026-09-02 05:35:51,07.09.2026,03:00,120.65,50
2026-09-02 05:35:51,07.09.2026,06:35,120.65,50
2026-09-02 05:35:51,07.09.2026,10:10,120.65,50
2026-09-02 05:35:51,07.09.2026,23:50,120.65,65
2026-09-02 07:16:09,07.09.2026,03:00,120.65,59
2026-09-02 07:16:09,07.09.2026,06:35,120.65,55
2026-09-02 07:16:09,07.09.2026,10:10,120.65,59
2026-09-02 07:16:09,07.09.2026,23:50,120.65,65
2026-09-02 11:59:44,07.09.2026,03:00,120.65,58
2026-09-02 11:59:44,07.09.2026,06:35,120.65,55
2026-09-02 11:59:44,07.09.2026,10:10,120.65,59
2026-09-02 11:59:44,07.09.2026,23:50,120.65,65
2026-09-02 12:42:09,07.09.2026,03:00,120.65,50
2026-09-02 12:42:09,07.09.2026,06:35,120.65,50
2026-09-02 12:42:09,07.09.2026,10:10,120.65,50
2026-09-02 12:42:09,07.09.2026,23:50,120.65,65
2026-09-02 13:30:44,07.09.2026,03:00,120.65,50
2026-09-02 13:30:44,07.09.2026,06:35,120.65,50
2026-09-02 13:30:44,07.09.2026,10:10,120.65,50
2026-09-02 13:30:44,07.09.2026,23:50,120.65,65
2026-09-02 14:11:15,07.09.2026,03:00,120.65,50
2026-09-02 14:11:15,07.09.2026,06:35,120.65,50
2026-09-02 14:11:15,07.09.2026,10:10,120.65,50
2026-09-02 14:11:15,07.09.2026,23:50,120.65,65
2026-09-02 15:11:22,07.09.2026,03:00,120.65,49
2026-09-02 15:11:22,07.09.2026,06:35,120.65,49
2026-09-02 15:11:22,07.09.2026,10:10,120.65,49
2026-09-02 15:11:22,07.09.2026,23:50,120.65,49
2026-09-02 16:51:35,07.09.2026,03:00,120.65,50
2026-09-02 16:51:35,07.09.2026,06:35,120.65,50
2026-09-02 16:51:35,07.09.2026,10:10,120.65,50
2026-09-02 16:51:35,07.09.2026,23:50,120.65,65
2026-09-02 18:01:21,07.09.2026,03:00,120.65,52
2026-09-02 18:01:21,07.09.2026,06:35,120.65,52
2026-09-02 18:01:21,07.09.2026,10:10,120.65,52
2026-09-02 18:01:21,07.09.2026,23:50,120.65,67
2026-09-02 18:53:57,07.09.2026,03:00,120.65,54
2026-09-02 18:53:57,07.09.2026,06:35,120.65,54
2026-09-02 18:53:57,07.09.2026,10:10,120.65,54
2026-09-02 18:53:57,07.09.2026,23:50,120.65,69
2026-09-02 20:57:36,07.09.2026,03:00,120.65,56
2026-09-02 20:57:36,07.09.2026,06:35,120.65,54
2026-09-02 20:57:36,07.09.2026,10:10,120.65,56
2026-09-02 20:57:36,07.09.2026,23:50,120.65,70
2026-09-03 05:51:04,07.09.2026,03:00,120.65,58
2026-09-03 05:51:04,07.09.2026,06:35,120.65,54
2026-09-03 05:51:04,07.09.2026,10:10,120.65,58
2026-09-03 05:51:04,07.09.2026,23:50,120.65,70
2026-09-03 15:34:03,07.09.2026,03:00,120.65,58
2026-09-03 15:34:03,07.09.2026,06:35,120.65,54
2026-09-03 15:34:03,07.09.2026,10:10,120.65,56
2026-09-03 15:34:03,07.09.2026,23:50,120.65,70
2026-09-03 18:19:01,07.09.2026,03:00,120.65,58
2026-09-03 18:19:01,07.09.2026,06:35,120.65,54
2026-09-03 18:19:01,07.09.2026,10:10,120.65,56
2026-09-03 18:19:01,07.09.2026,23:50,120.65,70
2026-09-03 18:40:11,07.09.2026,03:00,120.65,58
2026-09-03 18:40:11,07.09.2026,06:35,120.65,54
2026-09-03 18:40:11,07.09.2026,10:10,120.65,56
2026-09-03 18:40:11,07.09.2026,23:50,120.65,70
2026-09-03 19:13:41,07.09.2026,03:00,120.65,58
2026-09-03 19:13:41,07.09.2026,06:35,120.65,54
2026-09-03 19:13:41,07.09.2026,10:10,120.65,56
2026-09-03 19:13:41,07.09.2026,23:50,120.65,70
2026-09-03 19:34:03,07.09.2026,03:00,120.65,58
2026-09-03 19:34:03,07.09.2026,06:35,120.65,54
2026-09-03 19:34:03,07.09.2026,10:10,120.65,56
2026-09-03 19:34:03,07.09.2026,23:50,120.65,70
2026-09-03 20:08:48,07.09.2026,03:00,120.65,58
2026-09-03 20:08:48,07.09.2026,06:35,120.65,54
2026-09-03 20:08:48,07.09.2026,10:10,120.65,56
2026-09-03 20:08:48,07.09.2026,23:50,120.65,70
2026-09-03 20:35:05,07.09.2026,03:00,120.65,57
2026-09-03 20:35:05,07.09.2026,06:35,120.65,54
2026-09-03 20:35:05,07.09.2026,10:10,120.65,56
2026-09-03 20:35:05,07.09.2026,23:50,120.65,70
2026-09-03 21:08:12,07.09.2026,03:00,120.65,57
2026-09-03 21:08:12,07.09.2026,06:35,120.65,54
2026-09-03 21:08:12,07.09.2026,10:10,120.65,56
2026-09-03 21:08:12,07.09.2026,23:50,120.65,70
2026-09-03 21:34:23,07.09.2026,03:00,120.65,57
2026-09-03 21:34:23,07.09.2026,06:35,120.65,54
2026-09-03 21:34:23,07.09.2026,10:10,120.65,56
2026-09-03 21:34:23,07.09.2026,23:50,120.65,70
2026-09-03 22:07:36,07.09.2026,03:00,120.65,57
2026-09-03 22:07:36,07.09.2026,06:35,120.65,54
2026-09-03 22:07:36,07.09.2026,10:10,120.65,56
2026-09-03 22:07:36,07.09.2026,23:50,120.65,70
2026-09-03 22:34:13,07.09.2026,03:00,120.65,57
2026-09-03 22:34:13,07.09.2026,06:35,120.65,54
2026-09-03 22:34:13,07.09.2026,10:10,120.65,56
2026-09-03 22:34:13,07.09.2026,23:50,120.65,70
2026-09-03 23:17:46,07.09.2026,03:00,120.65,57
2026-09-03 23:17:46,07.09.2026,06:35,120.65,54
2026-09-03 23:17:46,07.09.2026,10:10,120.65,56
2026-09-03 23:17:46,07.09.2026,23:50,120.65,70
2026-09-04 01:27:37,07.09.2026,03:00,120.65,57
2026-09-04 01:27:37,07.09.2026,06:35,120.65,54
2026-09-04 01:27:37,07.09.2026,10:10,120.65,56
2026-09-04 01:27:37,07.09.2026,23:50,120.65,70
2026-09-04 04:31:05,07.09.2026,03:00,120.65,57
2026-09-04 04:31:05,07.09.2026,06:35,120.65,54
2026-09-04 04:31:05,07.09.2026,10:10,120.65,56
2026-09-04 04:31:05,07.09.2026,23:50,120.65,70
2026-09-04 06:43:06,07.09.2026,03:00,120.65,57
2026-09-04 06:43:06,07.09.2026,06:35,120.65,53
2026-09-04 06:43:06,07.09.2026,10:10,120.65,56
2026-09-04 06:43:06,07.09.2026,23:50,120.65,70
2026-09-04 07:12:31,07.09.2026,03:00,120.65,57
2026-09-04 07:12:31,07.09.2026,06:35,120.65,53
2026-09-04 07:12:31,07.09.2026,10:10,120.65,56
2026-09-04 07:12:31,07.09.2026,23:50,120.65,70
2026-09-04 07:35:14,07.09.2026,03:00,120.65,57
2026-09-04 07:35:14,07.09.2026,06:35,120.65,53
2026-09-04 07:35:14,07.09.2026,10:10,120.65,56
2026-09-04 07:35:14,07.09.2026,23:50,120.65,70
2026-09-04 08:10:37,07.09.2026,03:00,120.65,57
2026-09-04 08:10:37,07.09.2026,06:35,120.65,53
2026-09-04 08:10:37,07.09.2026,10:10,120.65,56
2026-09-04 08:10:37,07.09.2026,23:50,120.65,70
2026-09-04 08:37:24,07.09.2026,03:00,120.65,57
2026-09-04 08:37:24,07.09.2026,06:35,120.65,53
2026-09-04 08:37:24,07.09.2026,10:10,120.65,56
2026-09-04 08:37:24,07.09.2026,23:50,120.65,70
2026-09-04 09:11:33,07.09.2026,03:00,120.65,57
2026-09-04 09:11:33,07.09.2026,06:35,120.65,53
2026-09-04 09:11:33,07.09.2026,10:10,120.65,56
2026-09-04 09:11:33,07.09.2026,23:50,120.65,70
2026-09-04 09:35:57,07.09.2026,03:00,120.65,56
2026-09-04 09:35:57,07.09.2026,06:35,120.65,53
2026-09-04 09:35:57,07.09.2026,10:10,120.65,56
2026-09-04 09:35:57,07.09.2026,23:50,120.65,70
2026-09-04 10:09:50,07.09.2026,03:00,120.65,56
2026-09-04 10:09:50,07.09.2026,06:35,120.65,53
2026-09-04 10:09:50,07.09.2026,10:10,120.65,56
2026-09-04 10:09:50,07.09.2026,23:50,120.65,70
2026-09-04 10:35:55,07.09.2026,03:00,120.65,56
2026-09-04 10:35:55,07.09.2026,06:35,120.65,53
2026-09-04 10:35:55,07.09.2026,10:10,120.65,56
2026-09-04 10:35:55,07.09.2026,23:50,120.65,70
2026-09-04 11:10:01,07.09.2026,03:00,120.65,56
2026-09-04 11:10:01,07.09.2026,06:35,120.65,53
2026-09-04 11:10:01,07.09.2026,10:10,120.65,55
2026-09-04 11:10:01,07.09.2026,23:50,120.65,70
2026-09-04 11:34:54,07.09.2026,03:00,120.65,56
2026-09-04 11:34:54,07.09.2026,06:35,120.65,53
2026-09-04 11:34:54,07.09.2026,10:10,120.65,55
2026-09-04 11:34:54,07.09.2026,23:50,120.65,70
2026-09-04 12:08:20,07.09.2026,03:00,120.65,56
2026-09-04 12:08:20,07.09.2026,06:35,120.65,50
2026-09-04 12:08:20,07.09.2026,10:10,120.65,55
2026-09-04 12:08:20,07.09.2026,23:50,120.65,70
2026-09-04 12:41:43,07.09.2026,03:00,120.65,56
2026-09-04 12:41:43,07.09.2026,06:35,120.65,50
2026-09-04 12:41:43,07.09.2026,10:10,120.65,55
2026-09-04 12:41:43,07.09.2026,23:50,120.65,70
2026-09-04 13:13:01,07.09.2026,03:00,120.65,56
2026-09-04 13:13:01,07.09.2026,06:35,120.65,50
2026-09-04 13:13:01,07.09.2026,10:10,120.65,55
2026-09-04 13:13:01,07.09.2026,23:50,120.65,70
2026-09-04 13:36:18,07.09.2026,03:00,120.65,56
2026-09-04 13:36:18,07.09.2026,06:35,120.65,50
2026-09-04 13:36:18,07.09.2026,10:10,120.65,55
2026-09-04 13:36:18,07.09.2026,23:50,120.65,70
2026-09-04 14:10:52,07.09.2026,03:00,120.65,56
2026-09-04 14:10:52,07.09.2026,06:35,120.65,49
2026-09-04 14:10:52,07.09.2026,10:10,120.65,55
2026-09-04 14:10:52,07.09.2026,23:50,120.65,70
2026-09-04 14:34:31,07.09.2026,03:00,120.65,56
2026-09-04 14:34:31,07.09.2026,06:35,120.65,49
2026-09-04 14:34:31,07.09.2026,10:10,120.65,55
2026-09-04 14:34:31,07.09.2026,23:50,120.65,70
2026-09-04 15:10:51,07.09.2026,03:00,120.65,56
2026-09-04 15:10:51,07.09.2026,06:35,120.65,49
2026-09-04 15:10:51,07.09.2026,10:10,120.65,55
2026-09-04 15:10:51,07.09.2026,23:50,120.65,70
2026-09-04 15:35:34,07.09.2026,03:00,120.65,56
2026-09-04 15:35:34,07.09.2026,06:35,120.65,49
2026-09-04 15:35:34,07.09.2026,10:10,120.65,55
2026-09-04 15:35:34,07.09.2026,23:50,120.65,70
2026-09-04 16:08:57,07.09.2026,03:00,120.65,56
2026-09-04 16:08:57,07.09.2026,06:35,120.65,49
2026-09-04 16:08:57,07.09.2026,10:10,120.65,55
2026-09-04 16:08:57,07.09.2026,23:50,120.65,70
2026-09-04 16:36:29,07.09.2026,03:00,120.65,56
2026-09-04 16:36:29,07.09.2026,06:35,120.65,49
2026-09-04 16:36:29,07.09.2026,10:10,120.65,55
2026-09-04 16:36:29,07.09.2026,23:50,120.65,70
2026-09-04 17:08:27,07.09.2026,03:00,120.65,56
2026-09-04 17:08:27,07.09.2026,06:35,120.65,49
2026-09-04 17:08:27,07.09.2026,10:10,120.65,55
2026-09-04 17:08:27,07.09.2026,23:50,120.65,70
2026-09-04 17:34:04,07.09.2026,03:00,120.65,56
2026-09-04 17:34:04,07.09.2026,06:35,120.65,49
2026-09-04 17:34:04,07.09.2026,10:10,120.65,55
2026-09-04 17:34:04,07.09.2026,23:50,120.65,70
2026-09-04 18:08:32,07.09.2026,03:00,120.65,56
2026-09-04 18:08:32,07.09.2026,06:35,120.65,49
2026-09-04 18:08:32,07.09.2026,10:10,120.65,55
2026-09-04 18:08:32,07.09.2026,23:50,120.65,70
2026-09-04 18:37:41,07.09.2026,03:00,120.65,56
2026-09-04 18:37:41,07.09.2026,06:35,120.65,49
2026-09-04 18:37:41,07.09.2026,10:10,120.65,55
2026-09-04 18:37:41,07.09.2026,23:50,120.65,70
2026-09-04 19:08:50,07.09.2026,03:00,120.65,56
2026-09-04 19:08:50,07.09.2026,06:35,120.65,49
2026-09-04 19:08:50,07.09.2026,10:10,120.65,55
2026-09-04 19:08:50,07.09.2026,23:50,120.65,70
2026-09-04 19:31:15,07.09.2026,03:00,120.65,56
2026-09-04 19:31:15,07.09.2026,06:35,120.65,49
2026-09-04 19:31:15,07.09.2026,10:10,120.65,55
2026-09-04 19:31:15,07.09.2026,23:50,120.65,70
2026-09-04 20:07:50,07.09.2026,03:00,120.65,56
2026-09-04 20:07:50,07.09.2026,06:35,120.65,49
2026-09-04 20:07:50,07.09.2026,10:10,120.65,55
2026-09-04 20:07:50,07.09.2026,23:50,120.65,70
2026-09-04 20:34:45,07.09.2026,03:00,120.65,56
2026-09-04 20:34:45,07.09.2026,06:35,120.65,49
2026-09-04 20:34:45,07.09.2026,10:10,120.65,55
2026-09-04 20:34:45,07.09.2026,23:50,120.65,70
2026-09-04 21:07:26,07.09.2026,03:00,120.65,56
2026-09-04 21:07:26,07.09.2026,06:35,120.65,49
2026-09-04 21:07:26,07.09.2026,10:10,120.65,55
2026-09-04 21:07:26,07.09.2026,23:50,120.65,70
2026-09-04 21:33:34,07.09.2026,03:00,120.65,56
2026-09-04 21:33:34,07.09.2026,06:35,120.65,49
2026-09-04 21:33:34,07.09.2026,10:10,120.65,55
2026-09-04 21:33:34,07.09.2026,23:50,120.65,70
2026-09-04 22:07:23,07.09.2026,03:00,120.65,56
2026-09-04 22:07:23,07.09.2026,06:35,120.65,49
2026-09-04 22:07:23,07.09.2026,10:10,120.65,55
2026-09-04 22:07:23,07.09.2026,23:50,120.65,70
2026-09-04 22:33:45,07.09.2026,03:00,120.65,56
2026-09-04 22:33:45,07.09.2026,06:35,120.65,49
2026-09-04 22:33:45,07.09.2026,10:10,120.65,55
2026-09-04 22:33:45,07.09.2026,23:50,120.65,70
2026-09-04 23:12:03,07.09.2026,03:00,120.65,56
2026-09-04 23:12:03,07.09.2026,06:35,120.65,49
2026-09-04 23:12:03,07.09.2026,10:10,120.65,55
2026-09-04 23:12:03,07.09.2026,23:50,120.65,70
2026-09-05 01:28:36,07.09.2026,03:00,120.65,56
2026-09-05 01:28:36,07.09.2026,06:35,120.65,49
2026-09-05 01:28:36,07.09.2026,10:10,120.65,55
2026-09-05 01:28:36,07.09.2026,23:50,120.65,70
2026-09-05 04:30:00,07.09.2026,03:00,120.65,56
2026-09-05 04:30:00,07.09.2026,06:35,120.65,49
2026-09-05 04:30:00,07.09.2026,10:10,120.65,55
2026-09-05 04:30:00,07.09.2026,23:50,120.65,70
2026-09-05 06:42:51,07.09.2026,03:00,120.65,56
2026-09-05 06:42:51,07.09.2026,06:35,120.65,49
2026-09-05 06:42:51,07.09.2026,10:10,120.65,55
2026-09-05 06:42:51,07.09.2026,23:50,120.65,70
2026-09-05 07:08:33,07.09.2026,03:00,120.65,54
2026-09-05 07:08:33,07.09.2026,06:35,120.65,49
2026-09-05 07:08:33,07.09.2026,10:10,120.65,55
2026-09-05 07:08:33,07.09.2026,23:50,120.65,70
2026-09-05 07:32:35,07.09.2026,03:00,120.65,54
2026-09-05 07:32:35,07.09.2026,06:35,120.65,49
2026-09-05 07:32:35,07.09.2026,10:10,120.65,55
2026-09-05 07:32:35,07.09.2026,23:50,120.65,70
2026-09-05 08:07:20,07.09.2026,03:00,120.65,54
2026-09-05 08:07:20,07.09.2026,06:35,120.65,49
2026-09-05 08:07:20,07.09.2026,10:10,120.65,55
2026-09-05 08:07:20,07.09.2026,23:50,120.65,70
2026-09-05 08:34:56,07.09.2026,03:00,120.65,53
2026-09-05 08:34:56,07.09.2026,06:35,120.65,49
2026-09-05 08:34:56,07.09.2026,10:10,120.65,54
2026-09-05 08:34:56,07.09.2026,23:50,120.65,70
2026-09-05 09:07:25,07.09.2026,03:00,120.65,53
2026-09-05 09:07:25,07.09.2026,06:35,120.65,49
2026-09-05 09:07:25,07.09.2026,10:10,120.65,54
2026-09-05 09:07:25,07.09.2026,23:50,120.65,70
2026-09-05 09:33:48,07.09.2026,03:00,120.65,53
2026-09-05 09:33:48,07.09.2026,06:35,120.65,49
2026-09-05 09:33:48,07.09.2026,10:10,120.65,52
2026-09-05 09:33:48,07.09.2026,23:50,120.65,70
2026-09-05 10:07:33,07.09.2026,03:00,120.65,53
2026-09-05 10:07:33,07.09.2026,06:35,120.65,49
2026-09-05 10:07:33,07.09.2026,10:10,120.65,52
2026-09-05 10:07:33,07.09.2026,23:50,120.65,70
2026-09-05 10:33:37,07.09.2026,03:00,120.65,52
2026-09-05 10:33:37,07.09.2026,06:35,120.65,49
2026-09-05 10:33:37,07.09.2026,10:10,120.65,52
2026-09-05 10:33:37,07.09.2026,23:50,120.65,70
2026-09-05 11:07:16,07.09.2026,03:00,120.65,51
2026-09-05 11:07:16,07.09.2026,06:35,120.65,49
2026-09-05 11:07:16,07.09.2026,10:10,120.65,51
2026-09-05 11:07:16,07.09.2026,23:50,120.65,70
2026-09-05 11:33:06,07.09.2026,03:00,120.65,51
2026-09-05 11:33:06,07.09.2026,06:35,120.65,49
2026-09-05 11:33:06,07.09.2026,10:10,120.65,50
2026-09-05 11:33:06,07.09.2026,23:50,120.65,70
2026-09-05 12:06:51,07.09.2026,03:00,120.65,53
2026-09-05 12:06:51,07.09.2026,06:35,120.65,48
2026-09-05 12:06:51,07.09.2026,10:10,120.65,49
2026-09-05 12:06:51,07.09.2026,23:50,120.65,70
2026-09-05 12:37:35,07.09.2026,03:00,120.65,55
2026-09-05 12:37:35,07.09.2026,06:35,120.65,48
2026-09-05 12:37:35,07.09.2026,10:10,120.65,49
2026-09-05 12:37:35,07.09.2026,23:50,120.65,70
2026-09-05 13:10:19,07.09.2026,03:00,120.65,55
2026-09-05 13:10:19,07.09.2026,06:35,120.65,48
2026-09-05 13:10:19,07.09.2026,10:10,120.65,49
2026-09-05 13:10:19,07.09.2026,23:50,120.65,70
2026-09-05 13:32:43,07.09.2026,03:00,120.65,55
2026-09-05 13:32:43,07.09.2026,06:35,120.65,48
2026-09-05 13:32:43,07.09.2026,10:10,120.65,49
2026-09-05 13:32:43,07.09.2026,23:50,120.65,70
2026-09-05 14:07:13,07.09.2026,03:00,120.65,55
2026-09-05 14:07:13,07.09.2026,06:35,120.65,48
2026-09-05 14:07:13,07.09.2026,10:10,120.65,49
2026-09-05 14:07:13,07.09.2026,23:50,120.65,70
2026-09-05 14:32:30,07.09.2026,03:00,120.65,55
2026-09-05 14:32:30,07.09.2026,06:35,120.65,48
2026-09-05 14:32:30,07.09.2026,10:10,120.65,49
2026-09-05 14:32:30,07.09.2026,23:50,120.65,70
2026-09-05 15:06:33,07.09.2026,03:00,120.65,55
2026-09-05 15:06:33,07.09.2026,06:35,120.65,48
2026-09-05 15:06:33,07.09.2026,10:10,120.65,49
2026-09-05 15:06:33,07.09.2026,23:50,120.65,70
2026-09-05 15:33:40,07.09.2026,03:00,120.65,55
2026-09-05 15:33:40,07.09.2026,06:35,120.65,48
2026-09-05 15:33:40,07.09.2026,10:10,120.65,49
2026-09-05 15:33:40,07.09.2026,23:50,120.65,70
2026-09-05 16:06:53,07.09.2026,03:00,120.65,54
2026-09-05 16:06:53,07.09.2026,06:35,120.65,48
2026-09-05 16:06:53,07.09.2026,10:10,120.65,49
2026-09-05 16:06:53,07.09.2026,23:50,120.65,70
2026-09-05 16:34:27,07.09.2026,03:00,120.65,54
2026-09-05 16:34:27,07.09.2026,06:35,120.65,48
2026-09-05 16:34:27,07.09.2026,10:10,120.65,49
2026-09-05 16:34:27,07.09.2026,23:50,120.65,70
2026-09-05 17:07:03,07.09.2026,03:00,120.65,54
2026-09-05 17:07:03,07.09.2026,06:35,120.65,48
2026-09-05 17:07:03,07.09.2026,10:10,120.65,49
2026-09-05 17:07:03,07.09.2026,23:50,120.65,70
2026-09-05 17:32:40,07.09.2026,03:00,120.65,54
2026-09-05 17:32:40,07.09.2026,06:35,120.65,46
2026-09-05 17:32:40,07.09.2026,10:10,120.65,49
2026-09-05 17:32:40,07.09.2026,23:50,120.65,70
2026-09-05 18:06:45,07.09.2026,03:00,120.65,54
2026-09-05 18:06:45,07.09.2026,06:35,120.65,46
2026-09-05 18:06:45,07.09.2026,10:10,120.65,49
2026-09-05 18:06:45,07.09.2026,23:50,120.65,70
2026-09-05 18:36:29,07.09.2026,03:00,120.65,54
2026-09-05 18:36:29,07.09.2026,06:35,120.65,46
2026-09-05 18:36:29,07.09.2026,10:10,120.65,49
2026-09-05 18:36:29,07.09.2026,23:50,120.65,70
2026-09-05 19:09:01,07.09.2026,03:00,120.65,54
2026-09-05 19:09:01,07.09.2026,06:35,120.65,46
2026-09-05 19:09:01,07.09.2026,10:10,120.65,49
2026-09-05 19:09:01,07.09.2026,23:50,120.65,70
2026-09-05 19:32:44,07.09.2026,03:00,120.65,54
2026-09-05 19:32:44,07.09.2026,06:35,120.65,46
2026-09-05 19:32:44,07.09.2026,10:10,120.65,49
2026-09-05 19:32:44,07.09.2026,23:50,120.65,70
2026-09-05 20:07:47,07.09.2026,03:00,120.65,54
2026-09-05 20:07:47,07.09.2026,06:35,120.65,46
2026-09-05 20:07:47,07.09.2026,10:10,120.65,49
2026-09-05 20:07:47,07.09.2026,23:50,120.65,70
2026-09-05 20:34:33,07.09.2026,03:00,120.65,54
2026-09-05 20:34:33,07.09.2026,06:35,120.65,46
2026-09-05 20:34:33,07.09.2026,10:10,120.65,49
2026-09-05 20:34:33,07.09.2026,23:50,120.65,70
2026-09-05 21:06:55,07.09.2026,03:00,120.65,54
2026-09-05 21:06:55,07.09.2026,06:35,120.65,46
2026-09-05 21:06:55,07.09.2026,10:10,120.65,49
2026-09-05 21:06:55,07.09.2026,23:50,120.65,70
2026-09-05 21:33:04,07.09.2026,03:00,120.65,54
2026-09-05 21:33:04,07.09.2026,06:35,120.65,46
2026-09-05 21:33:04,07.09.2026,10:10,120.65,49
2026-09-05 21:33:04,07.09.2026,23:50,120.65,70
2026-09-05 22:06:36,07.09.2026,03:00,120.65,54
2026-09-05 22:06:36,07.09.2026,06:35,120.65,46
2026-09-05 22:06:36,07.09.2026,10:10,120.65,49
2026-09-05 22:06:36,07.09.2026,23:50,120.65,70
2026-09-05 22:33:19,07.09.2026,03:00,120.65,54
2026-09-05 22:33:19,07.09.2026,06:35,120.65,46
2026-09-05 22:33:19,07.09.2026,10:10,120.65,49
2026-09-05 22:33:19,07.09.2026,23:50,120.65,70
2026-09-05 23:12:49,07.09.2026,03:00,120.65,54
2026-09-05 23:12:49,07.09.2026,06:35,120.65,46
2026-09-05 23:12:49,07.09.2026,10:10,120.65,49
2026-09-05 23:12:49,07.09.2026,23:50,120.65,70
2026-09-06 01:28:38,07.09.2026,03:00,120.65,54
2026-09-06 01:28:38,07.09.2026,06:35,120.65,46
2026-09-06 01:28:38,07.09.2026,10:10,120.65,49
2026-09-06 01:28:38,07.09.2026,23:50,120.65,70
2026-09-06 04:30:50,07.09.2026,03:00,120.65,54
2026-09-06 04:30:50,07.09.2026,06:35,120.65,46
2026-09-06 04:30:50,07.09.2026,10:10,120.65,49
2026-09-06 04:30:50,07.09.2026,23:50,120.65,70
2026-09-06 06:40:15,07.09.2026,03:00,120.65,54
2026-09-06 06:40:15,07.09.2026,06:35,120.65,46
2026-09-06 06:40:15,07.09.2026,10:10,120.65,49
2026-09-06 06:40:15,07.09.2026,23:50,120.65,70
2026-09-06 07:11:01,07.09.2026,03:00,120.65,54
2026-09-06 07:11:01,07.09.2026,06:35,120.65,46
2026-09-06 07:11:01,07.09.2026,10:10,120.65,49
2026-09-06 07:11:01,07.09.2026,23:50,120.65,70
2026-09-06 07:32:40,07.09.2026,03:00,120.65,54
2026-09-06 07:32:40,07.09.2026,06:35,120.65,46
2026-09-06 07:32:40,07.09.2026,10:10,120.65,49
2026-09-06 07:32:40,07.09.2026,23:50,120.65,68
2026-09-06 08:06:43,07.09.2026,03:00,120.65,54
2026-09-06 08:06:43,07.09.2026,06:35,120.65,46
2026-09-06 08:06:43,07.09.2026,10:10,120.65,49
2026-09-06 08:06:43,07.09.2026,23:50,120.65,68
2026-09-06 08:34:50,07.09.2026,03:00,120.65,53
2026-09-06 08:34:50,07.09.2026,06:35,120.65,46
2026-09-06 08:34:50,07.09.2026,10:10,120.65,49
2026-09-06 08:34:50,07.09.2026,23:50,120.65,70
2026-09-06 09:08:10,07.09.2026,03:00,120.65,53
2026-09-06 09:08:10,07.09.2026,06:35,120.65,46
2026-09-06 09:08:10,07.09.2026,10:10,120.65,49
2026-09-06 09:08:10,07.09.2026,23:50,120.65,70
2026-09-06 09:33:59,07.09.2026,03:00,120.65,53
2026-09-06 09:33:59,07.09.2026,06:35,120.65,46
2026-09-06 09:33:59,07.09.2026,10:10,120.65,49
2026-09-06 09:33:59,07.09.2026,23:50,120.65,69
2026-09-06 10:07:23,07.09.2026,03:00,120.65,53
2026-09-06 10:07:23,07.09.2026,06:35,120.65,46
2026-09-06 10:07:23,07.09.2026,10:10,120.65,49
2026-09-06 10:07:23,07.09.2026,23:50,120.65,67
2026-09-06 10:34:25,07.09.2026,03:00,120.65,53
2026-09-06 10:34:25,07.09.2026,06:35,120.65,45
2026-09-06 10:34:25,07.09.2026,10:10,120.65,49
2026-09-06 10:34:25,07.09.2026,23:50,120.65,67
2026-09-06 11:06:55,07.09.2026,03:00,120.65,53
2026-09-06 11:06:55,07.09.2026,06:35,120.65,45
2026-09-06 11:06:55,07.09.2026,10:10,120.65,49
2026-09-06 11:06:55,07.09.2026,23:50,120.65,67
2026-09-06 11:33:09,07.09.2026,03:00,120.65,53
2026-09-06 11:33:09,07.09.2026,06:35,120.65,45
2026-09-06 11:33:09,07.09.2026,10:10,120.65,49
2026-09-06 11:33:09,07.09.2026,23:50,120.65,65
2026-09-06 12:07:00,07.09.2026,03:00,120.65,53
2026-09-06 12:07:00,07.09.2026,06:35,120.65,44
2026-09-06 12:07:00,07.09.2026,10:10,120.65,49
2026-09-06 12:07:00,07.09.2026,23:50,120.65,65
2026-09-06 12:38:15,07.09.2026,03:00,120.65,53
2026-09-06 12:38:15,07.09.2026,06:35,120.65,44
2026-09-06 12:38:15,07.09.2026,10:10,120.65,49
2026-09-06 12:38:15,07.09.2026,23:50,120.65,65
2026-09-06 13:10:43,07.09.2026,03:00,120.65,53
2026-09-06 13:10:43,07.09.2026,06:35,120.65,44
2026-09-06 13:10:43,07.09.2026,10:10,120.65,49
2026-09-06 13:10:43,07.09.2026,23:50,120.65,65
2026-09-06 13:32:47,07.09.2026,03:00,120.65,53
2026-09-06 13:32:47,07.09.2026,06:35,120.65,42
2026-09-06 13:32:47,07.09.2026,10:10,120.65,49
2026-09-06 13:32:47,07.09.2026,23:50,120.65,65
2026-09-06 14:06:51,07.09.2026,03:00,120.65,52
2026-09-06 14:06:51,07.09.2026,06:35,120.65,42
2026-09-06 14:06:51,07.09.2026,10:10,120.65,46
2026-09-06 14:06:51,07.09.2026,23:50,120.65,63
2026-09-06 14:33:35,07.09.2026,03:00,120.65,52
2026-09-06 14:33:35,07.09.2026,06:35,120.65,42
2026-09-06 14:33:35,07.09.2026,10:10,120.65,46
2026-09-06 14:33:35,07.09.2026,23:50,120.65,63
2026-09-06 15:06:13,07.09.2026,03:00,120.65,52
2026-09-06 15:06:13,07.09.2026,06:35,120.65,42
2026-09-06 15:06:13,07.09.2026,10:10,120.65,46
2026-09-06 15:06:13,07.09.2026,23:50,120.65,63
2026-09-06 15:33:11,07.09.2026,03:00,120.65,52
2026-09-06 15:33:11,07.09.2026,06:35,120.65,42
2026-09-06 15:33:11,07.09.2026,10:10,120.65,46
2026-09-06 15:33:11,07.09.2026,23:50,120.65,63
2026-09-06 16:06:44,07.09.2026,03:00,120.65,52
2026-09-06 16:06:44,07.09.2026,06:35,120.65,40
2026-09-06 16:06:44,07.09.2026,10:10,120.65,45
2026-09-06 16:06:44,07.09.2026,23:50,120.65,63
2026-09-06 16:34:41,07.09.2026,03:00,120.65,52
2026-09-06 16:34:41,07.09.2026,06:35,120.65,40
2026-09-06 16:34:41,07.09.2026,10:10,120.65,44
2026-09-06 16:34:41,07.09.2026,23:50,120.65,63
2026-09-06 17:07:33,07.09.2026,03:00,120.65,52
2026-09-06 17:07:33,07.09.2026,06:35,120.65,40
2026-09-06 17:07:33,07.09.2026,10:10,120.65,44
2026-09-06 17:07:33,07.09.2026,23:50,120.65,63
2026-09-06 17:32:26,07.09.2026,03:00,120.65,51
2026-09-06 17:32:26,07.09.2026,06:35,120.65,39
2026-09-06 17:32:26,07.09.2026,10:10,120.65,44
2026-09-06 17:32:26,07.09.2026,23:50,120.65,63
2026-09-06 18:07:00,07.09.2026,03:00,120.65,51
2026-09-06 18:07:00,07.09.2026,06:35,120.65,39
2026-09-06 18:07:00,07.09.2026,10:10,120.65,44
2026-09-06 18:07:00,07.09.2026,23:50,120.65,63
2026-09-06 18:36:24,07.09.2026,03:00,120.65,51
2026-09-06 18:36:24,07.09.2026,06:35,120.65,38
2026-09-06 18:36:24,07.09.2026,10:10,120.65,43
2026-09-06 18:36:24,07.09.2026,23:50,120.65,63
2026-09-06 19:07:37,07.09.2026,03:00,120.65,50
2026-09-06 19:07:37,07.09.2026,06:35,120.65,38
2026-09-06 19:07:37,07.09.2026,10:10,120.65,41
2026-09-06 19:07:37,07.09.2026,23:50,120.65,63
2026-09-06 19:32:38,07.09.2026,03:00,120.65,50
2026-09-06 19:32:38,07.09.2026,06:35,120.65,37
2026-09-06 19:32:38,07.09.2026,10:10,120.65,41
2026-09-06 19:32:38,07.09.2026,23:50,120.65,63
2026-09-06 20:07:21,07.09.2026,03:00,120.65,50
2026-09-06 20:07:21,07.09.2026,06:35,120.65,37
2026-09-06 20:07:21,07.09.2026,10:10,120.65,41
2026-09-06 20:07:21,07.09.2026,23:50,120.65,63
2026-09-06 20:33:59,07.09.2026,03:00,120.65,50
2026-09-06 20:33:59,07.09.2026,06:35,120.65,37
2026-09-06 20:33:59,07.09.2026,10:10,120.65,40
2026-09-06 20:33:59,07.09.2026,23:50,120.65,63
2026-09-06 21:07:00,07.09.2026,03:00,120.65,50
2026-09-06 21:07:00,07.09.2026,06:35,120.65,36
2026-09-06 21:07:00,07.09.2026,10:10,120.65,40
2026-09-06 21:07:00,07.09.2026,23:50,120.65,63
2026-09-06 21:32:25,07.09.2026,03:00,120.65,50
2026-09-06 21:32:25,07.09.2026,06:35,120.65,36
2026-09-06 21:32:25,07.09.2026,10:10,120.65,38
2026-09-06 21:32:25,07.09.2026,23:50,120.65,62
2026-09-06 22:06:55,07.09.2026,03:00,120.65,50
2026-09-06 22:06:55,07.09.2026,06:35,120.65,36
2026-09-06 22:06:55,07.09.2026,10:10,120.65,38
2026-09-06 22:06:55,07.09.2026,23:50,120.65,62
2026-09-06 22:33:16,07.09.2026,03:00,120.65,50
2026-09-06 22:33:16,07.09.2026,06:35,120.65,36
2026-09-06 22:33:16,07.09.2026,10:10,120.65,38
2026-09-06 22:33:16,07.09.2026,23:50,120.65,62
2026-09-06 23:10:31,07.09.2026,03:00,120.65,50
2026-09-06 23:10:31,07.09.2026,06:35,120.65,36
2026-09-06 23:10:31,07.09.2026,10:10,120.65,38
2026-09-06 23:10:31,07.09.2026,23:50,120.65,62
2026-09-07 01:28:48,07.09.2026,06:35,120.65,36
2026-09-07 01:28:48,07.09.2026,10:10,120.65,38
2026-09-07 01:28:48,07.09.2026,23:50,120.65,62
2026-09-07 04:30:14,07.09.2026,06:35,120.65,35
2026-09-07 04:30:14,07.09.2026,10:10,120.65,38
2026-09-07 04:30:14,07.09.2026,23:50,120.65,62
2026-09-07 06:43:52,07.09.2026,10:10,120.65,38
2026-09-07 06:43:52,07.09.2026,23:50,120.65,60
2026-09-07 07:15:04,07.09.2026,10:10,120.65,38
2026-09-07 07:15:04,07.09.2026,23:50,120.65,60
2026-09-07 07:38:34,07.09.2026,10:10,120.65,38
2026-09-07 07:38:34,07.09.2026,23:50,120.65,58
2026-09-07 08:12:10,07.09.2026,10:10,120.65,38
2026-09-07 08:12:10,07.09.2026,23:50,120.65,56
2026-09-07 08:38:09,07.09.2026,23:50,120.65,56
2026-09-07 09:12:06,07.09.2026,23:50,120.65,55
2026-09-07 09:37:28,07.09.2026,23:50,120.65,55
2026-09-07 10:13:20,07.09.2026,23:50,120.65,55
2026-09-07 10:36:01,07.09.2026,23:50,120.65,55
2026-09-07 11:11:20,07.09.2026,23:50,120.65,54
2026-09-07 11:35:53,07.09.2026,23:50,120.65,54
2026-09-07 12:09:07,07.09.2026,23:50,120.65,54
2026-09-07 12:41:18,07.09.2026,23:50,120.65,54
2026-09-07 13:12:27,07.09.2026,23:50,120.65,50
2026-09-07 13:35:52,07.09.2026,23:50,120.65,50
2026-09-07 14:10:23,07.09.2026,23:50,120.65,48
2026-09-07 14:27:48,07.09.2026,23:50,120.65,44
2026-09-07 15:10:00,07.09.2026,23:50,120.65,43
2026-09-07 15:33:42,07.09.2026,23:50,120.65,43
2026-09-07 16:09:35,07.09.2026,23:50,120.65,42
2026-09-07 16:34:22,07.09.2026,23:50,120.65,42
2026-09-07 17:09:43,07.09.2026,23:50,120.65,42
2026-09-07 17:32:40,07.09.2026,23:50,120.65,42
2026-09-07 18:08:08,07.09.2026,23:50,120.65,42
2026-09-07 18:39:33,07.09.2026,23:50,120.65,40
2026-09-07 19:10:57,07.09.2026,23:50,120.65,34
2026-09-07 19:32:50,07.09.2026,23:50,120.65,31
2026-09-07 20:07:37,07.09.2026,23:50,120.65,29
2026-09-07 20:34:09,07.09.2026,23:50,120.65,25
2026-09-07 21:07:07,07.09.2026,23:50,120.65,24
2026-09-07 21:33:56,07.09.2026,23:50,120.65,24
2026-09-02 05:35:51,08.09.2026,03:00,120.65,50
2026-09-02 05:35:51,08.09.2026,06:35,120.65,50
2026-09-02 05:35:51,08.09.2026,10:10,120.65,65
2026-09-02 05:35:51,08.09.2026,23:50,120.65,25
2026-09-02 07:16:09,08.09.2026,03:00,120.65,60
2026-09-02 07:16:09,08.09.2026,06:35,120.65,57
2026-09-02 07:16:09,08.09.2026,10:10,120.65,65
2026-09-02 07:16:09,08.09.2026,23:50,120.65,35
2026-09-02 11:59:44,08.09.2026,03:00,120.65,1
2026-09-02 11:59:44,08.09.2026,06:35,120.65,1
2026-09-02 11:59:44,08.09.2026,10:10,120.65,1
2026-09-02 11:59:44,08.09.2026,23:50,120.65,1
2026-09-02 12:42:09,08.09.2026,03:00,120.65,49
2026-09-02 12:42:09,08.09.2026,06:35,120.65,49
2026-09-02 12:42:09,08.09.2026,10:10,120.65,49
2026-09-02 12:42:09,08.09.2026,23:50,120.65,49
2026-09-02 13:30:44,08.09.2026,03:00,120.65,50
2026-09-02 13:30:44,08.09.2026,06:35,120.65,50
2026-09-02 13:30:44,08.09.2026,10:10,120.65,65
2026-09-02 13:30:44,08.09.2026,23:50,120.65,65
2026-09-02 14:11:15,08.09.2026,03:00,120.65,50
2026-09-02 14:11:15,08.09.2026,06:35,120.65,50
2026-09-02 14:11:15,08.09.2026,10:10,120.65,65
2026-09-02 14:11:15,08.09.2026,23:50,120.65,65
2026-09-02 16:51:35,08.09.2026,03:00,120.65,50
2026-09-02 16:51:35,08.09.2026,06:35,120.65,50
2026-09-02 16:51:35,08.09.2026,10:10,120.65,65
2026-09-02 16:51:35,08.09.2026,23:50,120.65,65
2026-09-02 18:01:21,08.09.2026,03:00,120.65,52
2026-09-02 18:01:21,08.09.2026,06:35,120.65,52
2026-09-02 18:01:21,08.09.2026,10:10,120.65,67
2026-09-02 18:01:21,08.09.2026,23:50,120.65,67
2026-09-02 18:53:57,08.09.2026,03:00,120.65,54
2026-09-02 18:53:57,08.09.2026,06:35,120.65,54
2026-09-02 18:53:57,08.09.2026,10:10,120.65,69
2026-09-02 18:53:57,08.09.2026,23:50,120.65,69
2026-09-02 20:57:36,08.09.2026,03:00,120.65,56
2026-09-02 20:57:36,08.09.2026,06:35,120.65,56
2026-09-02 20:57:36,08.09.2026,10:10,120.65,70
2026-09-02 20:57:36,08.09.2026,23:50,120.65,70
2026-09-03 05:51:04,08.09.2026,03:00,120.65,58
2026-09-03 05:51:04,08.09.2026,06:35,120.65,56
2026-09-03 05:51:04,08.09.2026,10:10,120.65,70
2026-09-03 05:51:04,08.09.2026,23:50,120.65,70
2026-09-03 15:34:03,08.09.2026,03:00,120.65,60
2026-09-03 15:34:03,08.09.2026,06:35,120.65,47
2026-09-03 15:34:03,08.09.2026,10:10,120.65,70
2026-09-03 15:34:03,08.09.2026,23:50,120.65,70
2026-09-03 18:19:01,08.09.2026,03:00,120.65,60
2026-09-03 18:19:01,08.09.2026,06:35,120.65,47
2026-09-03 18:19:01,08.09.2026,10:10,120.65,70
2026-09-03 18:19:01,08.09.2026,23:50,120.65,70
2026-09-03 18:40:11,08.09.2026,03:00,120.65,60
2026-09-03 18:40:11,08.09.2026,06:35,120.65,47
2026-09-03 18:40:11,08.09.2026,10:10,120.65,70
2026-09-03 18:40:11,08.09.2026,23:50,120.65,70
2026-09-03 19:13:41,08.09.2026,03:00,120.65,60
2026-09-03 19:13:41,08.09.2026,06:35,120.65,47
2026-09-03 19:13:41,08.09.2026,10:10,120.65,70
2026-09-03 19:13:41,08.09.2026,23:50,120.65,70
2026-09-03 19:34:03,08.09.2026,03:00,120.65,60
2026-09-03 19:34:03,08.09.2026,06:35,120.65,47
2026-09-03 19:34:03,08.09.2026,10:10,120.65,70
2026-09-03 19:34:03,08.09.2026,23:50,120.65,70
2026-09-03 20:08:48,08.09.2026,03:00,120.65,60
2026-09-03 20:08:48,08.09.2026,06:35,120.65,47
2026-09-03 20:08:48,08.09.2026,10:10,120.65,70
2026-09-03 20:08:48,08.09.2026,23:50,120.65,70
2026-09-03 20:35:05,08.09.2026,03:00,120.65,60
2026-09-03 20:35:05,08.09.2026,06:35,120.65,47
2026-09-03 20:35:05,08.09.2026,10:10,120.65,70
2026-09-03 20:35:05,08.09.2026,23:50,120.65,70
2026-09-03 21:08:12,08.09.2026,03:00,120.65,60
2026-09-03 21:08:12,08.09.2026,06:35,120.65,47
2026-09-03 21:08:12,08.09.2026,10:10,120.65,70
2026-09-03 21:08:12,08.09.2026,23:50,120.65,70
2026-09-03 21:34:23,08.09.2026,03:00,120.65,60
2026-09-03 21:34:23,08.09.2026,06:35,120.65,47
2026-09-03 21:34:23,08.09.2026,10:10,120.65,70
2026-09-03 21:34:23,08.09.2026,23:50,120.65,70
2026-09-03 22:07:36,08.09.2026,03:00,120.65,60
2026-09-03 22:07:36,08.09.2026,06:35,120.65,47
2026-09-03 22:07:36,08.09.2026,10:10,120.65,70
2026-09-03 22:07:36,08.09.2026,23:50,120.65,70
2026-09-03 22:34:13,08.09.2026,03:00,120.65,60
2026-09-03 22:34:13,08.09.2026,06:35,120.65,47
2026-09-03 22:34:13,08.09.2026,10:10,120.65,70
2026-09-03 22:34:13,08.09.2026,23:50,120.65,70
2026-09-03 23:17:46,08.09.2026,03:00,120.65,60
2026-09-03 23:17:46,08.09.2026,06:35,120.65,47
2026-09-03 23:17:46,08.09.2026,10:10,120.65,70
2026-09-03 23:17:46,08.09.2026,23:50,120.65,70
2026-09-04 01:27:37,08.09.2026,03:00,120.65,60
2026-09-04 01:27:37,08.09.2026,06:35,120.65,47
2026-09-04 01:27:37,08.09.2026,10:10,120.65,70
2026-09-04 01:27:37,08.09.2026,23:50,120.65,70
2026-09-04 04:31:05,08.09.2026,03:00,120.65,60
2026-09-04 04:31:05,08.09.2026,06:35,120.65,47
2026-09-04 04:31:05,08.09.2026,10:10,120.65,70
2026-09-04 04:31:05,08.09.2026,23:50,120.65,70
2026-09-04 06:43:06,08.09.2026,03:00,120.65,60
2026-09-04 06:43:06,08.09.2026,06:35,120.65,47
2026-09-04 06:43:06,08.09.2026,10:10,120.65,70
2026-09-04 06:43:06,08.09.2026,23:50,120.65,70
2026-09-04 07:12:31,08.09.2026,03:00,120.65,60
2026-09-04 07:12:31,08.09.2026,06:35,120.65,47
2026-09-04 07:12:31,08.09.2026,10:10,120.65,70
2026-09-04 07:12:31,08.09.2026,23:50,120.65,70
2026-09-04 07:35:14,08.09.2026,03:00,120.65,60
2026-09-04 07:35:14,08.09.2026,06:35,120.65,47
2026-09-04 07:35:14,08.09.2026,10:10,120.65,70
2026-09-04 07:35:14,08.09.2026,23:50,120.65,70
2026-09-04 08:10:37,08.09.2026,03:00,120.65,60
2026-09-04 08:10:37,08.09.2026,06:35,120.65,47
2026-09-04 08:10:37,08.09.2026,10:10,120.65,70
2026-09-04 08:10:37,08.09.2026,23:50,120.65,70
2026-09-04 08:37:24,08.09.2026,03:00,120.65,60
2026-09-04 08:37:24,08.09.2026,06:35,120.65,47
2026-09-04 08:37:24,08.09.2026,10:10,120.65,70
2026-09-04 08:37:24,08.09.2026,23:50,120.65,70
2026-09-04 09:11:33,08.09.2026,03:00,120.65,60
2026-09-04 09:11:33,08.09.2026,06:35,120.65,47
2026-09-04 09:11:33,08.09.2026,10:10,120.65,70
2026-09-04 09:11:33,08.09.2026,23:50,120.65,70
2026-09-04 09:35:57,08.09.2026,03:00,120.65,60
2026-09-04 09:35:57,08.09.2026,06:35,120.65,47
2026-09-04 09:35:57,08.09.2026,10:10,120.65,70
2026-09-04 09:35:57,08.09.2026,23:50,120.65,70
2026-09-04 10:09:50,08.09.2026,03:00,120.65,60
2026-09-04 10:09:50,08.09.2026,06:35,120.65,47
2026-09-04 10:09:50,08.09.2026,10:10,120.65,70
2026-09-04 10:09:50,08.09.2026,23:50,120.65,70
2026-09-04 10:35:55,08.09.2026,03:00,120.65,60
2026-09-04 10:35:55,08.09.2026,06:35,120.65,47
2026-09-04 10:35:55,08.09.2026,10:10,120.65,70
2026-09-04 10:35:55,08.09.2026,23:50,120.65,70
2026-09-04 11:10:01,08.09.2026,03:00,120.65,58
2026-09-04 11:10:01,08.09.2026,06:35,120.65,47
2026-09-04 11:10:01,08.09.2026,10:10,120.65,70
2026-09-04 11:10:01,08.09.2026,23:50,120.65,70
2026-09-04 11:34:54,08.09.2026,03:00,120.65,58
2026-09-04 11:34:54,08.09.2026,06:35,120.65,47
2026-09-04 11:34:54,08.09.2026,10:10,120.65,70
2026-09-04 11:34:54,08.09.2026,23:50,120.65,70
2026-09-04 12:08:20,08.09.2026,03:00,120.65,58
2026-09-04 12:08:20,08.09.2026,06:35,120.65,47
2026-09-04 12:08:20,08.09.2026,10:10,120.65,70
2026-09-04 12:08:20,08.09.2026,23:50,120.65,70
2026-09-04 12:41:43,08.09.2026,03:00,120.65,58
2026-09-04 12:41:43,08.09.2026,06:35,120.65,47
2026-09-04 12:41:43,08.09.2026,10:10,120.65,70
2026-09-04 12:41:43,08.09.2026,23:50,120.65,70
2026-09-04 13:13:01,08.09.2026,03:00,120.65,58
2026-09-04 13:13:01,08.09.2026,06:35,120.65,47
2026-09-04 13:13:01,08.09.2026,10:10,120.65,70
2026-09-04 13:13:01,08.09.2026,23:50,120.65,70
2026-09-04 13:36:18,08.09.2026,03:00,120.65,58
2026-09-04 13:36:18,08.09.2026,06:35,120.65,47
2026-09-04 13:36:18,08.09.2026,10:10,120.65,70
2026-09-04 13:36:18,08.09.2026,23:50,120.65,70
2026-09-04 14:10:52,08.09.2026,03:00,120.65,58
2026-09-04 14:10:52,08.09.2026,06:35,120.65,47
2026-09-04 14:10:52,08.09.2026,10:10,120.65,70
2026-09-04 14:10:52,08.09.2026,23:50,120.65,70
2026-09-04 14:34:31,08.09.2026,03:00,120.65,58
2026-09-04 14:34:31,08.09.2026,06:35,120.65,45
2026-09-04 14:34:31,08.09.2026,10:10,120.65,70
2026-09-04 14:34:31,08.09.2026,23:50,120.65,70
2026-09-04 15:10:51,08.09.2026,03:00,120.65,58
2026-09-04 15:10:51,08.09.2026,06:35,120.65,45
2026-09-04 15:10:51,08.09.2026,10:10,120.65,70
2026-09-04 15:10:51,08.09.2026,23:50,120.65,70
2026-09-04 15:35:34,08.09.2026,03:00,120.65,58
2026-09-04 15:35:34,08.09.2026,06:35,120.65,45
2026-09-04 15:35:34,08.09.2026,10:10,120.65,70
2026-09-04 15:35:34,08.09.2026,23:50,120.65,70
2026-09-04 16:08:57,08.09.2026,03:00,120.65,58
2026-09-04 16:08:57,08.09.2026,06:35,120.65,45
2026-09-04 16:08:57,08.09.2026,10:10,120.65,70
2026-09-04 16:08:57,08.09.2026,23:50,120.65,70
2026-09-04 16:36:29,08.09.2026,03:00,120.65,58
2026-09-04 16:36:29,08.09.2026,06:35,120.65,45
2026-09-04 16:36:29,08.09.2026,10:10,120.65,70
2026-09-04 16:36:29,08.09.2026,23:50,120.65,70
2026-09-04 17:08:27,08.09.2026,03:00,120.65,58
2026-09-04 17:08:27,08.09.2026,06:35,120.65,45
2026-09-04 17:08:27,08.09.2026,10:10,120.65,70
2026-09-04 17:08:27,08.09.2026,23:50,120.65,70
2026-09-04 17:34:04,08.09.2026,03:00,120.65,58
2026-09-04 17:34:04,08.09.2026,06:35,120.65,45
2026-09-04 17:34:04,08.09.2026,10:10,120.65,70
2026-09-04 17:34:04,08.09.2026,23:50,120.65,70
2026-09-04 18:08:32,08.09.2026,03:00,120.65,58
2026-09-04 18:08:32,08.09.2026,06:35,120.65,45
2026-09-04 18:08:32,08.09.2026,10:10,120.65,70
2026-09-04 18:08:32,08.09.2026,23:50,120.65,70
2026-09-04 18:37:41,08.09.2026,03:00,120.65,58
2026-09-04 18:37:41,08.09.2026,06:35,120.65,45
2026-09-04 18:37:41,08.09.2026,10:10,120.65,70
2026-09-04 18:37:41,08.09.2026,23:50,120.65,70
2026-09-04 19:08:50,08.09.2026,03:00,120.65,58
2026-09-04 19:08:50,08.09.2026,06:35,120.65,45
2026-09-04 19:08:50,08.09.2026,10:10,120.65,70
2026-09-04 19:08:50,08.09.2026,23:50,120.65,70
2026-09-04 19:31:15,08.09.2026,03:00,120.65,58
2026-09-04 19:31:15,08.09.2026,06:35,120.65,45
2026-09-04 19:31:15,08.09.2026,10:10,120.65,70
2026-09-04 19:31:15,08.09.2026,23:50,120.65,70
2026-09-04 20:07:50,08.09.2026,03:00,120.65,58
2026-09-04 20:07:50,08.09.2026,06:35,120.65,45
2026-09-04 20:07:50,08.09.2026,10:10,120.65,70
2026-09-04 20:07:50,08.09.2026,23:50,120.65,70
2026-09-04 20:34:45,08.09.2026,03:00,120.65,58
2026-09-04 20:34:45,08.09.2026,06:35,120.65,45
2026-09-04 20:34:45,08.09.2026,10:10,120.65,70
2026-09-04 20:34:45,08.09.2026,23:50,120.65,70
2026-09-04 21:07:26,08.09.2026,03:00,120.65,58
2026-09-04 21:07:26,08.09.2026,06:35,120.65,45
2026-09-04 21:07:26,08.09.2026,10:10,120.65,70
2026-09-04 21:07:26,08.09.2026,23:50,120.65,70
2026-09-04 21:33:34,08.09.2026,03:00,120.65,58
2026-09-04 21:33:34,08.09.2026,06:35,120.65,45
2026-09-04 21:33:34,08.09.2026,10:10,120.65,70
2026-09-04 21:33:34,08.09.2026,23:50,120.65,70
2026-09-04 22:07:23,08.09.2026,03:00,120.65,58
2026-09-04 22:07:23,08.09.2026,06:35,120.65,45
2026-09-04 22:07:23,08.09.2026,10:10,120.65,70
2026-09-04 22:07:23,08.09.2026,23:50,120.65,70
2026-09-04 22:33:45,08.09.2026,03:00,120.65,58
2026-09-04 22:33:45,08.09.2026,06:35,120.65,45
2026-09-04 22:33:45,08.09.2026,10:10,120.65,70
2026-09-04 22:33:45,08.09.2026,23:50,120.65,70
2026-09-04 23:12:03,08.09.2026,03:00,120.65,58
2026-09-04 23:12:03,08.09.2026,06:35,120.65,45
2026-09-04 23:12:03,08.09.2026,10:10,120.65,70
2026-09-04 23:12:03,08.09.2026,23:50,120.65,70
2026-09-05 01:28:36,08.09.2026,03:00,120.65,58
2026-09-05 01:28:36,08.09.2026,06:35,120.65,45
2026-09-05 01:28:36,08.09.2026,10:10,120.65,70
2026-09-05 01:28:36,08.09.2026,23:50,120.65,70
2026-09-05 04:30:00,08.09.2026,03:00,120.65,58
2026-09-05 04:30:00,08.09.2026,06:35,120.65,45
2026-09-05 04:30:00,08.09.2026,10:10,120.65,70
2026-09-05 04:30:00,08.09.2026,23:50,120.65,70
2026-09-05 06:42:51,08.09.2026,03:00,120.65,58
2026-09-05 06:42:51,08.09.2026,06:35,120.65,45
2026-09-05 06:42:51,08.09.2026,10:10,120.65,70
2026-09-05 06:42:51,08.09.2026,23:50,120.65,70
2026-09-05 07:08:33,08.09.2026,03:00,120.65,58
2026-09-05 07:08:33,08.09.2026,06:35,120.65,45
2026-09-05 07:08:33,08.09.2026,10:10,120.65,70
2026-09-05 07:08:33,08.09.2026,23:50,120.65,70
2026-09-05 07:32:35,08.09.2026,03:00,120.65,58
2026-09-05 07:32:35,08.09.2026,06:35,120.65,45
2026-09-05 07:32:35,08.09.2026,10:10,120.65,70
2026-09-05 07:32:35,08.09.2026,23:50,120.65,70
2026-09-05 08:07:20,08.09.2026,03:00,120.65,58
2026-09-05 08:07:20,08.09.2026,06:35,120.65,45
2026-09-05 08:07:20,08.09.2026,10:10,120.65,70
2026-09-05 08:07:20,08.09.2026,23:50,120.65,70
2026-09-05 08:34:56,08.09.2026,03:00,120.65,58
2026-09-05 08:34:56,08.09.2026,06:35,120.65,43
2026-09-05 08:34:56,08.09.2026,10:10,120.65,70
2026-09-05 08:34:56,08.09.2026,23:50,120.65,70
2026-09-05 09:07:25,08.09.2026,03:00,120.65,57
2026-09-05 09:07:25,08.09.2026,06:35,120.65,43
2026-09-05 09:07:25,08.09.2026,10:10,120.65,70
2026-09-05 09:07:25,08.09.2026,23:50,120.65,70
2026-09-05 09:33:48,08.09.2026,03:00,120.65,57
2026-09-05 09:33:48,08.09.2026,06:35,120.65,43
2026-09-05 09:33:48,08.09.2026,10:10,120.65,70
2026-09-05 09:33:48,08.09.2026,23:50,120.65,70
2026-09-05 10:07:33,08.09.2026,03:00,120.65,57
2026-09-05 10:07:33,08.09.2026,06:35,120.65,43
2026-09-05 10:07:33,08.09.2026,10:10,120.65,70
2026-09-05 10:07:33,08.09.2026,23:50,120.65,70
2026-09-05 10:33:37,08.09.2026,03:00,120.65,57
2026-09-05 10:33:37,08.09.2026,06:35,120.65,43
2026-09-05 10:33:37,08.09.2026,10:10,120.65,70
2026-09-05 10:33:37,08.09.2026,23:50,120.65,70
2026-09-05 11:07:16,08.09.2026,03:00,120.65,57
2026-09-05 11:07:16,08.09.2026,06:35,120.65,42
2026-09-05 11:07:16,08.09.2026,10:10,120.65,70
2026-09-05 11:07:16,08.09.2026,23:50,120.65,70
2026-09-05 11:33:06,08.09.2026,03:00,120.65,57
2026-09-05 11:33:06,08.09.2026,06:35,120.65,42
2026-09-05 11:33:06,08.09.2026,10:10,120.65,70
2026-09-05 11:33:06,08.09.2026,23:50,120.65,70
2026-09-05 12:06:51,08.09.2026,03:00,120.65,57
2026-09-05 12:06:51,08.09.2026,06:35,120.65,42
2026-09-05 12:06:51,08.09.2026,10:10,120.65,70
2026-09-05 12:06:51,08.09.2026,23:50,120.65,70
2026-09-05 12:37:35,08.09.2026,03:00,120.65,57
2026-09-05 12:37:35,08.09.2026,06:35,120.65,42
2026-09-05 12:37:35,08.09.2026,10:10,120.65,70
2026-09-05 12:37:35,08.09.2026,23:50,120.65,70
2026-09-05 13:10:19,08.09.2026,03:00,120.65,57
2026-09-05 13:10:19,08.09.2026,06:35,120.65,42
2026-09-05 13:10:19,08.09.2026,10:10,120.65,70
2026-09-05 13:10:19,08.09.2026,23:50,120.65,70
2026-09-05 13:32:43,08.09.2026,03:00,120.65,57
2026-09-05 13:32:43,08.09.2026,06:35,120.65,42
2026-09-05 13:32:43,08.09.2026,10:10,120.65,70
2026-09-05 13:32:43,08.09.2026,23:50,120.65,70
2026-09-05 14:07:13,08.09.2026,03:00,120.65,57
2026-09-05 14:07:13,08.09.2026,06:35,120.65,42
2026-09-05 14:07:13,08.09.2026,10:10,120.65,70
2026-09-05 14:07:13,08.09.2026,23:50,120.65,70
2026-09-05 14:32:30,08.09.2026,03:00,120.65,57
2026-09-05 14:32:30,08.09.2026,06:35,120.65,42
2026-09-05 14:32:30,08.09.2026,10:10,120.65,70
2026-09-05 14:32:30,08.09.2026,23:50,120.65,70
2026-09-05 15:06:33,08.09.2026,03:00,120.65,57
2026-09-05 15:06:33,08.09.2026,06:35,120.65,42
2026-09-05 15:06:33,08.09.2026,10:10,120.65,70
2026-09-05 15:06:33,08.09.2026,23:50,120.65,70
2026-09-05 15:33:40,08.09.2026,03:00,120.65,57
2026-09-05 15:33:40,08.09.2026,06:35,120.65,42
2026-09-05 15:33:40,08.09.2026,10:10,120.65,70
2026-09-05 15:33:40,08.09.2026,23:50,120.65,70
2026-09-05 16:06:53,08.09.2026,03:00,120.65,57
2026-09-05 16:06:53,08.09.2026,06:35,120.65,42
2026-09-05 16:06:53,08.09.2026,10:10,120.65,70
2026-09-05 16:06:53,08.09.2026,23:50,120.65,70
2026-09-05 16:34:27,08.09.2026,03:00,120.65,56
2026-09-05 16:34:27,08.09.2026,06:35,120.65,42
2026-09-05 16:34:27,08.09.2026,10:10,120.65,70
2026-09-05 16:34:27,08.09.2026,23:50,120.65,70
2026-09-05 17:07:03,08.09.2026,03:00,120.65,56
2026-09-05 17:07:03,08.09.2026,06:35,120.65,42
2026-09-05 17:07:03,08.09.2026,10:10,120.65,70
2026-09-05 17:07:03,08.09.2026,23:50,120.65,70
2026-09-05 17:32:40,08.09.2026,03:00,120.65,56
2026-09-05 17:32:40,08.09.2026,06:35,120.65,42
2026-09-05 17:32:40,08.09.2026,10:10,120.65,70
2026-09-05 17:32:40,08.09.2026,23:50,120.65,70
2026-09-05 18:06:45,08.09.2026,03:00,120.65,56
2026-09-05 18:06:45,08.09.2026,06:35,120.65,42
2026-09-05 18:06:45,08.09.2026,10:10,120.65,70
2026-09-05 18:06:45,08.09.2026,23:50,120.65,70
2026-09-05 18:36:29,08.09.2026,03:00,120.65,56
2026-09-05 18:36:29,08.09.2026,06:35,120.65,42
2026-09-05 18:36:29,08.09.2026,10:10,120.65,70
2026-09-05 18:36:29,08.09.2026,23:50,120.65,70
2026-09-05 19:09:01,08.09.2026,03:00,120.65,56
2026-09-05 19:09:01,08.09.2026,06:35,120.65,42
2026-09-05 19:09:01,08.09.2026,10:10,120.65,70
2026-09-05 19:09:01,08.09.2026,23:50,120.65,70
2026-09-05 19:32:44,08.09.2026,03:00,120.65,56
2026-09-05 19:32:44,08.09.2026,06:35,120.65,42
2026-09-05 19:32:44,08.09.2026,10:10,120.65,70
2026-09-05 19:32:44,08.09.2026,23:50,120.65,70
2026-09-05 20:07:47,08.09.2026,03:00,120.65,56
2026-09-05 20:07:47,08.09.2026,06:35,120.65,42
2026-09-05 20:07:47,08.09.2026,10:10,120.65,70
2026-09-05 20:07:47,08.09.2026,23:50,120.65,70
2026-09-05 20:34:33,08.09.2026,03:00,120.65,56
2026-09-05 20:34:33,08.09.2026,06:35,120.65,42
2026-09-05 20:34:33,08.09.2026,10:10,120.65,70
2026-09-05 20:34:33,08.09.2026,23:50,120.65,70
2026-09-05 21:06:55,08.09.2026,03:00,120.65,56
2026-09-05 21:06:55,08.09.2026,06:35,120.65,42
2026-09-05 21:06:55,08.09.2026,10:10,120.65,70
2026-09-05 21:06:55,08.09.2026,23:50,120.65,70
2026-09-05 21:33:04,08.09.2026,03:00,120.65,56
2026-09-05 21:33:04,08.09.2026,06:35,120.65,42
2026-09-05 21:33:04,08.09.2026,10:10,120.65,70
2026-09-05 21:33:04,08.09.2026,23:50,120.65,70
2026-09-05 22:06:36,08.09.2026,03:00,120.65,56
2026-09-05 22:06:36,08.09.2026,06:35,120.65,42
2026-09-05 22:06:36,08.09.2026,10:10,120.65,70
2026-09-05 22:06:36,08.09.2026,23:50,120.65,70
2026-09-05 22:33:19,08.09.2026,03:00,120.65,56
2026-09-05 22:33:19,08.09.2026,06:35,120.65,42
2026-09-05 22:33:19,08.09.2026,10:10,120.65,70
2026-09-05 22:33:19,08.09.2026,23:50,120.65,70
2026-09-05 23:12:49,08.09.2026,03:00,120.65,56
2026-09-05 23:12:49,08.09.2026,06:35,120.65,42
2026-09-05 23:12:49,08.09.2026,10:10,120.65,70
2026-09-05 23:12:49,08.09.2026,23:50,120.65,70
2026-09-06 01:28:38,08.09.2026,03:00,120.65,56
2026-09-06 01:28:38,08.09.2026,06:35,120.65,42
2026-09-06 01:28:38,08.09.2026,10:10,120.65,70
2026-09-06 01:28:38,08.09.2026,23:50,120.65,70
2026-09-06 04:30:50,08.09.2026,03:00,120.65,56
2026-09-06 04:30:50,08.09.2026,06:35,120.65,42
2026-09-06 04:30:50,08.09.2026,10:10,120.65,70
2026-09-06 04:30:50,08.09.2026,23:50,120.65,70
2026-09-06 06:40:15,08.09.2026,03:00,120.65,56
2026-09-06 06:40:15,08.09.2026,06:35,120.65,42
2026-09-06 06:40:15,08.09.2026,10:10,120.65,70
2026-09-06 06:40:15,08.09.2026,23:50,120.65,70
2026-09-06 07:11:01,08.09.2026,03:00,120.65,56
2026-09-06 07:11:01,08.09.2026,06:35,120.65,42
2026-09-06 07:11:01,08.09.2026,10:10,120.65,70
2026-09-06 07:11:01,08.09.2026,23:50,120.65,70
2026-09-06 07:32:40,08.09.2026,03:00,120.65,56
2026-09-06 07:32:40,08.09.2026,06:35,120.65,42
2026-09-06 07:32:40,08.09.2026,10:10,120.65,70
2026-09-06 07:32:40,08.09.2026,23:50,120.65,70
2026-09-06 08:06:43,08.09.2026,03:00,120.65,56
2026-09-06 08:06:43,08.09.2026,06:35,120.65,42
2026-09-06 08:06:43,08.09.2026,10:10,120.65,70
2026-09-06 08:06:43,08.09.2026,23:50,120.65,70
2026-09-06 08:34:50,08.09.2026,03:00,120.65,56
2026-09-06 08:34:50,08.09.2026,06:35,120.65,42
2026-09-06 08:34:50,08.09.2026,10:10,120.65,70
2026-09-06 08:34:50,08.09.2026,23:50,120.65,70
2026-09-06 09:08:10,08.09.2026,03:00,120.65,56
2026-09-06 09:08:10,08.09.2026,06:35,120.65,42
2026-09-06 09:08:10,08.09.2026,10:10,120.65,70
2026-09-06 09:08:10,08.09.2026,23:50,120.65,70
2026-09-06 09:33:59,08.09.2026,03:00,120.65,56
2026-09-06 09:33:59,08.09.2026,06:35,120.65,42
2026-09-06 09:33:59,08.09.2026,10:10,120.65,70
2026-09-06 09:33:59,08.09.2026,23:50,120.65,70
2026-09-06 10:07:23,08.09.2026,03:00,120.65,56
2026-09-06 10:07:23,08.09.2026,06:35,120.65,41
2026-09-06 10:07:23,08.09.2026,10:10,120.65,70
2026-09-06 10:07:23,08.09.2026,23:50,120.65,70
2026-09-06 10:34:25,08.09.2026,03:00,120.65,56
2026-09-06 10:34:25,08.09.2026,06:35,120.65,41
2026-09-06 10:34:25,08.09.2026,10:10,120.65,70
2026-09-06 10:34:25,08.09.2026,23:50,120.65,70
2026-09-06 11:06:55,08.09.2026,03:00,120.65,56
2026-09-06 11:06:55,08.09.2026,06:35,120.65,41
2026-09-06 11:06:55,08.09.2026,10:10,120.65,70
2026-09-06 11:06:55,08.09.2026,23:50,120.65,70
2026-09-06 11:33:09,08.09.2026,03:00,120.65,56
2026-09-06 11:33:09,08.09.2026,06:35,120.65,41
2026-09-06 11:33:09,08.09.2026,10:10,120.65,70
2026-09-06 11:33:09,08.09.2026,23:50,120.65,70
2026-09-06 12:07:00,08.09.2026,03:00,120.65,56
2026-09-06 12:07:00,08.09.2026,06:35,120.65,41
2026-09-06 12:07:00,08.09.2026,10:10,120.65,70
2026-09-06 12:07:00,08.09.2026,23:50,120.65,70
2026-09-06 12:38:15,08.09.2026,03:00,120.65,56
2026-09-06 12:38:15,08.09.2026,06:35,120.65,41
2026-09-06 12:38:15,08.09.2026,10:10,120.65,70
2026-09-06 12:38:15,08.09.2026,23:50,120.65,70
2026-09-06 13:10:43,08.09.2026,03:00,120.65,56
2026-09-06 13:10:43,08.09.2026,06:35,120.65,41
2026-09-06 13:10:43,08.09.2026,10:10,120.65,70
2026-09-06 13:10:43,08.09.2026,23:50,120.65,70
2026-09-06 13:32:47,08.09.2026,03:00,120.65,56
2026-09-06 13:32:47,08.09.2026,06:35,120.65,41
2026-09-06 13:32:47,08.09.2026,10:10,120.65,70
2026-09-06 13:32:47,08.09.2026,23:50,120.65,70
2026-09-06 14:06:51,08.09.2026,03:00,120.65,54
2026-09-06 14:06:51,08.09.2026,06:35,120.65,41
2026-09-06 14:06:51,08.09.2026,10:10,120.65,70
2026-09-06 14:06:51,08.09.2026,23:50,120.65,70
2026-09-06 14:33:35,08.09.2026,03:00,120.65,54
2026-09-06 14:33:35,08.09.2026,06:35,120.65,41
2026-09-06 14:33:35,08.09.2026,10:10,120.65,70
2026-09-06 14:33:35,08.09.2026,23:50,120.65,70
2026-09-06 15:06:13,08.09.2026,03:00,120.65,54
2026-09-06 15:06:13,08.09.2026,06:35,120.65,41
2026-09-06 15:06:13,08.09.2026,10:10,120.65,70
2026-09-06 15:06:13,08.09.2026,23:50,120.65,70
2026-09-06 15:33:11,08.09.2026,03:00,120.65,54
2026-09-06 15:33:11,08.09.2026,06:35,120.65,41
2026-09-06 15:33:11,08.09.2026,10:10,120.65,70
2026-09-06 15:33:11,08.09.2026,23:50,120.65,70
2026-09-06 16:06:44,08.09.2026,03:00,120.65,54
2026-09-06 16:06:44,08.09.2026,06:35,120.65,41
2026-09-06 16:06:44,08.09.2026,10:10,120.65,70
2026-09-06 16:06:44,08.09.2026,23:50,120.65,70
2026-09-06 16:34:41,08.09.2026,03:00,120.65,54
2026-09-06 16:34:41,08.09.2026,06:35,120.65,41
2026-09-06 16:34:41,08.09.2026,10:10,120.65,70
2026-09-06 16:34:41,08.09.2026,23:50,120.65,70
2026-09-06 17:07:33,08.09.2026,03:00,120.65,54
2026-09-06 17:07:33,08.09.2026,06:35,120.65,40
2026-09-06 17:07:33,08.09.2026,10:10,120.65,70
2026-09-06 17:07:33,08.09.2026,23:50,120.65,70
2026-09-06 17:32:26,08.09.2026,03:00,120.65,52
2026-09-06 17:32:26,08.09.2026,06:35,120.65,39
2026-09-06 17:32:26,08.09.2026,10:10,120.65,70
2026-09-06 17:32:26,08.09.2026,23:50,120.65,70
2026-09-06 18:07:00,08.09.2026,03:00,120.65,52
2026-09-06 18:07:00,08.09.2026,06:35,120.65,39
2026-09-06 18:07:00,08.09.2026,10:10,120.65,70
2026-09-06 18:07:00,08.09.2026,23:50,120.65,70
2026-09-06 18:36:24,08.09.2026,03:00,120.65,52
2026-09-06 18:36:24,08.09.2026,06:35,120.65,39
2026-09-06 18:36:24,08.09.2026,10:10,120.65,70
2026-09-06 18:36:24,08.09.2026,23:50,120.65,70
2026-09-06 19:07:37,08.09.2026,03:00,120.65,52
2026-09-06 19:07:37,08.09.2026,06:35,120.65,39
2026-09-06 19:07:37,08.09.2026,10:10,120.65,70
2026-09-06 19:07:37,08.09.2026,23:50,120.65,70
2026-09-06 19:32:38,08.09.2026,03:00,120.65,52
2026-09-06 19:32:38,08.09.2026,06:35,120.65,39
2026-09-06 19:32:38,08.09.2026,10:10,120.65,70
2026-09-06 19:32:38,08.09.2026,23:50,120.65,70
2026-09-06 20:07:21,08.09.2026,03:00,120.65,52
2026-09-06 20:07:21,08.09.2026,06:35,120.65,39
2026-09-06 20:07:21,08.09.2026,10:10,120.65,70
2026-09-06 20:07:21,08.09.2026,23:50,120.65,70
2026-09-06 20:33:59,08.09.2026,03:00,120.65,52
2026-09-06 20:33:59,08.09.2026,06:35,120.65,39
2026-09-06 20:33:59,08.09.2026,10:10,120.65,70
2026-09-06 20:33:59,08.09.2026,23:50,120.65,70
2026-09-06 21:07:00,08.09.2026,03:00,120.65,52
2026-09-06 21:07:00,08.09.2026,06:35,120.65,39
2026-09-06 21:07:00,08.09.2026,10:10,120.65,70
2026-09-06 21:07:00,08.09.2026,23:50,120.65,69
2026-09-06 21:32:25,08.09.2026,03:00,120.65,52
2026-09-06 21:32:25,08.09.2026,06:35,120.65,39
2026-09-06 21:32:25,08.09.2026,10:10,120.65,70
2026-09-06 21:32:25,08.09.2026,23:50,120.65,69
2026-09-06 22:06:55,08.09.2026,03:00,120.65,52
2026-09-06 22:06:55,08.09.2026,06:35,120.65,39
2026-09-06 22:06:55,08.09.2026,10:10,120.65,70
2026-09-06 22:06:55,08.09.2026,23:50,120.65,69
2026-09-06 22:33:16,08.09.2026,03:00,120.65,52
2026-09-06 22:33:16,08.09.2026,06:35,120.65,39
2026-09-06 22:33:16,08.09.2026,10:10,120.65,70
2026-09-06 22:33:16,08.09.2026,23:50,120.65,69
2026-09-06 23:10:31,08.09.2026,03:00,120.65,52
2026-09-06 23:10:31,08.09.2026,06:35,120.65,39
2026-09-06 23:10:31,08.09.2026,10:10,120.65,70
2026-09-06 23:10:31,08.09.2026,23:50,120.65,69
2026-09-07 01:28:48,08.09.2026,03:00,120.65,52
2026-09-07 01:28:48,08.09.2026,06:35,120.65,39
2026-09-07 01:28:48,08.09.2026,10:10,120.65,70
2026-09-07 01:28:48,08.09.2026,23:50,120.65,69
2026-09-07 04:30:14,08.09.2026,03:00,120.65,52
2026-09-07 04:30:14,08.09.2026,06:35,120.65,39
2026-09-07 04:30:14,08.09.2026,10:10,120.65,70
2026-09-07 04:30:14,08.09.2026,23:50,120.65,69
2026-09-07 06:43:52,08.09.2026,03:00,120.65,51
2026-09-07 06:43:52,08.09.2026,06:35,120.65,38
2026-09-07 06:43:52,08.09.2026,10:10,120.65,70
2026-09-07 06:43:52,08.09.2026,23:50,120.65,69
2026-09-07 07:15:04,08.09.2026,03:00,120.65,51
2026-09-07 07:15:04,08.09.2026,06:35,120.65,38
2026-09-07 07:15:04,08.09.2026,10:10,120.65,70
2026-09-07 07:15:04,08.09.2026,23:50,120.65,69
2026-09-07 07:38:34,08.09.2026,03:00,120.65,50
2026-09-07 07:38:34,08.09.2026,06:35,120.65,36
2026-09-07 07:38:34,08.09.2026,10:10,120.65,67
2026-09-07 07:38:34,08.09.2026,23:50,120.65,69
2026-09-07 08:12:10,08.09.2026,03:00,120.65,48
2026-09-07 08:12:10,08.09.2026,06:35,120.65,36
2026-09-07 08:12:10,08.09.2026,10:10,120.65,66
2026-09-07 08:12:10,08.09.2026,23:50,120.65,67
2026-09-07 08:38:09,08.09.2026,03:00,120.65,48
2026-09-07 08:38:09,08.09.2026,06:35,120.65,36
2026-09-07 08:38:09,08.09.2026,10:10,120.65,66
2026-09-07 08:38:09,08.09.2026,23:50,120.65,67
2026-09-07 09:12:06,08.09.2026,03:00,120.65,46
2026-09-07 09:12:06,08.09.2026,06:35,120.65,36
2026-09-07 09:12:06,08.09.2026,10:10,120.65,66
2026-09-07 09:12:06,08.09.2026,23:50,120.65,67
2026-09-07 09:37:28,08.09.2026,03:00,120.65,46
2026-09-07 09:37:28,08.09.2026,06:35,120.65,36
2026-09-07 09:37:28,08.09.2026,10:10,120.65,66
2026-09-07 09:37:28,08.09.2026,23:50,120.65,65
2026-09-07 10:13:20,08.09.2026,03:00,120.65,46
2026-09-07 10:13:20,08.09.2026,06:35,120.65,36
2026-09-07 10:13:20,08.09.2026,10:10,120.65,66
2026-09-07 10:13:20,08.09.2026,23:50,120.65,65
2026-09-07 10:36:01,08.09.2026,03:00,120.65,46
2026-09-07 10:36:01,08.09.2026,06:35,120.65,36
2026-09-07 10:36:01,08.09.2026,10:10,120.65,66
2026-09-07 10:36:01,08.09.2026,23:50,120.65,65
2026-09-07 11:11:20,08.09.2026,03:00,120.65,46
2026-09-07 11:11:20,08.09.2026,06:35,120.65,36
2026-09-07 11:11:20,08.09.2026,10:10,120.65,65
2026-09-07 11:11:20,08.09.2026,23:50,120.65,65
2026-09-07 11:35:53,08.09.2026,03:00,120.65,46
2026-09-07 11:35:53,08.09.2026,06:35,120.65,36
2026-09-07 11:35:53,08.09.2026,10:10,120.65,65
2026-09-07 11:35:53,08.09.2026,23:50,120.65,65
2026-09-07 12:09:07,08.09.2026,03:00,120.65,46
2026-09-07 12:09:07,08.09.2026,06:35,120.65,34
2026-09-07 12:09:07,08.09.2026,10:10,120.65,65
2026-09-07 12:09:07,08.09.2026,23:50,120.65,64
2026-09-07 12:41:18,08.09.2026,03:00,120.65,46
2026-09-07 12:41:18,08.09.2026,06:35,120.65,34
2026-09-07 12:41:18,08.09.2026,10:10,120.65,65
2026-09-07 12:41:18,08.09.2026,23:50,120.65,64
2026-09-07 13:12:27,08.09.2026,03:00,120.65,46
2026-09-07 13:12:27,08.09.2026,06:35,120.65,33
2026-09-07 13:12:27,08.09.2026,10:10,120.65,65
2026-09-07 13:12:27,08.09.2026,23:50,120.65,64
2026-09-07 13:35:52,08.09.2026,03:00,120.65,46
2026-09-07 13:35:52,08.09.2026,06:35,120.65,32
2026-09-07 13:35:52,08.09.2026,10:10,120.65,65
2026-09-07 13:35:52,08.09.2026,23:50,120.65,63
2026-09-07 14:10:23,08.09.2026,03:00,120.65,46
2026-09-07 14:10:23,08.09.2026,06:35,120.65,32
2026-09-07 14:10:23,08.09.2026,10:10,120.65,61
2026-09-07 14:10:23,08.09.2026,23:50,120.65,62
2026-09-07 14:27:48,08.09.2026,03:00,120.65,46
2026-09-07 14:27:48,08.09.2026,06:35,120.65,32
2026-09-07 14:27:48,08.09.2026,10:10,120.65,59
2026-09-07 14:27:48,08.09.2026,23:50,120.65,62
2026-09-07 15:10:00,08.09.2026,03:00,120.65,46
2026-09-07 15:10:00,08.09.2026,06:35,120.65,32
2026-09-07 15:10:00,08.09.2026,10:10,120.65,59
2026-09-07 15:10:00,08.09.2026,23:50,120.65,62
2026-09-07 15:33:42,08.09.2026,03:00,120.65,46
2026-09-07 15:33:42,08.09.2026,06:35,120.65,32
2026-09-07 15:33:42,08.09.2026,10:10,120.65,59
2026-09-07 15:33:42,08.09.2026,23:50,120.65,62
2026-09-07 16:09:35,08.09.2026,03:00,120.65,46
2026-09-07 16:09:35,08.09.2026,06:35,120.65,32
2026-09-07 16:09:35,08.09.2026,10:10,120.65,59
2026-09-07 16:09:35,08.09.2026,23:50,120.65,62
2026-09-07 16:34:22,08.09.2026,03:00,120.65,46
2026-09-07 16:34:22,08.09.2026,06:35,120.65,32
2026-09-07 16:34:22,08.09.2026,10:10,120.65,59
2026-09-07 16:34:22,08.09.2026,23:50,120.65,62
2026-09-07 17:09:43,08.09.2026,03:00,120.65,46
2026-09-07 17:09:43,08.09.2026,06:35,120.65,31
2026-09-07 17:09:43,08.09.2026,10:10,120.65,59
2026-09-07 17:09:43,08.09.2026,23:50,120.65,62
2026-09-07 17:32:40,08.09.2026,03:00,120.65,45
2026-09-07 17:32:40,08.09.2026,06:35,120.65,31
2026-09-07 17:32:40,08.09.2026,10:10,120.65,59
2026-09-07 17:32:40,08.09.2026,23:50,120.65,58
2026-09-07 18:08:08,08.09.2026,03:00,120.65,45
2026-09-07 18:08:08,08.09.2026,06:35,120.65,30
2026-09-07 18:08:08,08.09.2026,10:10,120.65,58
2026-09-07 18:08:08,08.09.2026,23:50,120.65,58
2026-09-07 18:39:33,08.09.2026,03:00,120.65,45
2026-09-07 18:39:33,08.09.2026,06:35,120.65,30
2026-09-07 18:39:33,08.09.2026,10:10,120.65,57
2026-09-07 18:39:33,08.09.2026,23:50,120.65,60
2026-09-07 19:10:57,08.09.2026,03:00,120.65,44
2026-09-07 19:10:57,08.09.2026,06:35,120.65,30
2026-09-07 19:10:57,08.09.2026,10:10,120.65,57
2026-09-07 19:10:57,08.09.2026,23:50,120.65,60
2026-09-07 19:32:50,08.09.2026,03:00,120.65,44
2026-09-07 19:32:50,08.09.2026,06:35,120.65,30
2026-09-07 19:32:50,08.09.2026,10:10,120.65,56
2026-09-07 19:32:50,08.09.2026,23:50,120.65,60
2026-09-07 20:07:37,08.09.2026,03:00,120.65,44
2026-09-07 20:07:37,08.09.2026,06:35,120.65,29
2026-09-07 20:07:37,08.09.2026,10:10,120.65,55
2026-09-07 20:07:37,08.09.2026,23:50,120.65,58
2026-09-07 20:34:09,08.09.2026,03:00,120.65,44
2026-09-07 20:34:09,08.09.2026,06:35,120.65,29
2026-09-07 20:34:09,08.09.2026,10:10,120.65,55
2026-09-07 20:34:09,08.09.2026,23:50,120.65,55
2026-09-07 21:07:07,08.09.2026,03:00,120.65,44
2026-09-07 21:07:07,08.09.2026,06:35,120.65,29
2026-09-07 21:07:07,08.09.2026,10:10,120.65,55
2026-09-07 21:07:07,08.09.2026,23:50,120.65,55
2026-09-07 21:33:56,08.09.2026,03:00,120.65,44
2026-09-07 21:33:56,08.09.2026,06:35,120.65,29
2026-09-07 21:33:56,08.09.2026,10:10,120.65,55
2026-09-07 21:33:56,08.09.2026,23:50,120.65,54
2026-09-07 22:08:08,08.09.2026,03:00,120.65,44
2026-09-07 22:08:08,08.09.2026,06:35,120.65,29
2026-09-07 22:08:08,08.09.2026,10:10,120.65,53
2026-09-07 22:08:08,08.09.2026,23:50,120.65,54
2026-09-07 22:33:22,08.09.2026,03:00,120.65,44
2026-09-07 22:33:22,08.09.2026,06:35,120.65,29
2026-09-07 22:33:22,08.09.2026,10:10,120.65,53
2026-09-07 22:33:22,08.09.2026,23:50,120.65,54
2026-09-07 23:08:32,08.09.2026,03:00,120.65,44
2026-09-07 23:08:32,08.09.2026,06:35,120.65,29
2026-09-07 23:08:32,08.09.2026,10:10,120.65,53
2026-09-07 23:08:32,08.09.2026,23:50,120.65,54
2026-09-08 01:28:25,08.09.2026,06:35,120.65,29
2026-09-08 01:28:25,08.09.2026,10:10,120.65,53
2026-09-08 01:28:25,08.09.2026,23:50,120.65,52
2026-09-08 04:30:27,08.09.2026,06:35,120.65,29
2026-09-08 04:30:27,08.09.2026,10:10,120.65,53
2026-09-08 04:30:27,08.09.2026,23:50,120.65,51
2026-09-08 06:42:35,08.09.2026,10:10,120.65,53
2026-09-08 06:42:35,08.09.2026,23:50,120.65,51
2026-09-08 07:12:41,08.09.2026,10:10,120.65,53
2026-09-08 07:12:41,08.09.2026,23:50,120.65,51
2026-09-08 07:35:38,08.09.2026,10:10,120.65,53
2026-09-08 07:35:38,08.09.2026,23:50,120.65,51
2026-09-08 08:09:45,08.09.2026,10:10,120.65,53
2026-09-08 08:09:45,08.09.2026,23:50,120.65,48
2026-09-08 08:37:02,08.09.2026,23:50,120.65,48
2026-09-08 09:11:24,08.09.2026,23:50,120.65,48
2026-09-08 09:35:33,08.09.2026,23:50,120.65,48
2026-09-08 10:11:52,08.09.2026,23:50,120.65,42
2026-09-08 10:35:45,08.09.2026,23:50,120.65,44
2026-09-08 11:10:02,08.09.2026,23:50,120.65,46
2026-09-08 11:33:34,08.09.2026,23:50,120.65,43
2026-09-08 12:08:41,08.09.2026,23:50,120.65,43
2026-09-08 12:41:15,08.09.2026,23:50,120.65,43
2026-09-08 13:13:12,08.09.2026,23:50,120.65,43
2026-09-08 13:37:16,08.09.2026,23:50,120.65,43
2026-09-08 14:11:12,08.09.2026,23:50,120.65,43
2026-09-08 14:36:26,08.09.2026,23:50,120.65,42
2026-09-08 15:11:38,08.09.2026,23:50,120.65,42
2026-09-08 15:36:20,08.09.2026,23:50,120.65,42
2026-09-08 16:11:29,08.09.2026,23:50,120.65,40
2026-09-08 16:36:26,08.09.2026,23:50,120.65,39
2026-09-08 17:09:05,08.09.2026,23:50,120.65,37
2026-09-08 17:34:12,08.09.2026,23:50,120.65,34
2026-09-08 18:06:33,08.09.2026,23:50,120.65,32
2026-09-08 18:37:53,08.09.2026,23:50,120.65,34
2026-09-08 19:12:53,08.09.2026,23:50,120.65,33
2026-09-08 19:33:23,08.09.2026,23:50,120.65,28
2026-09-08 20:07:56,08.09.2026,23:50,120.65,24
2026-09-08 20:34:00,08.09.2026,23:50,120.65,24
2026-09-08 21:09:06,08.09.2026,23:50,120.65,26
2026-09-08 21:32:18,08.09.2026,23:50,120.65,26
